region,group,total,flagged,flagRatePct,food-claim-no-osm,organized-no-osm-no-source,osm-resort-not-claimed,parking-claim-no-osm-poi
east-macedonia-and-thrace-xanthi-mainland,mainland_thrace,3,1,33.3,0,0,1,0
south-aegean-kimolos,cyclades,17,2,11.8,0,0,2,0
attica-east-attica-mainland,attica,59,5,8.5,0,0,5,0
south-aegean-astypalaia,dodecanese,22,1,4.5,0,0,1,0
ionian-islands-paxos,ionian,25,1,4.0,0,0,1,0
peloponnese-korinthia-mainland,mainland_peloponnese,25,1,4.0,1,0,0,1
central-macedonia-halkidiki-mainland,mainland_macedonia,130,5,3.8,0,0,5,0
south-aegean-rhodes,dodecanese,61,2,3.3,0,0,2,0
west-greece-aetolia-acarnania-mainland,mainland_central,48,1,2.1,0,0,1,0
ionian-islands-kefalonia,ionian,77,1,1.3,0,0,1,0
crete-crete-chania,crete,88,1,1.1,0,0,1,0
attica-aegina,argosaronic,17,0,0.0,0,0,0,0
attica-agistri,argosaronic,6,0,0.0,0,0,0,0
attica-athens-area-mainland,attica,26,0,0.0,0,0,0,0
attica-hydra,argosaronic,8,0,0.0,0,0,0,0
attica-kythira,ionian,42,0,0.0,0,0,0,0
attica-methana,argosaronic,4,0,0.0,0,0,0,0
attica-piraeus-area,attica,5,0,0.0,0,0,0,0
attica-poros,argosaronic,11,0,0.0,0,0,0,0
attica-salamina,argosaronic,10,0,0.0,0,0,0,0
attica-spetses,argosaronic,12,0,0.0,0,0,0,0
attica-west-attica-mainland,attica,6,0,0.0,0,0,0,0
central-greece-evia,euboea,123,0,0.0,0,0,0,0
central-greece-fokida-mainland,mainland_central,20,0,0.0,0,0,0,0
central-greece-fthiotida-mainland,mainland_central,18,0,0.0,0,0,0,0
central-greece-skyros,sporades,21,0,0.0,0,0,0,0
central-greece-viotia-mainland,mainland_central,8,0,0.0,0,0,0,0
central-macedonia-pieria-mainland,mainland_macedonia,9,0,0.0,0,0,0,0
central-macedonia-thessaloniki-area,mainland_macedonia,16,0,0.0,0,0,0,0
crete-crete-heraklion,crete,53,0,0.0,0,0,0,0
crete-crete-lasithi,crete,60,0,0.0,0,0,0,0
crete-crete-rethymno,crete,47,0,0.0,0,0,0,0
crete-gavdos,crete,9,0,0.0,0,0,0,0
east-macedonia-and-thrace-evros-mainland,mainland_thrace,4,0,0.0,0,0,0,0
east-macedonia-and-thrace-kavala-mainland,mainland_macedonia,17,0,0.0,0,0,0,0
east-macedonia-and-thrace-rodopi-mainland,mainland_thrace,6,0,0.0,0,0,0,0
east-macedonia-and-thrace-samothraki,north_aegean,3,0,0.0,0,0,0,0
east-macedonia-and-thrace-thasos,mainland_thrace,58,0,0.0,0,0,0,0
epirus-arta-mainland,mainland_epirus,2,0,0.0,0,0,0,0
epirus-preveza-mainland,mainland_epirus,26,0,0.0,0,0,0,0
epirus-thesprotia-mainland,mainland_epirus,39,0,0.0,0,0,0,0
ionian-islands-antipaxos,ionian,14,0,0.0,0,0,0,0
ionian-islands-corfu,ionian,105,0,0.0,0,0,0,0
ionian-islands-erikoussa,ionian,2,0,0.0,0,0,0,0
ionian-islands-ithaca,ionian,25,0,0.0,0,0,0,0
ionian-islands-lefkada,ionian,33,0,0.0,0,0,0,0
ionian-islands-mathraki,ionian,1,0,0.0,0,0,0,0
ionian-islands-meganisi,ionian,8,0,0.0,0,0,0,0
ionian-islands-othonoi,ionian,3,0,0.0,0,0,0,0
ionian-islands-zakynthos,ionian,39,0,0.0,0,0,0,0
north-aegean-agios-efstratios,north_aegean,12,0,0.0,0,0,0,0
north-aegean-chios,north_aegean,36,0,0.0,0,0,0,0
north-aegean-fournoi,north_aegean,7,0,0.0,0,0,0,0
north-aegean-ikaria,north_aegean,19,0,0.0,0,0,0,0
north-aegean-lemnos,north_aegean,40,0,0.0,0,0,0,0
north-aegean-lesvos,north_aegean,60,0,0.0,0,0,0,0
north-aegean-oinousses,north_aegean,8,0,0.0,0,0,0,0
north-aegean-psara,north_aegean,6,0,0.0,0,0,0,0
north-aegean-samos,north_aegean,43,0,0.0,0,0,0,0
peloponnese-argolida-mainland,mainland_peloponnese,34,0,0.0,0,0,0,0
peloponnese-arkadia-mainland,mainland_peloponnese,16,0,0.0,0,0,0,0
peloponnese-lakonia-mainland,mainland_peloponnese,66,0,0.0,0,0,0,0
peloponnese-messinia-mainland,mainland_peloponnese,56,0,0.0,0,0,0,0
south-aegean-agathonisi,dodecanese,5,0,0.0,0,0,0,0
south-aegean-amorgos,cyclades,15,0,0.0,0,0,0,0
south-aegean-anafi,cyclades,15,0,0.0,0,0,0,0
south-aegean-andros,cyclades,41,0,0.0,0,0,0,0
south-aegean-antiparos,cyclades,12,0,0.0,0,0,0,0
south-aegean-arki,dodecanese,2,0,0.0,0,0,0,0
south-aegean-donousa,cyclades,4,0,0.0,0,0,0,0
south-aegean-folegandros,cyclades,16,0,0.0,0,0,0,0
south-aegean-halki,dodecanese,2,0,0.0,0,0,0,0
south-aegean-ios,cyclades,40,0,0.0,0,0,0,0
south-aegean-iraklia,cyclades,2,0,0.0,0,0,0,0
south-aegean-kalymnos,dodecanese,20,0,0.0,0,0,0,0
south-aegean-karpathos,dodecanese,45,0,0.0,0,0,0,0
south-aegean-kasos,dodecanese,5,0,0.0,0,0,0,0
south-aegean-kastellorizo,dodecanese,3,0,0.0,0,0,0,0
south-aegean-kea,cyclades,34,0,0.0,0,0,0,0
south-aegean-kos,dodecanese,38,0,0.0,0,0,0,0
south-aegean-koufonisia,cyclades,19,0,0.0,0,0,0,0
south-aegean-kythnos,cyclades,40,0,0.0,0,0,0,0
south-aegean-leros,dodecanese,10,0,0.0,0,0,0,0
south-aegean-lipsi,dodecanese,18,0,0.0,0,0,0,0
south-aegean-marathi,dodecanese,2,0,0.0,0,0,0,0
south-aegean-milos,cyclades,42,0,0.0,0,0,0,0
south-aegean-mykonos,cyclades,39,0,0.0,0,0,0,0
south-aegean-naxos,cyclades,39,0,0.0,0,0,0,0
south-aegean-nisyros,dodecanese,2,0,0.0,0,0,0,0
south-aegean-paros,cyclades,37,0,0.0,0,0,0,0
south-aegean-patmos,dodecanese,16,0,0.0,0,0,0,0
south-aegean-polyaigos,cyclades,4,0,0.0,0,0,0,0
south-aegean-pserimos,dodecanese,3,0,0.0,0,0,0,0
south-aegean-santorini,cyclades,13,0,0.0,0,0,0,0
south-aegean-schinoussa,cyclades,8,0,0.0,0,0,0,0
south-aegean-serifos,cyclades,25,0,0.0,0,0,0,0
south-aegean-sifnos,cyclades,20,0,0.0,0,0,0,0
south-aegean-sikinos,cyclades,5,0,0.0,0,0,0,0
south-aegean-symi,dodecanese,9,0,0.0,0,0,0,0
south-aegean-syros,cyclades,24,0,0.0,0,0,0,0
south-aegean-telendos,dodecanese,5,0,0.0,0,0,0,0
south-aegean-tilos,dodecanese,12,0,0.0,0,0,0,0
south-aegean-tinos,cyclades,40,0,0.0,0,0,0,0
thessaly-alonissos,sporades,39,0,0.0,0,0,0,0
thessaly-larissa-coast-agia---kissavos,mainland_thessaly,9,0,0.0,0,0,0,0
thessaly-magnesia-mainland---pelion,mainland_thessaly,56,0,0.0,0,0,0,0
thessaly-skiathos,sporades,33,0,0.0,0,0,0,0
thessaly-skopelos,sporades,22,0,0.0,0,0,0,0
west-greece-achaia-mainland,mainland_peloponnese,19,0,0.0,0,0,0,0
west-greece-ileia-mainland,mainland_central,16,0,0.0,0,0,0,0