field,count,percent
mapCoordinates.confidence,1,0
mapCoordinates.lat,1,0
mapCoordinates.lon,1,0
mapCoordinates.notes,1,0
mapCoordinates.source,1,0
mapCoordinates.sourceUrl,1,0
metadata.coordinatesNote,1,0
metadata.coordinatesSource,1,0
metadata.mapCoordinates.confidence,1,0
metadata.mapCoordinates.lat,1,0
metadata.mapCoordinates.lon,1,0
metadata.mapCoordinates.notes,1,0
metadata.mapCoordinates.source,1,0
metadata.mapCoordinates.sourceUrl,1,0
metadata.officialWarningOverride,1,0
metadata.officialWarningReason,1,0
metadata.environment.familyFriendly,2,0.1
metadata.environment.notes,2,0.1
metadata.environment.quiet,2,0.1
metadata.environment.remote,2,0.1
metadata.orientation.protectedFrom,4,0.1
metadata.paidEntry.notes,4,0.1
metadata.paidEntry.priceText,4,0.1
metadata.paidEntry.region,4,0.1
metadata.terrain.notes,4,0.1
orientation.protectedFrom,4,0.1
paidEntry.notes,4,0.1
paidEntry.priceText,4,0.1
paidEntry.region,4,0.1
metadata.paidEntry.match.officialNameEn,7,0.2
metadata.paidEntry.osmUrl,7,0.2
metadata.paidEntry.sourceUrls,5,0.2
paidEntry.match.officialNameEn,7,0.2
paidEntry.osmUrl,7,0.2
paidEntry.sourceUrls,5,0.2
metadata.paidEntry.confidence,11,0.4
metadata.paidEntry.kind,11,0.4
metadata.paidEntry.match.matchMethod,11,0.4
metadata.paidEntry.match.matchScore,11,0.4
metadata.paidEntry.match.officialNameGr,11,0.4
metadata.paidEntry.needsVerification,11,0.4
metadata.paidEntry.paid,11,0.4
metadata.paidEntry.source,11,0.4
metadata.paidEntry.verifiedAt,11,0.4
paidEntry.confidence,11,0.4
paidEntry.kind,11,0.4
paidEntry.match.matchMethod,11,0.4
paidEntry.match.matchScore,11,0.4
paidEntry.match.officialNameGr,11,0.4
paidEntry.needsVerification,11,0.4
paidEntry.paid,11,0.4
paidEntry.source,11,0.4
paidEntry.verifiedAt,11,0.4
surfMonths,10,0.4
metadata.confidenceBatch,27,0.9
metadata.seatrac.notes,27,0.9
metadata.access.roadSurfaceUnverified,40,1.4
metadata.googleMapsNavigation.reason,61,2.1
metadata.activities.snorkeling,69,2.4
metadata.activities.surfing,112,3.9
metadata.seatrac.amenities.accessibleWc,133,4.7
metadata.seatrac.amenities.boardwalkToWater,133,4.7
metadata.seatrac.amenities.changingRoom,133,4.7
metadata.seatrac.amenities.disabledParking,133,4.7
metadata.seatrac.amenities.shade,133,4.7
metadata.seatrac.amenities.shower,133,4.7
metadata.seatrac.confidence,133,4.7
metadata.seatrac.fullSet,133,4.7
metadata.seatrac.hasSeatrac,133,4.7
metadata.seatrac.match.matchMethod,133,4.7
metadata.seatrac.match.matchScore,133,4.7
metadata.seatrac.match.officialNameEn,133,4.7
metadata.seatrac.match.officialNameGr,133,4.7
metadata.seatrac.needsVerification,133,4.7
metadata.seatrac.region,133,4.7
metadata.seatrac.seasonal,133,4.7
metadata.seatrac.source,133,4.7
metadata.seatrac.sourceUrls,133,4.7
metadata.seatrac.status,133,4.7
metadata.seatrac.verifiedAt,133,4.7
metadata.verification_sources,135,4.7
metadata.needsVerification,163,5.7
metadata.blueFlag2026.awardCount,223,7.8
metadata.blueFlag2026.awarded,223,7.8
metadata.blueFlag2026.importedAt,223,7.8
metadata.blueFlag2026.officialEntries,223,7.8
metadata.blueFlag2026.source,223,7.8
metadata.blueFlag2026.sourceUrl,223,7.8
metadata.blueFlag2026.year,223,7.8
metadata.hasShower,268,9.4
metadata.showerEvidence.checkedAt,268,9.4
metadata.showerEvidence.count,268,9.4
metadata.showerEvidence.nearestMeters,268,9.4
metadata.showerEvidence.osm,268,9.4
metadata.showerEvidence.source,268,9.4
legacySlugs,396,13.9
metadata.nearbyCamping,407,14.3
nearbyCamping,407,14.3
metadata.aliases,414,14.5
metadata.popularity.rating,1938,67.9
popularity.rating,1938,67.9
metadata.googleMapsNavigation.placeId,1984,69.5
metadata.popularity.checkedAt,1983,69.5
metadata.popularity.ratingCount,1983,69.5
metadata.popularity.source,1983,69.5
metadata.popularity.tier,1983,69.5
popularity.checkedAt,1983,69.5
popularity.ratingCount,1983,69.5
popularity.source,1983,69.5
popularity.tier,1983,69.5
metadata.googleMapsNavigation.query,1986,69.6
metadata.amenities,2155,75.5
metadata.googleMapsNavigation.checkedAt,2312,81
metadata.googleMapsNavigation.method,2312,81
metadata.googleMapsNavigation.mode,2312,81
metadata.googleMapsNavigation.status,2312,81
metadata.waterDepth.label,2688,94.2
metadata.waterDepth.notes,2688,94.2
metadata.waterDepth.type,2688,94.2
staticLabels.waterDepth,2688,94.2
metadata.terrain.types,2742,96.1
metadata.orientation.confidence,2808,98.4
metadata.orientation.degrees,2808,98.4
metadata.orientation.faces,2808,98.4
metadata.orientation.notes,2808,98.4
orientation.confidence,2808,98.4
orientation.degrees,2808,98.4
orientation.faces,2808,98.4
orientation.notes,2808,98.4
metadata.sourceUrls,2844,99.6
accessibility,2854,100
accessNotes.de,2854,100
accessNotes.en,2854,100
accessNotes.fr,2854,100
accessNotes.gr,2854,100
accessNotes.it,2854,100
activities.snorkeling,2854,100
activities.surfing,2854,100
aliases,2854,100
amenities.beachBar,2854,100
amenities.naturalShade,2854,100
amenities.organized,2854,100
amenities.parking,2854,100
amenities.restaurant,2854,100
amenities.shower,2854,100
amenities.sunbeds,2854,100
amenities.taverna,2854,100
beachType,2854,100
characteristics.deepWaters,2854,100
characteristics.shallowWaters,2854,100
coordinates.lat,2854,100
coordinates.lon,2854,100
description.de,2854,100
description.en,2854,100
description.fr,2854,100
description.gr,2854,100
description.it,2854,100
detailedDescription.de,2854,100
detailedDescription.en,2854,100
detailedDescription.fr,2854,100
detailedDescription.gr,2854,100
detailedDescription.it,2854,100
environment.familyFriendly,2854,100
environment.quiet,2854,100
environment.remote,2854,100
id,2854,100
location.island,2854,100
location.region,2854,100
metadata.access.label,2854,100
metadata.access.notes,2854,100
metadata.access.type,2854,100
metadata.batch,2854,100
metadata.confidence,2854,100
metadata.language,2854,100
metadata.organized,2854,100
metadata.shade,2854,100
metadata.sourceNotes,2854,100
metadata.terrain.label,2854,100
name.de,2854,100
name.en,2854,100
name.fr,2854,100
name.gr,2854,100
name.it,2854,100
popularityScore,2854,100
protectedFrom,2854,100
rating,2854,100
shelteredFromLocalWind,2854,100
staticLabels.accessLabel,2854,100
staticLabels.accessType,2854,100
staticLabels.beachType,2854,100
staticLabels.terrain,2854,100
waterDepth,2854,100