beachId,region,beach,campsite,distance_m,website
13,"Attica","Α' Πλαζ Βούλας","Αυτοδιαχειριζόμενο Κάμπινγκ Βούλας",225,""
74,"Attica","Ασημάκη","Camping Bacchus",273,"https://www.campingbacchus.gr/"
144,"Attica","Καψάλι","Δημοτικό Κάμπινγκ Καψαλίου",241,"https://www.kythira.info/en/camping/"
146,"Attica","Καψάλι Πίσω Γιαλός","Δημοτικό Κάμπινγκ Καψαλίου",410,"https://www.kythira.info/en/camping/"
3005,"Attica","Κύθηρα Καψάλι","Δημοτικό Κάμπινγκ Καψαλίου",671,"https://www.kythira.info/en/camping/"
147,"Attica","Κυριακουλου","Δημοτικό Κάμπινγκ Καψαλίου",1559,"https://www.kythira.info/en/camping/"
22,"Attica","Λιμανάκια Βουλιαγμένης","Camping Βάρκιζας",841,""
23,"Attica","Λιμανάκια Βουλιαγμένης Γυμνιστών","Camping Βάρκιζας",713,""
20,"Attica","Λίμνη Βουλιαγμένης","Camping Βάρκιζας",1258,""
21,"Attica","Παναγίτσα η Δύτισσα","Camping Βάρκιζας",1198,""
12,"Attica","Παραλία Αστέρα Γλυφάδας","Αυτοδιαχειριζόμενο Κάμπινγκ Βούλας",652,""
16,"Attica","Παραλία Βάρκιζας","Camping Βάρκιζας",1807,""
9,"Attica","Παραλία Γλυφάδας Ακτή Β","Αυτοδιαχειριζόμενο Κάμπινγκ Βούλας",2231,""
10,"Attica","Παραλία Γλυφάδας Ακτή Γ","Αυτοδιαχειριζόμενο Κάμπινγκ Βούλας",1669,""
11,"Attica","Παραλία Γλυφάδας Ακτή Δ","Αυτοδιαχειριζόμενο Κάμπινγκ Βούλας",1026,""
33,"Attica","Παραλία Μαραθώνα","Octopus",2022,"http://ramnous.gr/"
145,"Attica","Παραλία Σπαραγγάριο","Δημοτικό Κάμπινγκ Καψαλίου",633,"https://www.kythira.info/en/camping/"
72,"Attica","Πασά","Camping Bacchus",517,"https://www.campingbacchus.gr/"
71,"Attica","Πούντα Ζέζα","Camping Bacchus",1434,"https://www.campingbacchus.gr/"
73,"Attica","Τσίου","Camping Bacchus",938,"https://www.campingbacchus.gr/"
19,"Attica","Astir Beach / Αστέρας Βουλιαγμένης","Camping Βάρκιζας",2342,""
202,"Central Greece","Αγκάλη","Club Resort Agia Anna",756,"https://www.clubagiaanna.gr/"
338,"Central Greece","Ακτή Βραχάκια","Ayannis",326,""
269,"Central Greece","Παραλία Δάφνης","Overland Greece Lodge",1132,"http://OverlandGreece.com"
297,"Central Greece","Σαρακήνικο Αγίας Άννας","Club Resort Agia Anna",2481,"https://www.clubagiaanna.gr/"
309,"Central Greece","Τσοκαΐτι","Camping Lola",440,"http://www.campinglola.gr/"
3007,"Central Macedonia","Αμμουλιανή","Αλυκές",1564,"https://alikescamping.com"
516,"Central Macedonia","ΚΑΑΥ Ασπροβάλτας","Κάμπινγκ Ασπροβάλτας",613,""
456,"Central Macedonia","Λευκή Παραλία","Camping Rea",2038,""
456,"Central Macedonia","Λευκή Παραλία","Camping Rea",2049,""
520,"Central Macedonia","Ναυάγιο Επανομής","Ακτή Ρετζίκα",368,"https://retzikas.gr"
512,"Central Macedonia","Παραλία Αγγελοχωρίου","Ακτή Ρετζίκα",153,"https://retzikas.gr"
491,"Central Macedonia","Παραλία Αζάπικο","ΚΑΜΠΙΝΓΚ ΙΖΑ",2199,"https://www.iza.gr"
500,"Central Macedonia","Παραλία Αλυκές","Αλυκές",193,"https://alikescamping.com"
501,"Central Macedonia","Παραλία Αρετές","ΚΑΜΠΙΝΓΚ ΙΖΑ",1256,"https://www.iza.gr"
501,"Central Macedonia","Παραλία Αρετές","Anamour",1791,""
476,"Central Macedonia","Παραλία Αρμενιστής","Αρμενιστής",177,"https://www.armenistis.gr"
476,"Central Macedonia","Παραλία Αρμενιστής","Ακτή ονείρου Camping-Bungalows",1867,"https://www.aktioneirou.gr/"
486,"Central Macedonia","Παραλία Γαλήνη","Camping Rea",2373,""
486,"Central Macedonia","Παραλία Γαλήνη","Camping Rea",2441,""
428,"Central Macedonia","Παραλία Ιερισσού","Camping Delphini",420,""
428,"Central Macedonia","Παραλία Ιερισσού","Camping Ierissos",1887,"https://www.axtada.gr/"
464,"Central Macedonia","Παραλία Λιβάρι","Camping Rea",827,""
464,"Central Macedonia","Παραλία Λιβάρι","Camping Rea",887,""
494,"Central Macedonia","Παραλία Μπανάνα","Ακτή ονείρου Camping-Bungalows",1805,"https://www.aktioneirou.gr/"
458,"Central Macedonia","Παραλία Νέας Ηράκλειας - Sahara","Aigeas Camping",2206,""
459,"Central Macedonia","Παραλία Νέας Καλλικράτειας","Aigeas Camping",1826,""
402,"Central Macedonia","Παραλία Νέας Ποτίδαιας","Ouzouni",419,"https://www.ouzounibeach.gr/"
381,"Central Macedonia","Παραλία Πευκοχωρίου","Kryopigi camping",1929,""
477,"Central Macedonia","Παραλία Ποσείδι","Ο Καλός Ποιμήν",1043,"https://www.imnst.gr/"
525,"Central Macedonia","Παραλία Σερραϊκή Ακτή","Κάμπινγκ Ασπροβάλτας",1492,""
467,"Central Macedonia","Παραλία Τορώνης","Anamour",1693,""
467,"Central Macedonia","Παραλία Τορώνης","ΚΑΜΠΙΝΓΚ ΙΖΑ",2132,"https://www.iza.gr"
468,"Central Macedonia","Παραλία Τριστινίκα","Anamour",256,""
468,"Central Macedonia","Παραλία Τριστινίκα","ΚΑΜΠΙΝΓΚ ΙΖΑ",809,"https://www.iza.gr"
483,"Central Macedonia","Παραλία Φτερωτή","Camping Rea",188,""
483,"Central Macedonia","Παραλία Φτερωτή","Camping Rea",248,""
378,"Central Macedonia","Achlada","Πλατανίτσι",1851,"https://platanitsi.gr/en/home/"
379,"Central Macedonia","Agios Georgios","Αλυκές",2085,"https://alikescamping.com"
382,"Central Macedonia","Agridia","Katerina",1438,""
382,"Central Macedonia","Agridia","Κάμπινγκ ΠΙΤΣΩΝΗ",2143,"https://www.camping-pitsoni.gr"
382,"Central Macedonia","Agridia","Κάμπινγκ Μελίσση",2244,"https://www.camping-melissi.gr"
386,"Central Macedonia","Blue Dream","Blue Dream Camping (Sena)",256,""
388,"Central Macedonia","Castello","Castello Camping",106,"https://camping-castello.gr/"
390,"Central Macedonia","Diaporti","Areti",1089,"https://www.areti-campingandbungalows.gr"
391,"Central Macedonia","Dimotiki Plaz 1","Camping Ierissos",279,"https://www.axtada.gr/"
391,"Central Macedonia","Dimotiki Plaz 1","Camping Delphini",2425,""
392,"Central Macedonia","Dimotiki Plaz 2","Camping Ierissos",204,"https://www.axtada.gr/"
392,"Central Macedonia","Dimotiki Plaz 2","Camping Delphini",1955,""
393,"Central Macedonia","Dimotiki Plaz 3","Camping Ierissos",650,"https://www.axtada.gr/"
393,"Central Macedonia","Dimotiki Plaz 3","Camping Delphini",1507,""
396,"Central Macedonia","Goa","Katerina",2310,""
398,"Central Macedonia","Griavas","Katerina",87,""
398,"Central Macedonia","Griavas","Κάμπινγκ ΠΙΤΣΩΝΗ",699,"https://www.camping-pitsoni.gr"
398,"Central Macedonia","Griavas","Κάμπινγκ Μελίσση",797,"https://www.camping-melissi.gr"
403,"Central Macedonia","Kakoudia","Camping Ierissos",1289,"https://www.axtada.gr/"
404,"Central Macedonia","Kalamitsi","Camping Porto",144,""
404,"Central Macedonia","Kalamitsi","Καλαμίτσι",271,"https://www.tsitreli.gr"
404,"Central Macedonia","Kalamitsi","Καλαμίτσι",525,"https://www.thalattacamp.gr/en"
406,"Central Macedonia","Kalopigado","Αλυκές",457,"https://alikescamping.com"
407,"Central Macedonia","Karagatsia","Αλυκές",1789,"https://alikescamping.com"
409,"Central Macedonia","Kavourotrypes","Πλατανίτσι",1120,"https://platanitsi.gr/en/home/"
411,"Central Macedonia","Klimataria","Paradisos",1142,""
411,"Central Macedonia","Klimataria","Katerina",2468,""
412,"Central Macedonia","Komitsa","Κομίτσα",487,"https://www.camping-comitsa.gr/"
413,"Central Macedonia","Kristina","Paradisos",128,""
414,"Central Macedonia","Kryfos Paradeisos","ΚΑΜΠΙΝΓΚ ΙΖΑ",1071,"https://www.iza.gr"
414,"Central Macedonia","Kryfos Paradeisos","Anamour",1648,""
415,"Central Macedonia","Lagomandra","Castello Camping",1864,"https://camping-castello.gr/"
416,"Central Macedonia","Lagoon","Ouzouni",1266,"https://www.ouzounibeach.gr/"
418,"Central Macedonia","Likithos","Areti",1080,"https://www.areti-campingandbungalows.gr"
419,"Central Macedonia","Limanaki","Αλυκές",1199,"https://alikescamping.com"
420,"Central Macedonia","Limani","Αλυκές",766,"https://alikescamping.com"
421,"Central Macedonia","Linaraki","Κάμπινγκ Μελίσση",1322,"https://www.camping-melissi.gr"
421,"Central Macedonia","Linaraki","Κάμπινγκ ΠΙΤΣΩΝΗ",1427,"https://www.camping-pitsoni.gr"
421,"Central Macedonia","Linaraki","Katerina",1724,""
429,"Central Macedonia","Myti","Ο Καλός Ποιμήν",1002,"https://www.imnst.gr/"
430,"Central Macedonia","Oneiro","Ακτή ονείρου Camping-Bungalows",91,"https://www.aktioneirou.gr/"
430,"Central Macedonia","Oneiro","Αρμενιστής",1813,"https://www.armenistis.gr"
431,"Central Macedonia","Ouranoupoli","Ouranoupoli",797,"https://www.camping-ouranopoli.gr"
507,"Central Macedonia","Panteleimonas","Heraklia Beach Camping & Apartments",252,"https://www.heraklia.gr/"
507,"Central Macedonia","Panteleimonas","Poseidon Beach",279,"http://www.poseidonbeach.net/"
507,"Central Macedonia","Panteleimonas","Castle",397,"https://www.castlecamping.gr/"
432,"Central Macedonia","Paradisos","Κάμπινγκ Μαρμαρά",569,"https://marmarascamping.gr"
433,"Central Macedonia","Paralia Valti","Katerina",765,""
433,"Central Macedonia","Paralia Valti","Κάμπινγκ ΠΙΤΣΩΝΗ",1428,"https://www.camping-pitsoni.gr"
433,"Central Macedonia","Paralia Valti","Κάμπινγκ Μελίσση",1510,"https://www.camping-melissi.gr"
437,"Central Macedonia","Platanitsi","Πλατανίτσι",367,"https://platanitsi.gr/en/home/"
442,"Central Macedonia","Sani Hill","Blue Dream Camping (Sena)",805,""
510,"Central Macedonia","Skotina","Camping Orpheus",496,""
510,"Central Macedonia","Skotina","Arion",962,"https://www.camping-arion.gr/"
510,"Central Macedonia","Skotina","Poseidon Beach",1210,"http://www.poseidonbeach.net/"
445,"Central Macedonia","Sykia","Κάμπινγκ Μελίσση",535,"https://www.camping-melissi.gr"
445,"Central Macedonia","Sykia","Κάμπινγκ ΠΙΤΣΩΝΗ",636,"https://www.camping-pitsoni.gr"
445,"Central Macedonia","Sykia","Katerina",1053,""
446,"Central Macedonia","Tigania","Paradisos",796,""
448,"Central Macedonia","Tourkolimnionas","Κάμπινγκ Μελίσση",1676,"https://www.camping-melissi.gr"
448,"Central Macedonia","Tourkolimnionas","Κάμπινγκ ΠΙΤΣΩΝΗ",1739,"https://www.camping-pitsoni.gr"
448,"Central Macedonia","Tourkolimnionas","Katerina",1761,""
450,"Central Macedonia","Tsaska","Αλυκές",2022,"https://alikescamping.com"
454,"Central Macedonia","Voulitsa","Κομίτσα",2146,"https://www.camping-comitsa.gr/"
3019,"Crete","Αγία Γαλήνη","Camping No Problem",636,""
727,"Crete","Αυλάκι","Camping Sissi",1985,""
530,"Crete","Γιαλισκάρι","Camping Paleochora",2449,"https://campingpaleochora.gr"
642,"Crete","Γούβες","Creta Camping",1682,"https://www.cretacamping.com/"
678,"Crete","Δαμνόνι","Camping Apollonia",2120,""
741,"Crete","Κάκκος","Camping Koutsou",1712,""
531,"Crete","Καλαμάκι","Camping Hania",1447,""
679,"Crete","Καλυψώ","Camping Apollonia",1816,""
624,"Crete","Κόκκινη Άμμος","Matala Camping",985,""
625,"Crete","Κομμός","Matala Camping",2366,""
626,"Crete","Μάταλα","Matala Camping",220,""
542,"Crete","Μέθεξις","Camping Paleochora",1533,""
542,"Crete","Μέθεξις","Camping Paleochora",1631,"https://campingpaleochora.gr"
688,"Crete","Μικρό Αμμούδι","Camping Apollonia",2479,""
758,"Crete","Μπούφος","Camping Sissi",1815,""
544,"Crete","Νέα Χώρα","Camping Hania",1914,""
689,"Crete","Παλίγκρεμνος","Camping Apollonia",882,""
548,"Crete","Παραλία Αγίων Αποστόλων","Camping Hania",320,""
561,"Crete","Παραλία Πλακάκι","Grammeno Camping",1045,"https://grammenocamping.gr"
697,"Crete","Παραλία Ρεθύμνου","Camping Elizabeth",1087,"https://www.camping-elizabeth.net/home"
566,"Crete","Παραλία Τροχαλού","Grammeno Camping",2042,"https://grammenocamping.gr"
570,"Crete","Παραλία Ψηλός Βόλακας","Grammeno Camping",2319,"https://grammenocamping.gr"
572,"Crete","Παχιά Άμμος","Camping Paleochora",1508,""
572,"Crete","Παχιά Άμμος","Camping Paleochora",1619,"https://campingpaleochora.gr"
700,"Crete","Πλακιάς","Camping Apollonia",593,""
647,"Crete","Ποταμός Μαλίας","Camping Sissi",2166,""
705,"Crete","Σκίνος","Camping Apollonia",1007,""
582,"Crete","Τραχήλι","Grammeno Camping",361,"https://grammenocamping.gr"
584,"Crete","Χαλίκια","Camping Paleochora",626,""
584,"Crete","Χαλίκια","Camping Paleochora",734,"https://campingpaleochora.gr"
588,"Crete","Alonaki","Grammeno Camping",293,"https://grammenocamping.gr"
589,"Crete","Ammos","Grammeno Camping",208,"https://grammenocamping.gr"
590,"Crete","Aptera","Camping Hania",818,""
594,"Crete","Chrysi Akti","Camping Hania",518,""
599,"Crete","Grammeno","Grammeno Camping",180,"https://grammenocamping.gr"
773,"Crete","Palm Bay Beach","Camping Sissi",1027,""
607,"Crete","Platanakia","Sunset",526,""
802,"East Macedonia and Thrace","Άγιος Αντώνιος","Camping Pefkari Beach",1508,"https://www.camping-pefkari.gr/"
806,"East Macedonia and Thrace","Αλεξάντρα","Camping Pefkari Beach",116,"https://www.camping-pefkari.gr/"
836,"East Macedonia and Thrace","Βάθη","Golden Beach Campsite",2234,"https://www.thassoscamping.gr/camping/xrisi-ammoudia/"
840,"East Macedonia and Thrace","Δασύλλιο","camping prinos",361,""
840,"East Macedonia and Thrace","Δασύλλιο","For Nature Lovers",2055,"https://fornaturelovers.gr/"
3034,"East Macedonia and Thrace","Κομοτηνή Παραλία Κρυονερίου Μαρώνεια","Крионери Къмпинг",944,""
3035,"East Macedonia and Thrace","Κομοτηνή Φανάρι Αρωγή","Δημοτικό Κάμπινγκ",2325,""
815,"East Macedonia and Thrace","Μεταλλεία","Camping Pefkari Beach",1775,"https://www.camping-pefkari.gr/"
816,"East Macedonia and Thrace","Μικρή παραλία","Camping Pefkari Beach",955,"https://www.camping-pefkari.gr/"
788,"East Macedonia and Thrace","Μπάτης","Batis",134,"https://www.batis-sa.gr/"
789,"East Macedonia and Thrace","Νέα Καρβάλη","Camping Alexandros",378,"https://www.campingalexandros.com"
835,"East Macedonia and Thrace","Όρμος Αγίου Ιωάννου","Golden Beach Campsite",1664,"https://www.thassoscamping.gr/camping/xrisi-ammoudia/"
778,"East Macedonia and Thrace","Παραλία Αλεξανδρούπολης","Alexandroupoli Municipal Camping",1485,"https://www.tieda.gr/en/"
785,"East Macedonia and Thrace","Παραλία Καβάλας","Paradiso",172,"https://www.paradisokavala.gr/"
792,"East Macedonia and Thrace","Παραλία Καλαμίτσας","Batis",859,"https://www.batis-sa.gr/"
793,"East Macedonia and Thrace","Παραλία Οφρυνίου","Communal Orfanou",1113,""
819,"East Macedonia and Thrace","Πευκάρι","Camping Pefkari Beach",373,"https://www.camping-pefkari.gr/"
849,"East Macedonia and Thrace","Πόρτο Βαθύ","Golden Beach Campsite",2417,"https://www.thassoscamping.gr/camping/xrisi-ammoudia/"
821,"East Macedonia and Thrace","Ποτός","Camping Pefkari Beach",989,"https://www.camping-pefkari.gr/"
794,"East Macedonia and Thrace","Ρέμβη","Paradiso",892,"https://www.paradisokavala.gr/"
852,"East Macedonia and Thrace","Σκάλα Πρίνου","camping prinos",179,""
853,"East Macedonia and Thrace","Σκάλα Ραχώνι","For Nature Lovers",2164,"https://fornaturelovers.gr/"
854,"East Macedonia and Thrace","Σκάλα Σωτήρος","Κάμπινγκ Δαίδαλος",1193,""
782,"East Macedonia and Thrace","Τόσκα","Batis",1203,"https://www.batis-sa.gr/"
856,"East Macedonia and Thrace","Χρυσή Ακτή","Golden Beach Campsite",666,"https://www.thassoscamping.gr/camping/xrisi-ammoudia/"
857,"East Macedonia and Thrace","Χρυσή Αμμουδιά","Golden Beach Campsite",607,"https://www.thassoscamping.gr/camping/xrisi-ammoudia/"
796,"East Macedonia and Thrace","Ψάθα","Paradiso",1348,"https://www.paradisokavala.gr/"
830,"East Macedonia and Thrace","Blue Lake","For Nature Lovers",1536,"https://fornaturelovers.gr/"
831,"East Macedonia and Thrace","Hara","For Nature Lovers",333,"https://fornaturelovers.gr/"
831,"East Macedonia and Thrace","Hara","camping prinos",2464,""
832,"East Macedonia and Thrace","Ilio Mare","camping prinos",734,""
832,"East Macedonia and Thrace","Ilio Mare","Κάμπινγκ Δαίδαλος",2162,""
888,"Epirus","Αγία Παρασκευή","Camping Sofas",1199,"https://www.campingsofas.gr/"
889,"Epirus","Αγκάλη","Camping Sofas",809,"https://www.campingsofas.gr/"
898,"Epirus","Καμίνι","Camping Sofas",674,"https://www.campingsofas.gr/"
868,"Epirus","Κρυονέρι","Valtos Camping",1308,"https://valtoscamping.gr/"
901,"Epirus","Μέγα Ντράφι","Camping Sofas",2067,"https://www.campingsofas.gr/"
903,"Epirus","Μικρό Ντράφι","Camping Sofas",1916,"https://www.campingsofas.gr/"
870,"Epirus","Μονολίθι","Camping Burano",1982,""
870,"Epirus","Μονολίθι","Camping Monolithi",2245,"https://www.campingmonolithi.gr/"
874,"Epirus","Παραλία Βάλτου","Valtos Camping",374,"https://valtoscamping.gr/"
910,"Epirus","Παραλία Γαλάζιος Κόλπος","Ναυτίλος",578,"https://nautiloscamping.gr/"
910,"Epirus","Παραλία Γαλάζιος Κόλπος","Plataria",1829,""
910,"Epirus","Παραλία Γαλάζιος Κόλπος","Elenas Beach",1963,"https://campingelena.gr"
909,"Epirus","Παραλία Γάτα","Camping Kalami Beach",615,"https://www.campingkalamibeach.gr/"
911,"Epirus","Παραλία Δρέπανο","Camping Drepanos",484,"https://www.drepano.gr/"
908,"Epirus","Παραλία Έλενα","Elenas Beach",117,"https://campingelena.gr"
908,"Epirus","Παραλία Έλενα","Ναυτίλος",1737,"https://nautiloscamping.gr/"
908,"Epirus","Παραλία Έλενα","Camperstop Plataria Beach",1798,""
912,"Epirus","Παραλία Ελιά","Camping Kalami Beach",820,"https://www.campingkalamibeach.gr/"
912,"Epirus","Παραλία Ελιά","Elenas Beach",1562,"https://campingelena.gr"
913,"Epirus","Παραλία Καλάμι","Camping Kalami Beach",62,"https://www.campingkalamibeach.gr/"
913,"Epirus","Παραλία Καλάμι","Elenas Beach",2341,"https://campingelena.gr"
863,"Epirus","Παραλία Καναλίου","Camping Burano",2396,""
882,"Epirus","Παραλία Καστροσυκιάς","Αστερίας",2440,"https://campingasterias.gr"
914,"Epirus","Παραλία Κατσονήσι","Camping Sofas",780,"https://www.campingsofas.gr/"
915,"Epirus","Παραλία Κόκκινος Βράχος","Elenas Beach",947,"https://campingelena.gr"
915,"Epirus","Παραλία Κόκκινος Βράχος","Camping Kalami Beach",1458,"https://www.campingkalamibeach.gr/"
915,"Epirus","Παραλία Κόκκινος Βράχος","Ναυτίλος",2325,"https://nautiloscamping.gr/"
875,"Epirus","Παραλία Λύχνος","Enjoy Lichnos",265,"https://www.enjoy-lichnos.net"
918,"Epirus","Παραλία Ναυτίλος","Ναυτίλος",247,"https://nautiloscamping.gr/"
918,"Epirus","Παραλία Ναυτίλος","Plataria",1472,""
918,"Epirus","Παραλία Ναυτίλος","Camperstop Plataria Beach",1630,""
919,"Epirus","Παραλία Πλαταριάς","Camperstop Plataria Beach",398,""
919,"Epirus","Παραλία Πλαταριάς","Plataria",676,""
919,"Epirus","Παραλία Πλαταριάς","Ναυτίλος",1645,"https://nautiloscamping.gr/"
883,"Epirus","Παραλία Ριζών","Corali",292,"https://www.camping-corali.eu"
883,"Epirus","Παραλία Ριζών","Acrogiali",414,"http://www.camping-acrogiali.com"
925,"Epirus","Παραλία Σαγιάδας","Κάμπινγκ: Παραλία Σαγιάδας",78,""
907,"Epirus","Παραλία Plataria Beach Hotel","Elenas Beach",138,"https://campingelena.gr"
907,"Epirus","Παραλία Plataria Beach Hotel","Ναυτίλος",1776,"https://nautiloscamping.gr/"
907,"Epirus","Παραλία Plataria Beach Hotel","Camperstop Plataria Beach",1980,""
871,"Epirus","Πίσω Κρυονέρι","Valtos Camping",1570,"https://valtoscamping.gr/"
871,"Epirus","Πίσω Κρυονέρι","Enjoy Lichnos",2359,"https://www.enjoy-lichnos.net"
922,"Epirus","Σοφάς","Camping Sofas",87,"https://www.campingsofas.gr/"
862,"Epirus","Artolithia Beach","Corali",2342,"https://www.camping-corali.eu"
862,"Epirus","Artolithia Beach","Acrogiali",2473,"http://www.camping-acrogiali.com"
926,"Epirus","Keramidi Beach","Κάμπινγκ: Παραλία Σαγιάδας",2318,""
1147,"Ionian Islands","Αβάλι","Kathisma",1916,"https://www.camping-kathisma.gr/"
1184,"Ionian Islands","Αμπούλα","Camping Zante",286,""
1022,"Ionian Islands","Αυτιά Γαϊδάρου","Camping Mongonisi",1129,""
1155,"Ionian Islands","Βασιλική","Vasiliki Beach Camping",477,"https://campingvassilikibeach.com"
1156,"Ionian Islands","Γάϊδαρος","Kathisma",1072,"https://www.camping-kathisma.gr/"
1024,"Ionian Islands","Γιάννας","Camping Mongonisi",2034,""
3013,"Ionian Islands","Γουβιά","Dionysus Camping Village",1255,"http://dionysuscamping.gr"
1140,"Ionian Islands","Δεσίμι","Santa Mavra",190,"https://www.campingsantamavra.com"
1140,"Ionian Islands","Δεσίμι","Dessimi Beach",212,"http://www.campingdesimi.com"
1026,"Ionian Islands","Δεύτερη Σπιάντζα","Camping Mongonisi",1725,""
961,"Ionian Islands","Ηλιόδωρος","Camping Paleokastritsa",2323,"https://campingpaleokastritsa.com/"
1160,"Ionian Islands","Κάθισμα","Kathisma",606,"https://www.camping-kathisma.gr/"
1095,"Ionian Islands","Καλάμια","Camping Argostoli",2234,"https://www.camping-argostoli.gr/"
1141,"Ionian Islands","Καμάρι","Dessimi Beach",2042,"http://www.campingdesimi.com"
1141,"Ionian Islands","Καμάρι","Santa Mavra",2178,"https://www.campingsantamavra.com"
1203,"Ionian Islands","Καμαρωτή","Tartaruga Camping",330,"https://www.tartaruga-camping.com/"
965,"Ionian Islands","Κανάλι του Έρωτα","Dolphin Camping",2415,"http://www.dolphin-camping.gr/"
1098,"Ionian Islands","Καραβόμυλος","Camping Karavomilos Beach",106,"https://www.camping-karavomilos.gr/"
971,"Ionian Islands","Κόλιας","Camping Paleokastritsa",2110,"https://campingpaleokastritsa.com/"
1145,"Ionian Islands","Λίμνη / Στροφή","Camping Village Episkopos",1802,""
1145,"Ionian Islands","Λίμνη / Στροφή","Camping Kariotes Beach",2181,"https://www.campingkariotes.gr/"
1166,"Ionian Islands","Μικρός Γιαλός","Poros Beach",168,"https://porosbeach.com.gr/room/camping/"
1036,"Ionian Islands","Μπάλος","Camping Mongonisi",798,""
1167,"Ionian Islands","Μύλος","Kathisma",1232,"https://www.camping-kathisma.gr/"
1143,"Ionian Islands","Νότια Παραλία Νικιάνας","Camping Village Episkopos",1287,""
1038,"Ionian Islands","Οζιάς","Camping Mongonisi",331,""
3014,"Ionian Islands","Παλαιοκαστρίτσα","Camping Paleokastritsa",1151,"https://campingpaleokastritsa.com/"
980,"Ionian Islands","Παραλία Άγιος Νικόλαος","Dionysus Camping Village",1043,"http://dionysuscamping.gr"
980,"Ionian Islands","Παραλία Άγιος Νικόλαος","Karda Beach",1463,""
981,"Ionian Islands","Παραλία Άγιος Σπυρίδωνας","Camping Paleokastritsa",1968,"https://campingpaleokastritsa.com/"
984,"Ionian Islands","Παραλία Αμπελάκι","Camping Paleokastritsa",2163,"https://campingpaleokastritsa.com/"
986,"Ionian Islands","Παραλία Αχαράβης","Roda Beach",2448,""
1210,"Ionian Islands","Παραλία Κεριού","Tartaruga Camping",1526,"https://www.tartaruga-camping.com/"
991,"Ionian Islands","Παραλία Κληματιά","Camping Paleokastritsa",1177,"https://campingpaleokastritsa.com/"
1121,"Ionian Islands","Παραλία Κόλπος Κορμοράνων","Camping Argostoli",230,"https://www.camping-argostoli.gr/"
992,"Ionian Islands","Παραλία Κοντοκαλίου","Dionysus Camping Village",2128,"http://dionysuscamping.gr"
995,"Ionian Islands","Παραλία Λιαπάδων","Camping Paleokastritsa",505,"https://campingpaleokastritsa.com/"
993,"Ionian Islands","Παραλία Λίμνη","Camping Paleokastritsa",1272,"https://campingpaleokastritsa.com/"
1142,"Ionian Islands","Παραλία Νικιάνας","Camping Village Episkopos",1971,""
1001,"Ionian Islands","Παραλία Ρόδας","Roda Beach",850,""
1009,"Ionian Islands","Παραλία Σιδάρι","Dolphin Camping",1686,"http://www.dolphin-camping.gr/"
1014,"Ionian Islands","Ροβινιά","Camping Paleokastritsa",735,"https://campingpaleokastritsa.com/"
1041,"Ionian Islands","Σουλάνενα","Camping Mongonisi",1266,""
1196,"Ionian Islands","Τσιλιβί","Camping Zante",2124,""
927,"Ionian Islands","Acquasanta Beach","Roda Beach",2451,""
928,"Ionian Islands","Agias Triades Beach","Camping Paleokastritsa",965,"https://campingpaleokastritsa.com/"
930,"Ionian Islands","Alipa beach","Camping Paleokastritsa",1627,"https://campingpaleokastritsa.com/"
1139,"Ionian Islands","Breath of Zorbas beach","Camping Village Episkopos",1855,""
935,"Ionian Islands","Dafnila Beach","Dionysus Camping Village",806,"http://dionysuscamping.gr"
935,"Ionian Islands","Dafnila Beach","Karda Beach",1868,""
936,"Ionian Islands","Dassia Beach","Karda Beach",497,""
936,"Ionian Islands","Dassia Beach","Dionysus Camping Village",1981,"http://dionysuscamping.gr"
1018,"Ionian Islands","Mongonisi","Camping Mongonisi",24,""
951,"Ionian Islands","Robolla Beach","Roda Beach",1279,""
1297,"North Aegean","Κάμπος","Ikaria Camping",1377,"https://www.ikariacamping.gr/en/"
1342,"North Aegean","Λιμαντζίκι","Molivos Camping (CLOSED)",1229,""
1347,"North Aegean","Μόλυβος","Molivos Camping (CLOSED)",1702,""
1320,"North Aegean","Παραλία Γυμνιστών Μολύβου","Molivos Camping (CLOSED)",2353,""
1305,"North Aegean","Παρθένι","Ikaria Camping",1081,"https://www.ikariacamping.gr/en/"
1369,"North Aegean","Τσιπούρια","Molivos Camping (CLOSED)",742,""
1311,"North Aegean","Φύτεμα","Ikaria Camping",2140,"https://www.ikariacamping.gr/en/"
1603,"Peloponnese","Αγία Τριάδα","Koroni Camping",1693,"https://www.koronicamping.com"
1472,"Peloponnese","Ανεπίσημη Γυμνιστική Παραλία","Lefka Beach",1913,"https://camping-lefka.gr/"
1549,"Peloponnese","Ανεπίσημη Γυμνιστική Παραλία","Camping Dias",412,"https://www.campingdias.gr/"
1549,"Peloponnese","Ανεπίσημη Γυμνιστική Παραλία","Camping Kronos",711,"https://www.facebook.com/pages/Kronos-Camping/243391402345372"
1549,"Peloponnese","Ανεπίσημη Γυμνιστική Παραλία","Mani beach",2018,"https://mani-beach.gr/"
1607,"Peloponnese","Αρτακι","Koroni Camping",300,"https://www.koronicamping.com"
1507,"Peloponnese","Ατσίγγανος","Camping Astros",1058,"https://www.astroscamping.com/"
1551,"Peloponnese","Βαθύ","Camping Kronos",451,"https://www.facebook.com/pages/Kronos-Camping/243391402345372"
1551,"Peloponnese","Βαθύ","Camping Dias",461,"https://www.campingdias.gr/"
1496,"Peloponnese","Βιβάρι","Lefka Beach",1103,"https://camping-lefka.gr/"
1496,"Peloponnese","Βιβάρι","Argolic Strand",2441,"https://www.argolic-strand.gr/"
1498,"Peloponnese","Γιαλάσι","Camping Verdelis",112,""
1498,"Peloponnese","Γιαλάσι","Verdelis",140,"http://www.campingverdelis.gr"
1498,"Peloponnese","Γιαλάσι","Bekas Beach",179,"https://bekas.gr"
1474,"Peloponnese","Γκλιάτη","Νικόλας I",533,"https://mouria.gr/en/nicolas-i/"
1474,"Peloponnese","Γκλιάτη","Camping Verdelis",681,""
1474,"Peloponnese","Γκλιάτη","Verdelis",709,"http://www.campingverdelis.gr"
1612,"Peloponnese","Γλυφάδα","Camping Tsapi",1736,"https://www.campingtsapi.gr/"
1614,"Peloponnese","Διβάρι","Camping Erodios",1532,"https://www.erodioss.gr/"
1615,"Peloponnese","Ζάγκα","Koroni Camping",977,"https://www.koronicamping.com"
1497,"Peloponnese","Ίρια","Κάμπιγκ Ποσειδών",102,"https://www.posidoncamping.gr"
1497,"Peloponnese","Ίρια","Iria Beach Camping",890,"https://www.iriabeach.com/"
1497,"Peloponnese","Ίρια","Camping Scala",1896,"http://www.scalacamping.gr"
1475,"Peloponnese","Καλαμάκι","Νικόλας I",1366,"https://mouria.gr/en/nicolas-i/"
1617,"Peloponnese","Καλογριά","Camping Kalogria",175,"https://www.campingkalogria.gr"
1559,"Peloponnese","Καμάρες","Camping Kronos",2294,"https://www.facebook.com/pages/Kronos-Camping/243391402345372"
1618,"Peloponnese","Καντούνι","Loutsa camping",990,"https://www.loutsacamping.gr/"
1618,"Peloponnese","Καντούνι","Camping Anemomilos",2314,""
1510,"Peloponnese","Καρακατσάνης","Camping Astros",2449,"https://www.astroscamping.com/"
1477,"Peloponnese","Καστράκι","Xeni",240,"https://www.xeni.gr/"
1477,"Peloponnese","Καστράκι","Kastraki",339,"https://kastrakicamping.gr"
1477,"Peloponnese","Καστράκι","Lido",540,"http://www.lido.gr"
1619,"Peloponnese","Κουμπάρες","Φοίνικες",1272,"http://finikescamping.gr"
1619,"Peloponnese","Κουμπάρες","Άμμος",2225,"https://www.facebook.com/pg/Camping-Ammos-Finikounda-Messinias-Greece-Fans-Page-355219768020123/about/"
1511,"Peloponnese","Κρυονέρι","Camping Repontina",2238,""
1623,"Peloponnese","Λαχανού","Koroni Camping",1186,"https://www.koronicamping.com"
1624,"Peloponnese","Λιβάδια","Koroni Camping",1296,"https://www.koronicamping.com"
3042,"Peloponnese","Λουτράκι Σχίνος","Camping Alkioni",2075,"https://www.campingalkioni.gr"
1625,"Peloponnese","Λούτσα","Loutsa camping",133,"https://www.loutsacamping.gr/"
1625,"Peloponnese","Λούτσα","Camping Anemomilos",1774,""
1625,"Peloponnese","Λούτσα","Thines Camping",2304,"https://www.camping-peloponnese.com"
1627,"Peloponnese","Μαυροβούνι","Άμμος",279,"https://www.facebook.com/pg/Camping-Ammos-Finikounda-Messinias-Greece-Fans-Page-355219768020123/about/"
1627,"Peloponnese","Μαυροβούνι","Thines Camping",429,"https://www.camping-peloponnese.com"
1627,"Peloponnese","Μαυροβούνι","Φοίνικες",936,"http://finikescamping.gr"
1628,"Peloponnese","Μεγάλο Μαράθι","Camping Tsapi",2086,"https://www.campingtsapi.gr/"
1629,"Peloponnese","Μεμί","Koroni Camping",1695,"https://www.koronicamping.com"
1630,"Peloponnese","Μικρό Μαράθι","Camping Tsapi",2423,"https://www.campingtsapi.gr/"
1499,"Peloponnese","Νέα Επίδαυρος - Αλιότου","Camping Nea Epidavros",1722,""
1514,"Peloponnese","Παλιόχανο","Camping Astros",1531,"https://www.astroscamping.com/"
1531,"Peloponnese","Παραλία Αγία Σωτήρα","Camping Alkioni",440,"https://www.campingalkioni.gr"
1483,"Peloponnese","Παραλία Αγίου Νικολάου - Κονδύλι","Lefka Beach",464,"https://camping-lefka.gr/"
1485,"Peloponnese","Παραλία Ασίνης","Kastraki",341,"https://kastrakicamping.gr"
1485,"Peloponnese","Παραλία Ασίνης","Xeni",696,"https://www.xeni.gr/"
1485,"Peloponnese","Παραλία Ασίνης","Triton II",1016,"https://www.tritonii.gr/"
1486,"Peloponnese","Παραλία Βαγιωνία","Νικόλας I",1238,"https://mouria.gr/en/nicolas-i/"
1486,"Peloponnese","Παραλία Βαγιωνία","Camping Verdelis",2434,""
1486,"Peloponnese","Παραλία Βαγιωνία","Verdelis",2464,"http://www.campingverdelis.gr"
1515,"Peloponnese","Παραλία Βερβένων","Camping Astros",1108,"https://www.astroscamping.com/"
1632,"Peloponnese","Παραλία Γιάλοβα","Camping Navarino",163,"https://www.navarino-beach.gr/"
1632,"Peloponnese","Παραλία Γιάλοβα","Camping Erodios",1015,"https://www.erodioss.gr/"
1633,"Peloponnese","Παραλία Δελφίνια","Camping Kalogria",1695,"https://www.campingkalogria.gr"
1634,"Peloponnese","Παραλία Καλαμάτας","Fare",1786,""
1487,"Peloponnese","Παραλία Κάντιας","Camping Scala",752,"http://www.scalacamping.gr"
1487,"Peloponnese","Παραλία Κάντιας","Κάμπιγκ Ποσειδών",2098,"https://www.posidoncamping.gr"
1581,"Peloponnese","Παραλία Λεύκης","Simos Camping",590,"https://simoscamping.gr/"
1582,"Peloponnese","Παραλία Μαυροβουνίου","Meltemi",464,"https://www.campingmeltemi.gr/"
1582,"Peloponnese","Παραλία Μαυροβουνίου","Gythion Bay",674,"https://www.gythiocamping.gr"
1582,"Peloponnese","Παραλία Μαυροβουνίου","Mani beach",924,"https://mani-beach.gr/"
1637,"Peloponnese","Παραλία Μεθώνης","Methoni",726,"https://www.campingmethoni.gr"
1584,"Peloponnese","Παραλία Σαρακίνικο","Simos Camping",607,"https://simoscamping.gr/"
1586,"Peloponnese","Παραλία Σίμος","Simos Camping",1138,"https://simoscamping.gr/"
1495,"Peloponnese","Παραλία Τολού - Ψιλή Άμμος","Lido",309,"http://www.lido.gr"
1495,"Peloponnese","Παραλία Τολού - Ψιλή Άμμος","Sunset",477,"https://www.camping-sunset.gr/"
1495,"Peloponnese","Παραλία Τολού - Ψιλή Άμμος","Xeni",491,"https://www.xeni.gr/"
1643,"Peloponnese","Παραλία Φιλοξενία","Fare",655,""
1644,"Peloponnese","Παραλία Φονέας","Camping Kalogria",2266,"https://www.campingkalogria.gr"
3021,"Peloponnese","Πεταλίδι","Petalidi Beach",2420,"http://www.campingpetalidi.gr/"
1518,"Peloponnese","Πλαζ Παράλιου Άστρους","Thirea",608,"https://www.campingthirea.com/"
1494,"Peloponnese","Πλάκα Δρεπάνου","Triton II",305,"https://www.tritonii.gr/"
1494,"Peloponnese","Πλάκα Δρεπάνου","New Triton",358,"https://www.newtriton.gr"
1494,"Peloponnese","Πλάκα Δρεπάνου","Argolic Strand",486,"https://www.argolic-strand.gr/"
1650,"Peloponnese","Στούπα","Camping Kalogria",406,"https://www.campingkalogria.gr"
1651,"Peloponnese","Τσαπί","Camping Tsapi",149,"https://www.campingtsapi.gr/"
1652,"Peloponnese","Χαλικούρα","Camping Kalogria",655,"https://www.campingkalogria.gr"
1657,"South Aegean","Αγία Άννα","Καστάνης",2431,""
1981,"South Aegean","Αγία Άννα","Maragas Camping",954,"https://www.maragascamping.gr"
1981,"South Aegean","Αγία Άννα","Plaka Camping",2100,"https://www.plakacamping.gr/"
1981,"South Aegean","Αγία Άννα","Naxos Camping",2397,""
1941,"South Aegean","Αγία Άννα Παράγκας","Mykonos Camping",375,"https://www.mycamp.gr/"
1984,"South Aegean","Άγιος Γεώργιος","Naxos Camping",1292,""
2021,"South Aegean","Άγιος Δημήτριος","Blue Aura",2246,"https://www.paroscamping.gr/"
1688,"South Aegean","Αγιος Πέτρος","Camping Andros",1243,"https://www.campingandros.gr/"
1985,"South Aegean","Άγιος Προκόπιος","Maragas Camping",1856,"https://www.maragascamping.gr"
1985,"South Aegean","Άγιος Προκόπιος","Naxos Camping",2475,""
1900,"South Aegean","Άγιος Σώστης","Milos Achivadolimni",2079,"http://www.miloscamping.gr/"
2073,"South Aegean","Αλευράκια","Coralli",1752,"https://www.corallicamping.gr/el/"
2024,"South Aegean","Άσπρος Γκρεμός","Camping Santa Maria",2493,""
2074,"South Aegean","Αυλόμωνας","Coralli",1150,"https://www.corallicamping.gr/el/"
1903,"South Aegean","Αχιβαδολίμνη","Milos Achivadolimni",359,"http://www.miloscamping.gr/"
1743,"South Aegean","Βάρδια","Camping Λιβάδι",1176,"https://folegandros.org"
1744,"South Aegean","Βιτσέντζου","Camping Λιβάδι",477,"https://folegandros.org"
1807,"South Aegean","Βρόσκοπος","Camping Kea",1162,""
2027,"South Aegean","Δελφίνι","Krios beach camping",2451,"https://www.krios-camping.gr/"
1729,"South Aegean","Δεύτερη Ψαραλυκή","Camping Antiparos",1684,""
1730,"South Aegean","Θεολόγος","Camping Antiparos",291,""
1951,"South Aegean","Καλαμοπόδι","Mykonos Camping",505,"https://www.mycamp.gr/"
2080,"South Aegean","Καλό Αμπέλι","Coralli",2238,"https://www.corallicamping.gr/el/"
1812,"South Aegean","Καλόγηρος","Camping Kea",2111,""
1731,"South Aegean","Καλούδια","Camping Antiparos",633,""
2101,"South Aegean","Καμάρες","Camping Makis",270,"http://www.makiscamping.gr"
1660,"South Aegean","Καμπί","Καστάνης",2441,""
2083,"South Aegean","Καράβι","Coralli",449,"https://www.corallicamping.gr/el/"
1746,"South Aegean","Κάτεργο","Camping Λιβάδι",1238,"https://folegandros.org"
2030,"South Aegean","Κολυμπήθρες","Blue Aura",930,"https://www.paroscamping.gr/"
1815,"South Aegean","Κούνδουρος","Camping Kea",2013,""
1747,"South Aegean","Κοχλίδια","Camping Λιβάδι",1059,"https://folegandros.org"
2031,"South Aegean","Κριός","Krios beach camping",774,"https://www.krios-camping.gr/"
2031,"South Aegean","Κριός","KOULA CAMPING",1908,"https://campingkoula.gr"
1705,"South Aegean","Κυπρί","Camping Andros",2267,"https://www.campingandros.gr/"
2032,"South Aegean","Λάγγερη","Camping Santa Maria",820,""
1748,"South Aegean","Λατινάκι","Camping Λιβάδι",583,"https://folegandros.org"
1662,"South Aegean","Λεβρωσός","Aegali camping",726,"https://www.aegialicamping.gr/"
2086,"South Aegean","Λιά","Coralli",2071,"https://www.corallicamping.gr/el/"
2087,"South Aegean","Λιβαδάκια","Coralli",146,"https://www.corallicamping.gr/el/"
1750,"South Aegean","Λιβάδι","Camping Λιβάδι",227,"https://folegandros.org"
2239,"South Aegean","Λιβάδι","κάμπινγκ Αστυπάλαια",2219,"https://astypalaiacamping.gr"
2033,"South Aegean","Λιβάδια","KOULA CAMPING",305,"https://campingkoula.gr"
2033,"South Aegean","Λιβάδια","Krios beach camping",944,"https://www.krios-camping.gr/"
2034,"South Aegean","Λίμνες","Blue Aura",350,"https://www.paroscamping.gr/"
2240,"South Aegean","Μαγαζάκι","κάμπινγκ Αστυπάλαια",2019,"https://astypalaiacamping.gr"
1663,"South Aegean","Μαλτέζι","Δημοτικό Κάμπινγκ Αμοργού",1564,""
1663,"South Aegean","Μαλτέζι","Καστάνης",2466,""
2241,"South Aegean","Μαμούνια","κάμπινγκ Αστυπάλαια",760,"https://astypalaiacamping.gr"
2037,"South Aegean","Μαρτσέλο","Krios beach camping",270,"https://www.krios-camping.gr/"
2037,"South Aegean","Μαρτσέλο","KOULA CAMPING",1484,"https://campingkoula.gr"
1670,"South Aegean","Μικρή Βλυχάδα","Aegali camping",2006,"https://www.aegialicamping.gr/"
2038,"South Aegean","Μικρή Σάντα Μαρία","Camping Santa Maria",1297,""
2041,"South Aegean","Ναυτικός όμιλος Πάρου","KOULA CAMPING",308,"https://campingkoula.gr"
2041,"South Aegean","Ναυτικός όμιλος Πάρου","Krios beach camping",981,"https://www.krios-camping.gr/"
2042,"South Aegean","Ξυφάρα","Camping Santa Maria",1302,""
2010,"South Aegean","Όρκος","Plaka Camping",2358,"https://www.plakacamping.gr/"
1966,"South Aegean","Παράγκα","Mykonos Camping",222,"https://www.mycamp.gr/"
2046,"South Aegean","Παραλία Παροικιάς","KOULA CAMPING",1480,"https://campingkoula.gr"
2046,"South Aegean","Παραλία Παροικιάς","Krios beach camping",1551,"https://www.krios-camping.gr/"
2048,"South Aegean","Πιπέρι","Blue Aura",1708,"https://www.paroscamping.gr/"
2012,"South Aegean","Πλάκα","Plaka Camping",320,"https://www.plakacamping.gr/"
2012,"South Aegean","Πλάκα","Maragas Camping",1535,"https://www.maragascamping.gr"
2247,"South Aegean","Πλάκες","κάμπινγκ Αστυπάλαια",2469,"https://astypalaiacamping.gr"
1969,"South Aegean","Πλατύς Γιαλός","Mykonos Camping",944,"https://www.mycamp.gr/"
1827,"South Aegean","Ποίσσες","Camping Kea",196,""
1753,"South Aegean","Πουντάκι","Camping Λιβάδι",349,"https://folegandros.org"
1920,"South Aegean","Προβατάς","Milos Achivadolimni",1995,"http://www.miloscamping.gr/"
1735,"South Aegean","Πρώτη Ψαραλυκή","Camping Antiparos",1364,""
2051,"South Aegean","Σάντα Μαρία","Camping Santa Maria",144,""
1736,"South Aegean","Σιφνέικο","Camping Antiparos",961,""
2108,"South Aegean","Σπηλιά","Camping Makis",745,"http://www.makiscamping.gr"
2248,"South Aegean","Στενό","κάμπινγκ Αστυπάλαια",2277,"https://astypalaiacamping.gr"
2109,"South Aegean","Τόσο Νερό","Camping Makis",2272,"http://www.makiscamping.gr"
1667,"South Aegean","Φοινικιές","Δημοτικό Κάμπινγκ Αμοργού",1922,""
1834,"South Aegean","Φρέας","Camping Kea",2177,""
1668,"South Aegean","Χόχλακας","Aegali camping",1370,"https://www.aegialicamping.gr/"
1726,"South Aegean","Χρυσή Αμμος","Camping Andros",1779,"https://www.campingandros.gr/"
1835,"South Aegean","Χυλιαμόδου","Camping Kea",2413,""
1979,"South Aegean","Ψαρρού","Mykonos Camping",1507,"https://www.mycamp.gr/"
1669,"South Aegean","Ψιλή Άμμος","Aegali camping",1157,"https://www.aegialicamping.gr/"
1980,"South Aegean","Super Paradise","Mykonos Camping",1702,"https://www.mycamp.gr/"
2673,"Thessaly","Άγιοι Σαράντα","Chorefto Camping",933,"https://www.choreftocamp.gr"
2674,"Thessaly","Άγιος Ιωάννης (Ζαγορά)","Papa Nero",631,"http://www.campingpapanero.com"
2584,"Thessaly","Άγιος Πέτρος","ROCKS",1132,"https://www.campingrocks.eu"
2679,"Thessaly","Βαθιά Σπηλιά","Camping OLIZON",1824,""
2587,"Thessaly","Βρυσίτσα","ROCKS",1433,"https://www.campingrocks.eu"
2581,"Thessaly","Γέρακας","ROCKS",2433,"https://www.campingrocks.eu"
2589,"Thessaly","Γυαλιά","ROCKS",2185,"https://www.campingrocks.eu"
2590,"Thessaly","Καλύβια Αλεξίου","ROCKS",1175,"https://www.campingrocks.eu"
2687,"Thessaly","Καστρί","Kastri Beach",116,"https://www.campingkastribeach.com/"
2592,"Thessaly","Κατερίνας Βάλα","ROCKS",811,"https://www.campingrocks.eu"
2594,"Thessaly","Κοκκινόκαστρο","ROCKS",2274,"https://www.campingrocks.eu"
2595,"Thessaly","Λένα","ROCKS",1850,"https://www.campingrocks.eu"
2692,"Thessaly","Λεπετούς","Kastri Beach",706,"https://www.campingkastribeach.com/"
2697,"Thessaly","Μικρό","Louisa",1358,"https://camplouisa.gr"
2599,"Thessaly","Μουρτίτσα","ROCKS",1370,"https://www.campingrocks.eu"
2600,"Thessaly","Νικόλα Βάλα","ROCKS",606,"https://www.campingrocks.eu"
2702,"Thessaly","Νταμούχαρη","Papa Nero",1688,"http://www.campingpapanero.com"
2704,"Thessaly","Παπά Νερό","Papa Nero",401,"http://www.campingpapanero.com"
2601,"Thessaly","Παραλία Βότση","ROCKS",1830,"https://www.campingrocks.eu"
2602,"Thessaly","Παραλία Βύθισμα","ROCKS",1183,"https://www.campingrocks.eu"
2603,"Thessaly","Παραλία Μεγάλος Μουρτιάς","ROCKS",1647,"https://www.campingrocks.eu"
2604,"Thessaly","Παραλία Μικρός Μουρτιάς","ROCKS",1355,"https://www.campingrocks.eu"
2712,"Thessaly","Παραλία Μπάνικας","Chorefto Camping",1770,"https://www.choreftocamp.gr"
2713,"Thessaly","Παραλία Μπριάνου","Chorefto Camping",1468,"https://www.choreftocamp.gr"
2582,"Thessaly","Παραλία Πατητηρίου","ROCKS",1101,"https://www.campingrocks.eu"
2739,"Thessaly","Παραλία Στομίου","Camping Στομίου",324,""
2705,"Thessaly","Παρίσαινα","Chorefto Camping",1890,"https://www.choreftocamp.gr"
2605,"Thessaly","Πεσκανδρίτσα","ROCKS",950,"https://www.campingrocks.eu"
2716,"Thessaly","Πλάκα (Ζαγορά)","Papa Nero",1377,"http://www.campingpapanero.com"
2606,"Thessaly","Πλάκες","ROCKS",1332,"https://www.campingrocks.eu"
2607,"Thessaly","Ρουσούμ Γιαλός","ROCKS",1256,"https://www.campingrocks.eu"
2608,"Thessaly","Σπαρτίνες","ROCKS",1355,"https://www.campingrocks.eu"
2609,"Thessaly","Σπλιθάρι","ROCKS",1125,"https://www.campingrocks.eu"
2723,"Thessaly","Φτελιά","Kastri Beach",1054,"https://www.campingkastribeach.com/"
2723,"Thessaly","Φτελιά","Louisa",1557,"https://camplouisa.gr"
2725,"Thessaly","Χορευτό","Chorefto Camping",84,"https://www.choreftocamp.gr"
2526,"West Greece","Αγριλιά","Παραλία Αγριλιά",69,""
2503,"West Greece","Αμμόλοφος","Camping Kalogria",551,""
2566,"West Greece","Αρκούδι","Aginara Beach",2185,"https://www.camping-aginara.gr/"
2505,"West Greece","Διγελιώτικα","Οπακε-Ομε ΟΤΕ",1401,"https://opake-ote.gr/"
2570,"West Greece","Μέλισσα","Camping Melissa",398,"https://www.campingmelissa.gr"
2570,"West Greece","Μέλισσα","Fournia Beach",1944,"https://www.fourniabeach.gr"
2572,"West Greece","Παραλία Αγίας Μαρίνας","Palouki",1082,"https://www.camping-palouki.gr/"
2572,"West Greece","Παραλία Αγίας Μαρίνας","Paradise",1543,"https://www.camping-paradise.gr/"
2572,"West Greece","Παραλία Αγίας Μαρίνας","Kourouta",2454,"https://www.harmonyresort.gr/camping/"
2508,"West Greece","Παραλία Ακράτας","Akrata Beach",1392,"https://www.akrata-beach-camping.gr"
2510,"West Greece","Παραλία Γιανισκάρη","Camping Kalogria",1863,""
2574,"West Greece","Παραλία Κουρούτα","Kourouta",615,"https://www.harmonyresort.gr/camping/"
2574,"West Greece","Παραλία Κουρούτα","Paradise",1590,"https://www.camping-paradise.gr/"
2574,"West Greece","Παραλία Κουρούτα","Palouki",2018,"https://www.camping-palouki.gr/"
2577,"West Greece","Παραλία Μαραθιάς","Kourouta",2302,"https://www.harmonyresort.gr/camping/"
3048,"West Greece","ΠΔΕ Κάτω Αχαΐας","Κάτω Αλισσός",2145,"https://www.camping-kato-alissos.gr/"
3053,"West Greece","Πηνειός Γλύφα","Ionion Beach",1550,"http://camping.ionion-beach.gr"
3053,"West Greece","Πηνειός Γλύφα","Aginara Beach",1972,"https://www.camping-aginara.gr/"
2515,"West Greece","Τέμενη","Οπακε-Ομε ΟΤΕ",309,"https://opake-ote.gr/"
2563,"West Greece","Χιόνι","Παραλία Αγριλιά",865,""
