beachId,region,beach,tier,showerCount,nearestM,osmUrls
576,"Crete","Σεϊτάν Λιμάνι",high,1,1,"https://www.openstreetmap.org/node/6026046487"
1517,"Peloponnese","Παραλία Ξηροπήγαδου",high,1,4,"https://www.openstreetmap.org/node/12101989986"
1644,"Peloponnese","Παραλία Φονέας",high,1,10,"https://www.openstreetmap.org/node/13072249172"
1010,"Ionian Islands","Παραλία Χαλικούνα",high,1,12,"https://www.openstreetmap.org/node/13103541888"
2407,"South Aegean","Παραλία Καλλιθέας (Oasis)",high,1,13,"https://www.openstreetmap.org/node/11193060869"
1488,"Peloponnese","Παραλία Κιβερίου",high,5,13,"https://www.openstreetmap.org/node/9795205440 https://www.openstreetmap.org/node/9795205437 https://www.openstreetmap.org/node/9795205434 https://www.openstreetmap.org/node/9795205433 https://www.openstreetmap.org/node/9794112120"
2414,"South Aegean","Παραλία Άντονι Κουίν",high,3,14,"https://www.openstreetmap.org/node/8946779618 https://www.openstreetmap.org/node/8946776234 https://www.openstreetmap.org/node/8946778722"
570,"Crete","Παραλία Ψηλός Βόλακας",high,1,15,"https://www.openstreetmap.org/node/10210228158"
3050,"West Greece","ΠΔΕ Μακύνεια",high,1,16,"https://www.openstreetmap.org/node/9773097025"
362,"Central Greece","Παραλία Αγίου Γεωργίου Πελασγίας",high,1,16,"https://www.openstreetmap.org/node/9509035759"
2408,"South Aegean","Παραλία Καλλιθέας (Tassos)",high,3,17,"https://www.openstreetmap.org/node/8940644728 https://www.openstreetmap.org/node/8940697951 https://www.openstreetmap.org/node/8940678094"
721,"Crete","Άμμος Αγίου Νικολάου",high,1,18,"https://www.openstreetmap.org/node/1278885091"
2112,"South Aegean","Φάρος",high,1,18,"https://www.openstreetmap.org/node/9944276808"
688,"Crete","Μικρό Αμμούδι",high,2,19,"https://www.openstreetmap.org/node/3366664102 https://www.openstreetmap.org/node/11226578561"
2677,"Thessaly","Αλυκές (Βόλος)",high,4,19,"https://www.openstreetmap.org/node/6173439459 https://www.openstreetmap.org/node/6173439458 https://www.openstreetmap.org/node/6173439457 https://www.openstreetmap.org/node/6173439456"
796,"East Macedonia and Thrace","Ψάθα",high,1,19,"https://www.openstreetmap.org/node/3650130240"
676,"Crete","Βλυχί Νερό",high,5,20,"https://www.openstreetmap.org/node/4849809051 https://www.openstreetmap.org/node/4849809052 https://www.openstreetmap.org/node/4849809050 https://www.openstreetmap.org/node/4850515482 https://www.openstreetmap.org/node/4849809053"
2107,"South Aegean","Σεράλια",high,1,20,"https://www.openstreetmap.org/node/9944328797"
723,"Crete","Αμμούδι",high,1,21,"https://www.openstreetmap.org/node/6699360939"
554,"Crete","Παραλία Κούμ Καπί (Kum Kapisi)",high,2,21,"https://www.openstreetmap.org/node/5039699528 https://www.openstreetmap.org/node/10832091692"
1580,"Peloponnese","Παραλία Κότρωνα",high,1,21,"https://www.openstreetmap.org/node/13072269841"
675,"Crete","Βαρκότοπος",high,3,26,"https://www.openstreetmap.org/node/4852017876 https://www.openstreetmap.org/node/4852017875 https://www.openstreetmap.org/node/6858165271"
2330,"South Aegean","Παραλία Παράδεισος",high,2,26,"https://www.openstreetmap.org/node/9004585917 https://www.openstreetmap.org/node/9004446117"
3026,"Attica","ΚΑΑΥ Άγιος Ανδρέας",high,1,26,"https://www.openstreetmap.org/node/13070936477"
930,"Ionian Islands","Alipa beach",high,2,26,"https://www.openstreetmap.org/node/13272848918 https://www.openstreetmap.org/node/11898403901"
1617,"Peloponnese","Καλογριά",high,3,27,"https://www.openstreetmap.org/node/12304308353 https://www.openstreetmap.org/node/3708234626 https://www.openstreetmap.org/way/180337493"
1486,"Peloponnese","Παραλία Βαγιωνία",high,1,27,"https://www.openstreetmap.org/node/9945803547"
2672,"Thessaly","Συκίτσα (Σούρπη)",high,2,27,"https://www.openstreetmap.org/node/10092073750 https://www.openstreetmap.org/node/10092073751"
720,"Crete","Αλμυρός",high,4,29,"https://www.openstreetmap.org/node/13747742612 https://www.openstreetmap.org/node/6564486879 https://www.openstreetmap.org/node/13747727439 https://www.openstreetmap.org/node/6564486878"
529,"Crete","Βρύση",high,1,32,"https://www.openstreetmap.org/node/7727009728"
1418,"North Aegean","Ψιλή Άμμος Μαραθοκάμπου",high,1,32,"https://www.openstreetmap.org/node/8011773120"
746,"Crete","Κιτροπλατεία",high,2,33,"https://www.openstreetmap.org/node/3673431451 https://www.openstreetmap.org/node/7801646588"
0,"Attica","Παραλία Φλοίσβου",high,1,33,"https://www.openstreetmap.org/node/9934215086"
2630,"Thessaly","Μεγάλη Μπανάνα",high,1,33,"https://www.openstreetmap.org/node/13134362448"
2261,"South Aegean","Παραλία Αργίνωντα",high,1,36,"https://www.openstreetmap.org/node/10107595280"
950,"Ionian Islands","Paramonas",high,2,36,"https://www.openstreetmap.org/node/9671622417 https://www.openstreetmap.org/node/9671617217"
981,"Ionian Islands","Παραλία Άγιος Σπυρίδωνας",high,3,36,"https://www.openstreetmap.org/node/10056354734 https://www.openstreetmap.org/node/11898774772 https://www.openstreetmap.org/node/10055905389"
2702,"Thessaly","Νταμούχαρη",high,1,37,"https://www.openstreetmap.org/node/5866009342"
62,"Attica","Κεντρική παραλία Σαρωνίδας",high,2,38,"https://www.openstreetmap.org/node/9976265585 https://www.openstreetmap.org/node/6139087648"
2566,"West Greece","Αρκούδι",high,2,38,"https://www.openstreetmap.org/node/13466756401 https://www.openstreetmap.org/node/13466740501"
868,"Epirus","Κρυονέρι",high,1,38,"https://www.openstreetmap.org/node/7648723185"
2404,"South Aegean","Παραλία Στεγνά (Grande Blue)",high,1,39,"https://www.openstreetmap.org/node/11212357070"
2173,"South Aegean","Μικρή Κολυμπήθρα",high,1,39,"https://www.openstreetmap.org/node/5904902411"
1071,"Ionian Islands","Παραλία Σκάλας",high,2,39,"https://www.openstreetmap.org/node/11113798548 https://www.openstreetmap.org/node/11113798547"
1595,"Peloponnese","Πύλα",high,1,40,"https://www.openstreetmap.org/node/9655326717"
2331,"South Aegean","Ψηλός Γκρεμός",high,2,40,"https://www.openstreetmap.org/node/5749408045 https://www.openstreetmap.org/node/5749408042"
2064,"South Aegean","Μονόλιθος",high,1,41,"https://www.openstreetmap.org/node/4365148136"
1080,"Ionian Islands","Άγιος Θωμάς",high,1,41,"https://www.openstreetmap.org/node/5602523433"
26,"Attica","Παραλία Ακρωτηρίου",high,1,41,"https://www.openstreetmap.org/node/10082168596"
2620,"Thessaly","Μυστική",high,2,41,"https://www.openstreetmap.org/node/13137471579 https://www.openstreetmap.org/node/13131314253"
684,"Crete","Κόρακας",high,2,43,"https://www.openstreetmap.org/node/9987627856 https://www.openstreetmap.org/node/9987632822"
2431,"South Aegean","Παραλία Λαδικό",high,1,43,"https://www.openstreetmap.org/node/11841973165"
2425,"South Aegean","Παραλία Καταφύγιο",high,7,43,"https://www.openstreetmap.org/node/2380341060 https://www.openstreetmap.org/node/2380341049 https://www.openstreetmap.org/node/2380341066 https://www.openstreetmap.org/node/2365534382 https://www.openstreetmap.org/node/2365534379 https://www.openstreetmap.org/node/13752679201 https://www.openstreetmap.org/node/2365517669"
1552,"Peloponnese","Βιανδίνη (Βούρκος)",high,1,43,"https://www.openstreetmap.org/node/9799059471"
734,"Crete","Βουρλιά",high,1,44,"https://www.openstreetmap.org/node/11114351798"
706,"Crete","Σούδα",high,3,45,"https://www.openstreetmap.org/node/12045535369 https://www.openstreetmap.org/node/12045535269 https://www.openstreetmap.org/node/13163688827"
1637,"Peloponnese","Παραλία Μεθώνης",high,2,45,"https://www.openstreetmap.org/node/12253659032 https://www.openstreetmap.org/node/3721474433"
2311,"South Aegean","Παραλία Αγίου Νικολάου",high,1,46,"https://www.openstreetmap.org/node/11088911987"
1616,"Peloponnese","Καλαμάκι",high,1,46,"https://www.openstreetmap.org/node/9929385115"
1111,"Ionian Islands","Μέγας Λάκκος",high,1,46,"https://www.openstreetmap.org/node/6717792699"
869,"Epirus","Κυανή Ακτή",high,4,46,"https://www.openstreetmap.org/node/6619271685 https://www.openstreetmap.org/node/10214478073 https://www.openstreetmap.org/node/10214452596 https://www.openstreetmap.org/node/10212016723"
1546,"Peloponnese","Αμπελάκια",high,1,47,"https://www.openstreetmap.org/node/12059000472"
1569,"Peloponnese","Μποζάς",high,1,47,"https://www.openstreetmap.org/node/7435104536"
602,"Crete","Kalathas",high,2,48,"https://www.openstreetmap.org/node/12251235988 https://www.openstreetmap.org/node/10062990151"
995,"Ionian Islands","Παραλία Λιαπάδων",high,1,49,"https://www.openstreetmap.org/node/8823994018"
714,"Crete","Livadi beach",high,3,50,"https://www.openstreetmap.org/node/4849809111 https://www.openstreetmap.org/node/4849809082 https://www.openstreetmap.org/node/4882355139"
2560,"West Greece","Παραλία Σιταραλώνων",high,1,50,"https://www.openstreetmap.org/node/9789972605"
876,"Epirus","Σαρακήνικο",high,1,50,"https://www.openstreetmap.org/node/7829845015"
795,"East Macedonia and Thrace","Ραψάνη",high,3,50,"https://www.openstreetmap.org/node/6815354875 https://www.openstreetmap.org/node/3521788590 https://www.openstreetmap.org/node/3521788591"
574,"Crete","Πλατανιάς",high,1,51,"https://www.openstreetmap.org/node/6783489980"
131,"Attica","Διακόφτι",high,2,51,"https://www.openstreetmap.org/node/13074277732 https://www.openstreetmap.org/node/9822701881"
3109,"Peloponnese","Καραβοστάσι (Πλύτρα)",high,1,51,"https://www.openstreetmap.org/node/9797673143"
2183,"South Aegean","Ρόχαρη",high,1,53,"https://www.openstreetmap.org/node/5904902670"
998,"Ionian Islands","Παραλία Μπούκα",high,1,53,"https://www.openstreetmap.org/node/9941850593"
1468,"North Aegean","Τούρκικος Γιαλός",high,1,53,"https://www.openstreetmap.org/node/11093991681"
788,"East Macedonia and Thrace","Μπάτης",high,1,53,"https://www.openstreetmap.org/node/12001026054"
534,"Crete","Κριός",high,1,56,"https://www.openstreetmap.org/node/9797033368"
170,"Attica","Βρέλλος",high,1,57,"https://www.openstreetmap.org/node/5499278940"
1484,"Peloponnese","Παραλία Αρβανιτιά",high,2,57,"https://www.openstreetmap.org/node/7700405785 https://www.openstreetmap.org/node/5594718425"
530,"Crete","Γιαλισκάρι",high,2,58,"https://www.openstreetmap.org/node/5261527137 https://www.openstreetmap.org/node/12309263502"
739,"Crete","Θόλος",high,2,59,"https://www.openstreetmap.org/node/11225363677 https://www.openstreetmap.org/node/11225363694"
1638,"Peloponnese","Παραλία Πανταζή",high,2,59,"https://www.openstreetmap.org/node/12351889286 https://www.openstreetmap.org/node/12351889287"
2095,"South Aegean","Αποκοφτό",high,1,59,"https://www.openstreetmap.org/node/9944327768"
31,"Attica","Θέρετρο Αξιωματικών Ναυτικού",high,6,59,"https://www.openstreetmap.org/node/10994638202 https://www.openstreetmap.org/node/10994638203 https://www.openstreetmap.org/node/10994638201 https://www.openstreetmap.org/node/10994638204 https://www.openstreetmap.org/node/10994638200 https://www.openstreetmap.org/node/11018603138"
560,"Crete","Παραλία Μελτεμάκι",high,1,60,"https://www.openstreetmap.org/node/11368348373"
565,"Crete","Παραλια Τραχηλος",high,2,60,"https://www.openstreetmap.org/node/12171881783 https://www.openstreetmap.org/node/12171881782"
2441,"South Aegean","Φαληράκι",high,6,61,"https://www.openstreetmap.org/node/2365650244 https://www.openstreetmap.org/node/2380388402 https://www.openstreetmap.org/node/2380388389 https://www.openstreetmap.org/node/2380388385 https://www.openstreetmap.org/node/2384403848 https://www.openstreetmap.org/node/2384403876"
2136,"South Aegean","Κίνι",high,1,61,"https://www.openstreetmap.org/node/9091399137"
752,"Crete","Μαζιδά Άμμος",high,1,62,"https://www.openstreetmap.org/node/4345939063"
3106,"North Aegean","Λιμνιώνας (Σάμος)",high,1,62,"https://www.openstreetmap.org/node/8011773136"
1129,"Ionian Islands","Σπαρτιάς",high,1,62,"https://www.openstreetmap.org/node/9879480659"
933,"Ionian Islands","Black Rocks Beach",high,1,62,"https://www.openstreetmap.org/node/9670662717"
1124,"Ionian Islands","Πετανι",high,1,63,"https://www.openstreetmap.org/node/6710828186"
639,"Crete","Μάδε",high,1,64,"https://www.openstreetmap.org/node/5763789311"
564,"Crete","Παραλία του Μάλεμε",high,1,64,"https://www.openstreetmap.org/node/8979762317"
851,"East Macedonia and Thrace","Σκάλα Καλλιράχης",high,1,64,"https://www.openstreetmap.org/node/13265875178"
673,"Crete","Άγιος Γεώργιος",high,1,65,"https://www.openstreetmap.org/node/9048743281"
1088,"Ionian Islands","Αντίσαμος",high,1,65,"https://www.openstreetmap.org/node/11223296639"
2335,"South Aegean","Τιγκάκι",high,7,66,"https://www.openstreetmap.org/node/12147689846 https://www.openstreetmap.org/node/12147674473 https://www.openstreetmap.org/node/12147655473 https://www.openstreetmap.org/node/12227861546 https://www.openstreetmap.org/node/12227872225 https://www.openstreetmap.org/node/12227865688 https://www.openstreetmap.org/node/12227837081"
635,"Crete","Αγία Πελαγία",high,4,67,"https://www.openstreetmap.org/node/11089223506 https://www.openstreetmap.org/node/11089242905 https://www.openstreetmap.org/node/11087047406 https://www.openstreetmap.org/node/11089243005"
1195,"Ionian Islands","Άγιος Νικόλαος Βασιλικού",high,4,67,"https://www.openstreetmap.org/node/925429147 https://www.openstreetmap.org/node/2338148076 https://www.openstreetmap.org/node/9921137757 https://www.openstreetmap.org/node/2351550937"
844,"East Macedonia and Thrace","Λιμανάκι",high,1,67,"https://www.openstreetmap.org/node/13584887495"
678,"Crete","Δαμνόνι",high,1,68,"https://www.openstreetmap.org/node/12133987511"
2443,"South Aegean","Παραλία Λίνδου (Μεγάλη Παραλία)",high,5,68,"https://www.openstreetmap.org/node/1375293109 https://www.openstreetmap.org/node/13706607915 https://www.openstreetmap.org/node/13706668646 https://www.openstreetmap.org/node/1830811773 https://www.openstreetmap.org/node/13706572687"
983,"Ionian Islands","Παραλία Αγίου Σπυρίδωνα",high,2,68,"https://www.openstreetmap.org/node/13233303301 https://www.openstreetmap.org/node/13233090801"
521,"Central Macedonia","Παραλία Νέας Μηχανιώνας",high,1,68,"https://www.openstreetmap.org/node/6795655462"
733,"Crete","Βούλισμα",high,4,70,"https://www.openstreetmap.org/node/13724736291 https://www.openstreetmap.org/node/13724938867 https://www.openstreetmap.org/node/13724716594 https://www.openstreetmap.org/node/13724951108"
689,"Crete","Παλίγκρεμνος",high,2,70,"https://www.openstreetmap.org/node/9969827514 https://www.openstreetmap.org/node/9969827513"
1126,"Ionian Islands","Πλατύς Γιαλός",high,1,71,"https://www.openstreetmap.org/node/9887664946"
3052,"West Greece","ΠΔΕ Πούντα Αιγιαλείας",high,1,71,"https://www.openstreetmap.org/node/12806384627"
400,"Central Macedonia","Παραλία Γερακινής",high,2,71,"https://www.openstreetmap.org/node/12821118077 https://www.openstreetmap.org/node/12821118076"
579,"Crete","Σταυρός",high,3,72,"https://www.openstreetmap.org/node/10068303566 https://www.openstreetmap.org/node/10068303567 https://www.openstreetmap.org/node/10996512563"
1489,"Peloponnese","Παραλία Μύλων",high,1,72,"https://www.openstreetmap.org/node/9738968798"
2513,"West Greece","Παραλία Πούντα",high,1,72,"https://www.openstreetmap.org/node/12101944305"
361,"Central Greece","Μικρή Σουβάλα",high,2,72,"https://www.openstreetmap.org/node/12290334401 https://www.openstreetmap.org/node/12290334301"
643,"Crete","Ανάληψη",high,3,75,"https://www.openstreetmap.org/node/5866298815 https://www.openstreetmap.org/node/13037926850 https://www.openstreetmap.org/node/13037967535"
885,"Epirus","Παραλία Λυγιάς",high,1,75,"https://www.openstreetmap.org/node/9282711625"
311,"Central Greece","Χιλιαδού",high,2,76,"https://www.openstreetmap.org/node/4585884536 https://www.openstreetmap.org/node/4254518267"
925,"Epirus","Παραλία Σαγιάδας",high,1,76,"https://www.openstreetmap.org/node/6476771695"
626,"Crete","Μάταλα",high,2,78,"https://www.openstreetmap.org/node/9980218803 https://www.openstreetmap.org/node/9985930848"
2527,"West Greece","Αλμυρή Θάλασσα",high,1,78,"https://www.openstreetmap.org/node/7835294400"
1713,"South Aegean","Μπατσί",high,1,79,"https://www.openstreetmap.org/node/10039599229"
1495,"Peloponnese","Παραλία Τολού - Ψιλή Άμμος",high,1,80,"https://www.openstreetmap.org/node/12101915063"
2556,"West Greece","Παραλία Ρίζας",high,3,80,"https://www.openstreetmap.org/node/10281941689 https://www.openstreetmap.org/node/10281950830 https://www.openstreetmap.org/node/9785307197"
803,"East Macedonia and Thrace","Άγιος Ιωάννης Λουκάς",high,1,80,"https://www.openstreetmap.org/node/13074339082"
1589,"Peloponnese","Πλύτρα - Παχιά Άμμος",high,1,82,"https://www.openstreetmap.org/way/693069710"
1572,"Peloponnese","Οίτυλο",high,1,84,"https://www.openstreetmap.org/node/11217818237"
1650,"Peloponnese","Στούπα",high,2,84,"https://www.openstreetmap.org/node/3708234627 https://www.openstreetmap.org/node/3708234825"
2256,"South Aegean","Πλατύς Γιαλός",high,1,84,"https://www.openstreetmap.org/node/10125420328"
1543,"Peloponnese","Αγία Κυριακή",high,1,84,"https://www.openstreetmap.org/way/1478508616"
2522,"West Greece","Kitesurf Spot",high,1,84,"https://www.openstreetmap.org/node/7834258526"
2437,"South Aegean","Παραλία Φούρνοι",high,1,86,"https://www.openstreetmap.org/node/8945923743"
1078,"Ionian Islands","Ξι",high,2,86,"https://www.openstreetmap.org/node/6656648185 https://www.openstreetmap.org/node/11212284432"
1323,"North Aegean","Ακτή Τσαμάκια",high,2,86,"https://www.openstreetmap.org/node/12811281115 https://www.openstreetmap.org/node/12466735058"
2125,"South Aegean","Αγκαθωπές",high,1,87,"https://www.openstreetmap.org/node/9097652526"
979,"Ionian Islands","Παραλία Άγιος Γόρδης",high,2,87,"https://www.openstreetmap.org/node/3025781848 https://www.openstreetmap.org/node/3025781849"
647,"Crete","Ποταμός Μαλίας",high,3,89,"https://www.openstreetmap.org/node/3752787325 https://www.openstreetmap.org/node/11054647996 https://www.openstreetmap.org/node/11107329599"
539,"Crete","Μαράθι",high,3,89,"https://www.openstreetmap.org/node/10065779508 https://www.openstreetmap.org/node/10065779507 https://www.openstreetmap.org/node/10065779506"
577,"Crete","Σούγια",high,3,91,"https://www.openstreetmap.org/node/13066243533 https://www.openstreetmap.org/node/13066243534 https://www.openstreetmap.org/node/10210227907"
2424,"South Aegean","Παραλία Καλαβάρδα",high,3,91,"https://www.openstreetmap.org/node/1400250626 https://www.openstreetmap.org/node/1400250632 https://www.openstreetmap.org/node/1400250630"
238,"Central Greece","Κρεμάλα",high,1,91,"https://www.openstreetmap.org/node/12126153991"
696,"Crete","Παραλία Κεφάλα",high,1,93,"https://www.openstreetmap.org/node/9979391527"
2503,"West Greece","Αμμόλοφος",high,1,93,"https://www.openstreetmap.org/node/12101970833"
959,"Ionian Islands","Αρίλλας",high,2,93,"https://www.openstreetmap.org/node/4416587372 https://www.openstreetmap.org/node/4416202676"
594,"Crete","Chrysi Akti",high,6,95,"https://www.openstreetmap.org/node/11024389751 https://www.openstreetmap.org/node/11024389750 https://www.openstreetmap.org/node/11024389752 https://www.openstreetmap.org/node/7731095778 https://www.openstreetmap.org/node/11024389748 https://www.openstreetmap.org/node/11024389742"
36,"Attica","Πλαζ Ραφήνας",high,1,95,"https://www.openstreetmap.org/node/5150327143"
699,"Crete","Περιστερές",high,1,96,"https://www.openstreetmap.org/node/9987627131"
821,"East Macedonia and Thrace","Ποτός",high,1,96,"https://www.openstreetmap.org/node/8266904709"
544,"Crete","Νέα Χώρα",high,4,98,"https://www.openstreetmap.org/node/10827303599 https://www.openstreetmap.org/node/10064185748 https://www.openstreetmap.org/node/10827303549 https://www.openstreetmap.org/node/10064185749"
2328,"South Aegean","Μαρμάρι",high,1,98,"https://www.openstreetmap.org/node/5329840221"
3105,"Ionian Islands","Σκάλα (Κεφαλονιά)",high,1,98,"https://www.openstreetmap.org/node/6669927806"
205,"Central Greece","Αλυκές",high,3,98,"https://www.openstreetmap.org/node/12294044901 https://www.openstreetmap.org/node/12294048901 https://www.openstreetmap.org/node/12294059601"
2101,"South Aegean","Καμάρες",high,4,99,"https://www.openstreetmap.org/node/9944339122 https://www.openstreetmap.org/node/9944344128 https://www.openstreetmap.org/node/9944330921 https://www.openstreetmap.org/node/9942728821"
1113,"Ionian Islands","Μύρτος",high,1,99,"https://www.openstreetmap.org/node/11041984175"
2540,"West Greece","Παραθάλασσο",high,1,99,"https://www.openstreetmap.org/node/7834298139"
518,"Central Macedonia","Κυανή Ακτή",high,1,99,"https://www.openstreetmap.org/node/10010482643"
1825,"South Aegean","Οτζιάς",high,1,100,"https://www.openstreetmap.org/node/8913844967"
1116,"Ionian Islands","Παραλία Αγία Βαρβάρα",high,2,100,"https://www.openstreetmap.org/node/1407327329 https://www.openstreetmap.org/node/1407327343"
2463,"South Aegean","Παραλία Καρδάμης",high,1,103,"https://www.openstreetmap.org/node/12172302058"
1703,"South Aegean","Νειμποριό",high,1,103,"https://www.openstreetmap.org/node/7815579285"
794,"East Macedonia and Thrace","Ρέμβη",high,1,103,"https://www.openstreetmap.org/node/6690947301"
2438,"South Aegean","Παραλία Χαράκι",high,9,105,"https://www.openstreetmap.org/node/9840487537 https://www.openstreetmap.org/node/9840487543 https://www.openstreetmap.org/node/9840487536 https://www.openstreetmap.org/node/9840487565 https://www.openstreetmap.org/node/9840487561 https://www.openstreetmap.org/node/9840487547 https://www.openstreetmap.org/node/9840487531 https://www.openstreetmap.org/node/9840487539 https://www.openstreetmap.org/node/9840487540"
1698,"South Aegean","Γυάλια",high,1,106,"https://www.openstreetmap.org/node/7817484385"
10,"Attica","Παραλία Γλυφάδας Ακτή Γ",high,3,107,"https://www.openstreetmap.org/node/6759217437 https://www.openstreetmap.org/node/6759208909 https://www.openstreetmap.org/node/6759221613"
692,"Crete","Παραλία Δυνόνησος",high,1,115,"https://www.openstreetmap.org/node/3692047645"
386,"Central Macedonia","Blue Dream",high,1,115,"https://www.openstreetmap.org/node/5884457176"
30,"Attica","Μικρό Σέσι",high,1,119,"https://www.openstreetmap.org/node/9186762170"
936,"Ionian Islands","Dassia Beach",high,3,122,"https://www.openstreetmap.org/node/6666101583 https://www.openstreetmap.org/node/11209559440 https://www.openstreetmap.org/node/11209559441"
767,"Crete","Σχίσμα",high,1,129,"https://www.openstreetmap.org/node/5071546529"
144,"Attica","Καψάλι",high,2,131,"https://www.openstreetmap.org/node/9825200081 https://www.openstreetmap.org/node/9825200082"
3,"Attica","Παραλία Έδεμ",high,1,132,"https://www.openstreetmap.org/node/11236098240"
2415,"South Aegean","Παραλία Έλλη",high,6,138,"https://www.openstreetmap.org/node/1770373134 https://www.openstreetmap.org/node/5070152454 https://www.openstreetmap.org/node/1770373148 https://www.openstreetmap.org/node/5070152455 https://www.openstreetmap.org/node/1770373169 https://www.openstreetmap.org/node/1770373121"
1602,"Peloponnese","Χαρακιά",high,1,141,"https://www.openstreetmap.org/node/9655326817"
954,"Ionian Islands","Άγιος Στέφανος",high,3,142,"https://www.openstreetmap.org/node/8893167840 https://www.openstreetmap.org/node/13011422806 https://www.openstreetmap.org/node/8894160604"
873,"Epirus","Παραλία Αμμουδιά",high,4,144,"https://www.openstreetmap.org/node/1448658040 https://www.openstreetmap.org/node/1448658055 https://www.openstreetmap.org/node/1448658057 https://www.openstreetmap.org/node/1448657884"
462,"Central Macedonia","Παραλία Στρατώνι",high,1,144,"https://www.openstreetmap.org/node/8982376718"
2265,"South Aegean","Παραλία Καντούνι",high,1,149,"https://www.openstreetmap.org/node/10108126668"
476,"Central Macedonia","Παραλία Αρμενιστής",high,3,151,"https://www.openstreetmap.org/node/10010463797 https://www.openstreetmap.org/node/10010466441 https://www.openstreetmap.org/node/10010461772"
603,"Crete","Kalyves",high,1,152,"https://www.openstreetmap.org/node/2958895885"
519,"Central Macedonia","Μηλιές",high,1,154,"https://www.openstreetmap.org/node/11541129436"
2423,"South Aegean","Παραλία Καθαρά",high,1,157,"https://www.openstreetmap.org/node/2380388223"
1196,"Ionian Islands","Τσιλιβί",high,1,162,"https://www.openstreetmap.org/node/9922741295"
1487,"Peloponnese","Παραλία Κάντιας",high,2,170,"https://www.openstreetmap.org/node/5594711125 https://www.openstreetmap.org/node/5594718424"
2334,"South Aegean","Ταμ Ταμ",high,2,173,"https://www.openstreetmap.org/node/12168368597 https://www.openstreetmap.org/node/9007759817"
404,"Central Macedonia","Kalamitsi",high,2,183,"https://www.openstreetmap.org/node/4341725246 https://www.openstreetmap.org/node/3715704701"
1507,"Peloponnese","Ατσίγγανος",high,3,186,"https://www.openstreetmap.org/node/12218218543 https://www.openstreetmap.org/node/12218213694 https://www.openstreetmap.org/node/12218233326"
1984,"South Aegean","Άγιος Γεώργιος",high,2,189,"https://www.openstreetmap.org/node/13366376520 https://www.openstreetmap.org/node/5894606959"
2320,"South Aegean","Κόλπος Αγίου Στεφάνου",high,1,190,"https://www.openstreetmap.org/node/12035915701"
235,"Central Greece","Κορασίδα",high,1,193,"https://www.openstreetmap.org/node/12125107309"
3009,"Central Macedonia","Νέα Ρόδα",high,1,195,"https://www.openstreetmap.org/node/7935757059"
948,"Ionian Islands","Moraitika Beach",high,1,196,"https://www.openstreetmap.org/node/13183531301"
1260,"North Aegean","Καρφάς",high,1,197,"https://www.openstreetmap.org/node/11102574824"
442,"Central Macedonia","Sani Hill",high,1,198,"https://www.openstreetmap.org/node/5884457157"
2446,"South Aegean","Παραλία Πεύκοι",high,1,201,"https://www.openstreetmap.org/node/12247804522"
1006,"Ionian Islands","Παραλία Αγίου Γορδίου",high,1,203,"https://www.openstreetmap.org/node/3611402837"
2326,"South Aegean","Μαλιμπού",high,1,213,"https://www.openstreetmap.org/node/9003069218"
899,"Epirus","Καραβοστάσι",high,2,217,"https://www.openstreetmap.org/way/690033930 https://www.openstreetmap.org/node/5246845825"
693,"Crete","Παραλία Επισκοπής",high,1,231,"https://www.openstreetmap.org/node/9968280153"
1717,"South Aegean","Παραπόρτι",high,2,232,"https://www.openstreetmap.org/node/7823341888 https://www.openstreetmap.org/node/7823341986"
986,"Ionian Islands","Παραλία Αχαράβης",high,1,233,"https://www.openstreetmap.org/node/9627710291"
1519,"Peloponnese","Πούλιθρα",high,1,235,"https://www.openstreetmap.org/node/13655210242"
1183,"Ionian Islands","Αλυκανάς",high,1,236,"https://www.openstreetmap.org/node/9932166950"
508,"Central Macedonia","Παραλία Κατερίνης",high,2,243,"https://www.openstreetmap.org/node/5339737362 https://www.openstreetmap.org/node/12917293342"
2406,"South Aegean","Παραλία Καλλιθέας (Nicolas)",medium,1,83,"https://www.openstreetmap.org/node/8940685958"
922,"Epirus","Σοφάς",medium,1,87,"https://www.openstreetmap.org/way/1327618649"
679,"Crete","Καλυψώ",medium,1,91,"https://www.openstreetmap.org/node/11114412180"
913,"Epirus","Παραλία Καλάμι",medium,2,91,"https://www.openstreetmap.org/node/9301460461 https://www.openstreetmap.org/node/9301460458"
430,"Central Macedonia","Oneiro",medium,1,91,"https://www.openstreetmap.org/node/5081651699"
477,"Central Macedonia","Παραλία Ποσείδι",medium,1,97,"https://www.openstreetmap.org/node/5909678547"
1497,"Peloponnese","Ίρια",medium,1,102,"https://www.openstreetmap.org/way/366983280"
1098,"Ionian Islands","Καραβόμυλος",medium,1,106,"https://www.openstreetmap.org/node/26860001"
686,"Crete","Λίμνη",medium,4,120,"https://www.openstreetmap.org/node/12146875737 https://www.openstreetmap.org/node/9133133555 https://www.openstreetmap.org/node/9149448573 https://www.openstreetmap.org/node/12146875736"
2011,"South Aegean","Πάνορμος",medium,1,121,"https://www.openstreetmap.org/node/11102676806"
33,"Attica","Παραλία Μαραθώνα",medium,1,122,"https://www.openstreetmap.org/node/12304287601"
248,"Central Greece","Λιμνιωνάκι",medium,1,128,"https://www.openstreetmap.org/node/13072264607"
818,"East Macedonia and Thrace","Παραδείσος",medium,1,129,"https://www.openstreetmap.org/node/9047456096"
973,"Ionian Islands","Μανδράκι",medium,1,131,"https://www.openstreetmap.org/node/1340038270"
392,"Central Macedonia","Dimotiki Plaz 2",medium,1,136,"https://www.openstreetmap.org/node/12851079091"
1634,"Peloponnese","Παραλία Καλαμάτας",low,1,152,"https://www.openstreetmap.org/node/12299047001"
312,"Central Greece","Χιλιαδού παραλία Γυμνιστών",low,1,153,"https://www.openstreetmap.org/node/4708454679"
512,"Central Macedonia","Παραλία Αγγελοχωρίου",low,1,153,"https://www.openstreetmap.org/way/513680068"
799,"East Macedonia and Thrace","Παχυνάμμος",low,1,164,"https://www.openstreetmap.org/node/5936957155"
1166,"Ionian Islands","Μικρός Γιαλός",low,1,168,"https://www.openstreetmap.org/way/369336497"
785,"East Macedonia and Thrace","Παραλία Καβάλας",low,1,178,"https://www.openstreetmap.org/node/6721205457"
3033,"Crete","Χερσόνησος Αγκισαράς",low,3,180,"https://www.openstreetmap.org/node/6749938404 https://www.openstreetmap.org/node/5334811069 https://www.openstreetmap.org/node/3703769604"
1146,"Ionian Islands","Άγιος Ιωάννης",low,1,184,"https://www.openstreetmap.org/node/5767900986"
1991,"South Aegean","Βίντζι",low,1,186,"https://www.openstreetmap.org/node/9001579188"
1140,"Ionian Islands","Δεσίμι",low,1,186,"https://www.openstreetmap.org/node/1421704277"
1354,"North Aegean","Παραλία Γυμνιστών Ερεσού",low,1,192,"https://www.openstreetmap.org/node/12207251964"
1570,"Peloponnese","Μώλος",low,1,193,"https://www.openstreetmap.org/node/10815737698"
1750,"South Aegean","Λιβάδι",low,5,198,"https://www.openstreetmap.org/node/3761738080 https://www.openstreetmap.org/node/3761738067 https://www.openstreetmap.org/node/3761738063 https://www.openstreetmap.org/node/3761738075 https://www.openstreetmap.org/node/3761736923"
2579,"West Greece","Φάλαρι",low,1,202,"https://www.openstreetmap.org/node/4708036240"
963,"Ionian Islands","Καλυβιώτης",low,1,202,"https://www.openstreetmap.org/node/13049504257"
677,"Crete","Γεροπόταμος",low,1,207,"https://www.openstreetmap.org/node/4416568089"
1059,"Ionian Islands","Μπραγκίνι",low,1,222,"https://www.openstreetmap.org/node/12033645949"
2700,"Thessaly","Μυλοπόταμος",low,1,224,"https://www.openstreetmap.org/node/6627684627"
1171,"Ionian Islands","Πόρτο Κάτσικι",low,1,242,"https://www.openstreetmap.org/node/5289167725"
443,"Central Macedonia","Sarti",low,1,242,"https://www.openstreetmap.org/node/5047548601"
2412,"South Aegean","Κόκκινα",low,1,247,"https://www.openstreetmap.org/node/2369344294"
