id	name	region	category	file	hits
1454	Megalo Fanaraki	Lemnos	Category:Beaches of Lemnos	Fanaraki, Lemnos.jpeg	fanaraki
1455	Mikro Fanaraki	Lemnos	Category:Beaches of Lemnos	Fanaraki, Lemnos.jpeg	fanaraki
1418	Psili Ammos Marathokampou	Samos	Category:Beaches of Samos	Psili Ammos. - panoramio.jpg	psili|ammos
998	Paralia Bouka	Corfu	Category:Beaches of Corfu	Boukaris, Korfu 01.jpg	bouka
998	Paralia Bouka	Corfu	Category:Beaches of Corfu	Boukaris, Korfu 02.jpg	bouka
998	Paralia Bouka	Corfu	Category:Beaches of Corfu	Boukaris, Korfu 03.jpg	bouka
998	Paralia Bouka	Corfu	Category:Beaches of Corfu	Boukaris, Korfu 04.jpg	bouka
998	Paralia Bouka	Corfu	Category:Beaches of Corfu	BoukarisCorfuJuly162022.jpg	bouka
998	Paralia Bouka	Corfu	Category:Beaches of Corfu	BoukarisCorfuJuly172022.jpg	bouka
949	Nissaki Beach	Corfu	Category:Beaches of Corfu	Hotel Nissaki Corfu.jpg	nissaki
992	Paralia Kontokaliou	Corfu	Category:Beaches of Corfu	Kontokali durrells willa.jpg	kontokaliou
992	Paralia Kontokaliou	Corfu	Category:Beaches of Corfu	Twilight on Kontokali Bay, Corfu.jpg	kontokaliou
380	Agios Nikolaos	Halkidiki	Category:Beaches of Chalkidiki	Pirgos Beach Agios Nikolaos Chalkidiki 001.jpg	nikolaos
2598	Milia	Alonissos	Category:Beaches of Alonissos	Aerial view of Chrisi Milia Beach, Alonnisos, Greece (51696653045).jpg	milia
2598	Milia	Alonissos	Category:Beaches of Alonissos	Chrisi Milia Beach, Alonnisos, Greece (51696654485).jpg	milia
2598	Milia	Alonissos	Category:Beaches of Alonissos	Top-down aerial of Chrisi Milia Beach, Alonnisos, Greece (51696661665).jpg	milia
