score	id	name	region	slug	idx	dist	license	source	title	page
110	1305	Partheni	Ikaria	north-aegean-ikaria	1	99999	by 2.0	openverse:wikimedia	Taverna Partheni Beach Ikaria	https://commons.wikimedia.org/w/index.php?curid=115222669
110	1305	Partheni	Ikaria	north-aegean-ikaria	3	99999	CC BY 2.0	commons-name	Taverna Partheni Beach Ikaria.jpg	https://commons.wikimedia.org/wiki/File%3ATaverna%20Partheni%20Beach%20Ikaria.jpg
110	2500	Marathi	Marathi	south-aegean-marathi	2	99999	CC BY 4.0	commons-name	WSC2025-Denpasar-sanur beach-Punjabi-Marathi-Tamil participants.jpg	https://commons.wikimedia.org/wiki/File%3AWSC2025-Denpasar-sanur%20beach-Punjabi-Marathi-Tamil%20participants.jpg
110	1038	Ozias	Paxos	ionian-islands-paxos	5	444	CC BY-SA 4.0	commons-geo(444m)	Ozias Bay and Andipaxos.jpg	https://commons.wikimedia.org/wiki/File%3AOzias%20Bay%20and%20Andipaxos.jpg
110	2624	Achladies	Skiathos	thessaly-skiathos	0	158	CC0	commons-geo(158m)	Achladies Apartments, Skiathos, Greece (Unsplash).jpg	https://commons.wikimedia.org/wiki/File%3AAchladies%20Apartments%2C%20Skiathos%2C%20Greece%20(Unsplash).jpg
108	558	Paralia Lissos	Chania	crete-crete-chania	0	87	CC BY-SA 4.0	commons-geo(87m)	Lissos hlavice sloupu.jpg	https://commons.wikimedia.org/wiki/File%3ALissos%20hlavice%20sloupu.jpg
108	3069	Paralia Kerasia	Corfu	ionian-islands-corfu	0	109	CC BY 3.0	commons-geo(109m)	Zakynthos May 2009 - Kerasia - panoramio.jpg	https://commons.wikimedia.org/wiki/File%3AZakynthos%20May%202009%20-%20Kerasia%20-%20panoramio.jpg
108	1317	Kampi	Fournoi	north-aegean-fournoi	0	112	CC BY 3.0	commons-geo(112m)	Kampi ,Furnoi - panoramio.jpg	https://commons.wikimedia.org/wiki/File%3AKampi%20%2CFurnoi%20-%20panoramio.jpg
108	1018	Mongonisi	Paxos	ionian-islands-paxos	5	102	CC BY-SA 4.0	commons-geo(102m)	Olive grove on Mongonisi.jpg	https://commons.wikimedia.org/wiki/File%3AOlive%20grove%20on%20Mongonisi.jpg
108	672	Agia Marina	Rethymno	crete-crete-rethymno	1	99	CC BY-SA 4.0	commons-geo(99m)	Rodakino Ekklisia Agia Marina 02.JPG	https://commons.wikimedia.org/wiki/File%3ARodakino%20Ekklisia%20Agia%20Marina%2002.JPG
108	672	Agia Marina	Rethymno	crete-crete-rethymno	2	100	CC BY-SA 4.0	commons-geo(100m)	Rodakino Ekklisia Agia Marina Bell 01.JPG	https://commons.wikimedia.org/wiki/File%3ARodakino%20Ekklisia%20Agia%20Marina%20Bell%2001.JPG
108	672	Agia Marina	Rethymno	crete-crete-rethymno	3	100	CC BY-SA 4.0	commons-geo(100m)	Rodakino Ekklisia Agia Marina Bell 02.JPG	https://commons.wikimedia.org/wiki/File%3ARodakino%20Ekklisia%20Agia%20Marina%20Bell%2002.JPG
108	672	Agia Marina	Rethymno	crete-crete-rethymno	4	103	CC BY-SA 4.0	commons-geo(103m)	Rodakino Ekklisia Agia Marina 01.JPG	https://commons.wikimedia.org/wiki/File%3ARodakino%20Ekklisia%20Agia%20Marina%2001.JPG
108	672	Agia Marina	Rethymno	crete-crete-rethymno	5	109	CC BY-SA 4.0	commons-geo(109m)	Rodakino Ekklisia Agia Marina Interior 01.JPG	https://commons.wikimedia.org/wiki/File%3ARodakino%20Ekklisia%20Agia%20Marina%20Interior%2001.JPG
105	629	Psili Ammos	Heraklion	crete-crete-heraklion	2	99999	CC BY 3.0	commons-name	Vai Psili Ammos 07.jpg	https://commons.wikimedia.org/wiki/File%3AVai%20Psili%20Ammos%2007.jpg
105	629	Psili Ammos	Heraklion	crete-crete-heraklion	3	99999	CC BY 3.0	commons-name	Vai Psili Ammos 01.jpg	https://commons.wikimedia.org/wiki/File%3AVai%20Psili%20Ammos%2001.jpg
105	629	Psili Ammos	Heraklion	crete-crete-heraklion	4	99999	CC BY 3.0	commons-name	Vai Psili Ammos 09.jpg	https://commons.wikimedia.org/wiki/File%3AVai%20Psili%20Ammos%2009.jpg
105	629	Psili Ammos	Heraklion	crete-crete-heraklion	5	99999	CC BY 3.0	commons-name	Vai Psili Ammos 04.jpg	https://commons.wikimedia.org/wiki/File%3AVai%20Psili%20Ammos%2004.jpg
105	629	Psili Ammos	Heraklion	crete-crete-heraklion	6	99999	CC BY 3.0	commons-name	Vai Psili Ammos 02.jpg	https://commons.wikimedia.org/wiki/File%3AVai%20Psili%20Ammos%2002.jpg
105	1837	Psili Ammos	Kea	south-aegean-kea	2	99999	CC BY 3.0	commons-name	Vai Psili Ammos 07.jpg	https://commons.wikimedia.org/wiki/File%3AVai%20Psili%20Ammos%2007.jpg
105	1837	Psili Ammos	Kea	south-aegean-kea	3	99999	CC BY 3.0	commons-name	Vai Psili Ammos 01.jpg	https://commons.wikimedia.org/wiki/File%3AVai%20Psili%20Ammos%2001.jpg
105	1837	Psili Ammos	Kea	south-aegean-kea	4	99999	CC BY 3.0	commons-name	Vai Psili Ammos 09.jpg	https://commons.wikimedia.org/wiki/File%3AVai%20Psili%20Ammos%2009.jpg
105	1837	Psili Ammos	Kea	south-aegean-kea	5	99999	CC BY 3.0	commons-name	Vai Psili Ammos 04.jpg	https://commons.wikimedia.org/wiki/File%3AVai%20Psili%20Ammos%2004.jpg
105	1837	Psili Ammos	Kea	south-aegean-kea	6	99999	CC BY 3.0	commons-name	Vai Psili Ammos 10.jpg	https://commons.wikimedia.org/wiki/File%3AVai%20Psili%20Ammos%2010.jpg
105	698	Pachia Ammos	Rethymno	crete-crete-rethymno	0	99999	by 4.0	openverse:wikimedia	Pachia Ammos beach, Samothraki, Greece	https://commons.wikimedia.org/w/index.php?curid=179137908
105	698	Pachia Ammos	Rethymno	crete-crete-rethymno	1	99999	by-sa 3.0	openverse:wikimedia	Pachia Ammos	https://commons.wikimedia.org/w/index.php?curid=2321976
105	698	Pachia Ammos	Rethymno	crete-crete-rethymno	2	99999	CC BY-SA 4.0	commons-name	Pachia Ammos Beach, Samothrace.jpg	https://commons.wikimedia.org/wiki/File%3APachia%20Ammos%20Beach%2C%20Samothrace.jpg
105	698	Pachia Ammos	Rethymno	crete-crete-rethymno	3	99999	CC BY 4.0	commons-name	Pachia Ammos beach, Samothraki, Greece.jpg	https://commons.wikimedia.org/wiki/File%3APachia%20Ammos%20beach%2C%20Samothraki%2C%20Greece.jpg
105	698	Pachia Ammos	Rethymno	crete-crete-rethymno	4	99999	CC BY-SA 3.0	commons-name	Pachia Ammos.jpg	https://commons.wikimedia.org/wiki/File%3APachia%20Ammos.jpg
105	3060	Porto Fino	Salamina	attica-salamina	1	99999	CC BY-SA 4.0	commons-name	Ristorante Pizzeria Porto Fino, Quito, Ecuador.JPG	https://commons.wikimedia.org/wiki/File%3ARistorante%20Pizzeria%20Porto%20Fino%2C%20Quito%2C%20Ecuador.JPG
105	3060	Porto Fino	Salamina	attica-salamina	2	99999	Public domain	commons-name	John Robert Cozens - Promontory of Porto Fino - Google Art Project.jpg	https://commons.wikimedia.org/wiki/File%3AJohn%20Robert%20Cozens%20-%20Promontory%20of%20Porto%20Fino%20-%20Google%20Art%20Project.jpg
105	3060	Porto Fino	Salamina	attica-salamina	3	99999	Public domain	commons-name	Andrew Wilson - Off Porto Fino - NG 1924 - National Galleries of Scotland.jpg	https://commons.wikimedia.org/wiki/File%3AAndrew%20Wilson%20-%20Off%20Porto%20Fino%20-%20NG%201924%20-%20National%20Galleries%20of%20Scotland.jpg
105	3060	Porto Fino	Salamina	attica-salamina	4	99999	Public domain	commons-name	Andrew Wilson (1780-1848) - Off Porto Fino - NG 1924 - National Galleries of Scotland.jpg	https://commons.wikimedia.org/wiki/File%3AAndrew%20Wilson%20(1780-1848)%20-%20Off%20Porto%20Fino%20-%20NG%201924%20-%20National%20Galleries%20of%20Scotland.jpg
105	3060	Porto Fino	Salamina	attica-salamina	5	99999	Public domain	commons-name	No.41. Plan of Porto Fino. By Seignior Ayrouard. No. 42. The The road of Sestri. By Seignior Ayrouard. No. 45. The road of (IA dr no41-plan-of-porto-fino-by-seignior-ayrouard-no-42-the-the-road-of-se-13404018).jpg	https://commons.wikimedia.org/wiki/File%3ANo.41.%20Plan%20of%20Porto%20Fino.%20By%20Seignior%20Ayrouard.%20No.%2042.%20The%20The%20road%20of%20Sestri.%20By%20Seignior%20Ayrouard.%20No.%2045.%20The%20road%20of%20(IA%20dr%20no41-plan-of-porto-fino-by-seignior-ayrouard-no-42-the-the-road-of-se-13404018).jpg
105	2218	Psili Ammos	Schinoussa	south-aegean-schinoussa	6	99999	CC BY 3.0	commons-name	Vai Psili Ammos 07.jpg	https://commons.wikimedia.org/wiki/File%3AVai%20Psili%20Ammos%2007.jpg
105	2218	Psili Ammos	Schinoussa	south-aegean-schinoussa	7	99999	CC BY 3.0	commons-name	Vai Psili Ammos 01.jpg	https://commons.wikimedia.org/wiki/File%3AVai%20Psili%20Ammos%2001.jpg
105	518	Kyani Akti	Thessaloniki area	central-macedonia-thessaloniki-area	0	99999	CC BY-SA 4.0	commons-name	Kyani Akti 01.JPG	https://commons.wikimedia.org/wiki/File%3AKyani%20Akti%2001.JPG
105	518	Kyani Akti	Thessaloniki area	central-macedonia-thessaloniki-area	1	99999	CC BY-SA 4.0	commons-name	Kimisis tis Theotokou (Kyani Akti) 4.JPG	https://commons.wikimedia.org/wiki/File%3AKimisis%20tis%20Theotokou%20(Kyani%20Akti)%204.JPG
105	518	Kyani Akti	Thessaloniki area	central-macedonia-thessaloniki-area	2	99999	CC BY-SA 4.0	commons-name	Kimisis tis Theotokou (Kyani Akti) 2.JPG	https://commons.wikimedia.org/wiki/File%3AKimisis%20tis%20Theotokou%20(Kyani%20Akti)%202.JPG
105	518	Kyani Akti	Thessaloniki area	central-macedonia-thessaloniki-area	3	99999	CC BY-SA 4.0	commons-name	Kimisis tis Theotokou (Kyani Akti) 1.JPG	https://commons.wikimedia.org/wiki/File%3AKimisis%20tis%20Theotokou%20(Kyani%20Akti)%201.JPG
105	518	Kyani Akti	Thessaloniki area	central-macedonia-thessaloniki-area	4	99999	CC BY-SA 4.0	commons-name	Kimisis tis Theotokou (Kyani Akti) 3.JPG	https://commons.wikimedia.org/wiki/File%3AKimisis%20tis%20Theotokou%20(Kyani%20Akti)%203.JPG
102	1305	Partheni	Ikaria	north-aegean-ikaria	0	99999	by 2.0	openverse:flickr	Taverna Partheni Beach Ikaria	https://www.flickr.com/photos/142059800@N03/27854947354
102	2500	Marathi	Marathi	south-aegean-marathi	0	99999	by-sa 2.0	openverse:flickr	Marathi beach	https://www.flickr.com/photos/39824826@N08/9678897850
98	590	Aptera	Chania	crete-crete-chania	1	99999	by-sa 4.0	openverse:wikimedia	Clay pyxis, Minoan funeral ceremony, Aptera, 1300-1250 BC, AM Chania, 076150	https://commons.wikimedia.org/w/index.php?curid=53278181
98	949	Nissaki Beach	Corfu	ionian-islands-corfu	5	99999	CC BY-SA 3.0	commons-name	Hotel Nissaki Corfu.jpg	https://commons.wikimedia.org/wiki/File%3AHotel%20Nissaki%20Corfu.jpg
98	3104	Paralia Filiatro (Kioni)	Ithaca	ionian-islands-ithaca	2	373	CC BY-SA 3.0	commons-geo(373m)	Ithaca - Kioni - panoramio.jpg	https://commons.wikimedia.org/wiki/File%3AIthaca%20-%20Kioni%20-%20panoramio.jpg
98	2500	Marathi	Marathi	south-aegean-marathi	7	99999	CC BY-SA 2.0	commons-name	Dupani Lata (Marathi- दुपानी लता) (2223026968).jpg	https://commons.wikimedia.org/wiki/File%3ADupani%20Lata%20(Marathi-%20%E0%A4%A6%E0%A5%81%E0%A4%AA%E0%A4%BE%E0%A4%A8%E0%A5%80%20%E0%A4%B2%E0%A4%A4%E0%A4%BE)%20(2223026968).jpg
98	3015	Patmos Kampos	Patmos	south-aegean-patmos	0	295	CC0	commons-geo(295m)	Patmos 20180531114235 (41768252244).jpg	https://commons.wikimedia.org/wiki/File%3APatmos%2020180531114235%20(41768252244).jpg
98	1018	Mongonisi	Paxos	ionian-islands-paxos	0	99999	by-sa 4.0	openverse:wikimedia	Southern Tips of Paxos and Mongonisi	https://commons.wikimedia.org/w/index.php?curid=148688303
97	629	Psili Ammos	Heraklion	crete-crete-heraklion	0	99999	by 2.0	openverse:flickr	Psili Ammos, Serifos	https://www.flickr.com/photos/58661913@N00/14503376603
97	629	Psili Ammos	Heraklion	crete-crete-heraklion	1	99999	by 2.0	openverse:flickr	Psili Ammos, Serifos	https://www.flickr.com/photos/58661913@N00/14296624780
97	1837	Psili Ammos	Kea	south-aegean-kea	0	99999	by 2.0	openverse:flickr	Psili Ammos, Serifos	https://www.flickr.com/photos/58661913@N00/14503376603
97	1837	Psili Ammos	Kea	south-aegean-kea	1	99999	by 2.0	openverse:flickr	Psili Ammos, Serifos	https://www.flickr.com/photos/58661913@N00/14296624780
97	2218	Psili Ammos	Schinoussa	south-aegean-schinoussa	2	99999	by 2.0	openverse:flickr	Psili Ammos, Serifos	https://www.flickr.com/photos/58661913@N00/14503376603
97	2218	Psili Ammos	Schinoussa	south-aegean-schinoussa	3	99999	by 2.0	openverse:flickr	Psili Ammos, Serifos	https://www.flickr.com/photos/58661913@N00/14296624780
97	2091	Platys Gialos	Serifos	south-aegean-serifos	0	99999	by 2.0	openverse:flickr	Mykonos Platys Gialos	https://www.flickr.com/photos/48889088479@N01/1371142283
97	2091	Platys Gialos	Serifos	south-aegean-serifos	1	99999	by 2.0	openverse:flickr	Platys Gialos a Mykonos	https://www.flickr.com/photos/48889088479@N01/1372028794
97	2091	Platys Gialos	Serifos	south-aegean-serifos	2	99999	by-sa 2.0	openverse:flickr	PLATYS GIALOS BEACH 2	https://www.flickr.com/photos/22397882@N07/2177463467
97	2091	Platys Gialos	Serifos	south-aegean-serifos	3	99999	by-sa 2.0	openverse:flickr	PLATYS GIALOS BEACH 1	https://www.flickr.com/photos/22397882@N07/2415372783
97	2182	Platys Gialos	Tinos	south-aegean-tinos	0	99999	by 2.0	openverse:flickr	Mykonos Platys Gialos	https://www.flickr.com/photos/48889088479@N01/1371142283
97	2182	Platys Gialos	Tinos	south-aegean-tinos	1	99999	by 2.0	openverse:flickr	Platys Gialos a Mykonos	https://www.flickr.com/photos/48889088479@N01/1372028794
97	2182	Platys Gialos	Tinos	south-aegean-tinos	2	99999	by-sa 2.0	openverse:flickr	PLATYS GIALOS BEACH 2	https://www.flickr.com/photos/22397882@N07/2177463467
97	2182	Platys Gialos	Tinos	south-aegean-tinos	3	99999	by-sa 2.0	openverse:flickr	PLATYS GIALOS BEACH 1	https://www.flickr.com/photos/22397882@N07/2415372783
95	2504	Vathi	Achaia	west-greece-achaia-mainland	3	99999	by-sa 4.0	openverse:wikimedia	Beach Vathi	https://commons.wikimedia.org/w/index.php?curid=112398204
95	2597	Megali Ammos	Alonissos	thessaly-alonissos	4	99999	by 2.0	openverse:wikimedia	Aerial view of Megali Ammos Beach, Skiathos, Greece (51694922032)	https://commons.wikimedia.org/w/index.php?curid=112756263
95	2597	Megali Ammos	Alonissos	thessaly-alonissos	5	99999	by 2.0	openverse:wikimedia	The Aegean Sea at Megali Ammos Beach, Skiathos, Greece (51695712866)	https://commons.wikimedia.org/w/index.php?curid=112756272
95	2597	Megali Ammos	Alonissos	thessaly-alonissos	6	99999	by 2.0	openverse:wikimedia	Megali Ammos Beach in Skiathos, Greece (51696573210)	https://commons.wikimedia.org/w/index.php?curid=112756163
95	3093	Megali Ammos	Alonissos	thessaly-alonissos	4	99999	by 2.0	openverse:wikimedia	Aerial view of Megali Ammos Beach, Skiathos, Greece (51694922032)	https://commons.wikimedia.org/w/index.php?curid=112756263
95	3093	Megali Ammos	Alonissos	thessaly-alonissos	5	99999	by 2.0	openverse:wikimedia	The Aegean Sea at Megali Ammos Beach, Skiathos, Greece (51695712866)	https://commons.wikimedia.org/w/index.php?curid=112756272
95	3093	Megali Ammos	Alonissos	thessaly-alonissos	6	99999	by 2.0	openverse:wikimedia	Megali Ammos Beach in Skiathos, Greece (51696573210)	https://commons.wikimedia.org/w/index.php?curid=112756163
95	1687	Agios Ioannis	Andros	south-aegean-andros	5	99999	by-sa 4.0	openverse:wikimedia	Yellow buoys, Agios Ioannis Beach, Tinos, Greece julesvernex2-2	https://commons.wikimedia.org/w/index.php?curid=181468846
95	1687	Agios Ioannis	Andros	south-aegean-andros	6	99999	by-sa 4.0	openverse:wikimedia	Bamboo pergola, Balaouro Restaurant, Agios Ioannis Beach, Tinos, Greece julesvernex2	https://commons.wikimedia.org/w/index.php?curid=181468864
95	1687	Agios Ioannis	Andros	south-aegean-andros	7	99999	by-sa 4.0	openverse:wikimedia	Gabriel waiting for a glass of water, Balaouro Restaurant, Agios Ioannis Beach, Tinos, Greece julesvernex2	https://commons.wikimedia.org/w/index.php?curid=181468861
95	1700	Kalamitsi	Andros	south-aegean-andros	0	99999	by-sa 3.0	openverse:wikimedia	20100726 Kalamitsi Beach Ionian Sea Lefkada island Greece	https://commons.wikimedia.org/w/index.php?curid=11326468
95	1045	Kalamitsa	Antipaxos	ionian-islands-antipaxos	0	99999	by-sa 4.0	openverse:wikimedia	Kalamitsa beach Kavala	https://commons.wikimedia.org/w/index.php?curid=99116014
95	1045	Kalamitsa	Antipaxos	ionian-islands-antipaxos	1	99999	CC BY-SA 4.0	commons-name	Kalamitsa beach Kavala.jpg	https://commons.wikimedia.org/wiki/File%3AKalamitsa%20beach%20Kavala.jpg
95	1045	Kalamitsa	Antipaxos	ionian-islands-antipaxos	2	99999	CC BY-SA 4.0	commons-name	Kalamitsa beach, Kavala.jpg	https://commons.wikimedia.org/wiki/File%3AKalamitsa%20beach%2C%20Kavala.jpg
95	1043	Sarakiniko	Antipaxos	ionian-islands-antipaxos	4	99999	CC BY-SA 4.0	commons-name	Small part of land between Simos and Sarakiniko Beach in Elafonissos.jpg	https://commons.wikimedia.org/wiki/File%3ASmall%20part%20of%20land%20between%20Simos%20and%20Sarakiniko%20Beach%20in%20Elafonissos.jpg
95	588	Alonaki	Chania	crete-crete-chania	0	99999	CC BY-SA 4.0	commons-name	Alonaki Beach Acheron Preveza.jpg	https://commons.wikimedia.org/wiki/File%3AAlonaki%20Beach%20Acheron%20Preveza.jpg
95	588	Alonaki	Chania	crete-crete-chania	1	99999	CC BY-SA 4.0	commons-name	Alonaki Beach, Preveza. Photo Harry Gouvas.jpg	https://commons.wikimedia.org/wiki/File%3AAlonaki%20Beach%2C%20Preveza.%20Photo%20Harry%20Gouvas.jpg
95	537	Loutraki	Chania	crete-crete-chania	3	99999	by-sa 3.0	openverse:wikimedia	Loutraki Beach	https://commons.wikimedia.org/w/index.php?curid=31157304
95	1060	Porto	Erikoussa	ionian-islands-erikoussa	7	99999	CC BY-SA 3.0	commons-name	Porto Katsiki SF 0001.jpg	https://commons.wikimedia.org/wiki/File%3APorto%20Katsiki%20SF%200001.jpg
95	336	Agios Vasilios	Fokida	central-greece-fokida-mainland	0	99999	by-sa 4.0	openverse:wikimedia	Beach of Agios Georgios (Agios Vasilios) 02	https://commons.wikimedia.org/w/index.php?curid=141651541
95	336	Agios Vasilios	Fokida	central-greece-fokida-mainland	1	99999	by-sa 4.0	openverse:wikimedia	Beach of Agios Georgios (Agios Vasilios) 01	https://commons.wikimedia.org/w/index.php?curid=141649203
95	618	Agios Ioannis	Gavdos	crete-gavdos	5	99999	by-sa 4.0	openverse:wikimedia	Bamboo pergola, Balaouro Restaurant, Agios Ioannis Beach, Tinos, Greece julesvernex2	https://commons.wikimedia.org/w/index.php?curid=181468864
95	618	Agios Ioannis	Gavdos	crete-gavdos	6	99999	by-sa 4.0	openverse:wikimedia	Gabriel waiting for a glass of water, Balaouro Restaurant, Agios Ioannis Beach, Tinos, Greece julesvernex2	https://commons.wikimedia.org/w/index.php?curid=181468861
95	618	Agios Ioannis	Gavdos	crete-gavdos	7	99999	by-sa 4.0	openverse:wikimedia	Wall detail under light filtered by a pergola, Balaouro Restaurant, Agios Ioannis Beach, Tinos, Greece julesvernex2	https://commons.wikimedia.org/w/index.php?curid=181468854
95	438	Porfi	Halkidiki	central-macedonia-halkidiki-mainland	3	99999	CC BY-SA 3.0	commons-name	Мини-часовня недалеко от отеля Porfi Beach - panoramio.jpg	https://commons.wikimedia.org/wiki/File%3A%D0%9C%D0%B8%D0%BD%D0%B8-%D1%87%D0%B0%D1%81%D0%BE%D0%B2%D0%BD%D1%8F%20%D0%BD%D0%B5%D0%B4%D0%B0%D0%BB%D0%B5%D0%BA%D0%BE%20%D0%BE%D1%82%20%D0%BE%D1%82%D0%B5%D0%BB%D1%8F%20Porfi%20Beach%20-%20panoramio.jpg
95	2566	Arkoudi	Ileia	west-greece-ileia-mainland	3	99999	Public domain	commons-name	ISS064-E-10557 - View of Greece - Ithaka (Kioni Bay) - Arkoudi - Atokos (cropped).jpg	https://commons.wikimedia.org/wiki/File%3AISS064-E-10557%20-%20View%20of%20Greece%20-%20Ithaka%20(Kioni%20Bay)%20-%20Arkoudi%20-%20Atokos%20(cropped).jpg
95	2299	Votsalakia	Karpathos	south-aegean-karpathos	1	99999	by-sa 4.0	openverse:wikimedia	Kampos Votsalakia beach 1	https://commons.wikimedia.org/w/index.php?curid=72871292
95	2299	Votsalakia	Karpathos	south-aegean-karpathos	2	99999	by-sa 4.0	openverse:wikimedia	Kampos Votsalakia beach 2	https://commons.wikimedia.org/w/index.php?curid=72871294
95	2299	Votsalakia	Karpathos	south-aegean-karpathos	3	99999	CC BY-SA 4.0	commons-name	Votsalakia beach 2.jpg	https://commons.wikimedia.org/wiki/File%3AVotsalakia%20beach%202.jpg
95	2299	Votsalakia	Karpathos	south-aegean-karpathos	4	99999	CC BY-SA 3.0	commons-name	20200104 Votsalakia Beach Piraeus Q25166884.jpg	https://commons.wikimedia.org/wiki/File%3A20200104%20Votsalakia%20Beach%20Piraeus%20Q25166884.jpg
95	2299	Votsalakia	Karpathos	south-aegean-karpathos	5	99999	CC BY-SA 4.0	commons-name	Votsalakia beach 1.jpg	https://commons.wikimedia.org/wiki/File%3AVotsalakia%20beach%201.jpg
95	1846	Kalamitsi	Kimolos	south-aegean-kimolos	0	99999	by-sa 3.0	openverse:wikimedia	20100726 Kalamitsi Beach Ionian Sea Lefkada island Greece	https://commons.wikimedia.org/w/index.php?curid=11326468
95	1541	Sykia	Korinthia	peloponnese-korinthia-mainland	0	99999	by-sa 2.0	openverse:wikimedia	File:Kavourotripes Beach, Sykia, Sithonia, Chalkidiki, Greece 02.jpg	https://commons.wikimedia.org/w/index.php?curid=4042393
95	1541	Sykia	Korinthia	peloponnese-korinthia-mainland	1	99999	by-sa 2.0	openverse:wikimedia	File:Tourkolimano Beach, Sykia, Chalkidiki, Greece.jpg	https://commons.wikimedia.org/w/index.php?curid=4042391
95	1541	Sykia	Korinthia	peloponnese-korinthia-mainland	4	99999	by-sa 4.0	openverse:wikimedia	Tigania Beach (Kriastri Twin Beach, Kriaritsi), Sykia Chalkidikis 630 72, Greece 04	https://commons.wikimedia.org/w/index.php?curid=152468499
95	1541	Sykia	Korinthia	peloponnese-korinthia-mainland	5	99999	by-sa 4.0	openverse:wikimedia	Tigania Beach (Kriastri Twin Beach, Kriaritsi), Sykia Chalkidikis 630 72, Greece 05	https://commons.wikimedia.org/w/index.php?curid=152468500
95	1541	Sykia	Korinthia	peloponnese-korinthia-mainland	6	99999	by-sa 4.0	openverse:wikimedia	Tigania Beach (Kriastri Twin Beach, Kriaritsi), Sykia Chalkidikis 630 72, Greece 01	https://commons.wikimedia.org/w/index.php?curid=152468496
95	1541	Sykia	Korinthia	peloponnese-korinthia-mainland	7	99999	by-sa 4.0	openverse:wikimedia	Tigania Beach (Kriastri Twin Beach, Kriaritsi), Sykia Chalkidikis 630 72, Greece 02	https://commons.wikimedia.org/w/index.php?curid=152468495
95	133	Limnionas	Kythira	attica-kythira	2	99999	by 2.0	openverse:wikimedia	Porto Limnionas beach Zakynthos, Greece (46474702631)	https://commons.wikimedia.org/w/index.php?curid=79058985
95	1567	Megali Ammos	Lakonia	peloponnese-lakonia-mainland	2	99999	CC BY 2.0	commons-name	Megali Ammos Beach in Skiathos, Greece (51696573210).jpg	https://commons.wikimedia.org/wiki/File%3AMegali%20Ammos%20Beach%20in%20Skiathos%2C%20Greece%20(51696573210).jpg
95	1567	Megali Ammos	Lakonia	peloponnese-lakonia-mainland	4	99999	CC BY-SA 4.0	commons-name	Κanala Kythnos, Megali ammos beach201808.jpg	https://commons.wikimedia.org/wiki/File%3A%CE%9Aanala%20Kythnos%2C%20Megali%20ammos%20beach201808.jpg
95	1157	Gialos	Lefkada	ionian-islands-lefkada	5	99999	by 2.0	openverse:wikimedia	Aerial view of Rousoum Gialos Beach, Alonnisos, Greece (51696451089)	https://commons.wikimedia.org/w/index.php?curid=112756515
95	1141	Kamari	Lefkada	ionian-islands-lefkada	5	99999	CC BY-SA 4.0	commons-name	Kamari beach july 21.jpg	https://commons.wikimedia.org/wiki/File%3AKamari%20beach%20july%2021.jpg
95	1141	Kamari	Lefkada	ionian-islands-lefkada	6	99999	CC BY-SA 4.0	commons-name	Kamari Beach Hotel at Kamari Beach Lardos Bay Rhodes 26 July 2016.jpg	https://commons.wikimedia.org/wiki/File%3AKamari%20Beach%20Hotel%20at%20Kamari%20Beach%20Lardos%20Bay%20Rhodes%2026%20July%202016.jpg
95	1141	Kamari	Lefkada	ionian-islands-lefkada	7	99999	CC BY 2.0	commons-name	Boat at Kamari beach, Santorini, Greece.jpg	https://commons.wikimedia.org/wiki/File%3ABoat%20at%20Kamari%20beach%2C%20Santorini%2C%20Greece.jpg
95	1455	Mikro Fanaraki	Lemnos	north-aegean-lemnos	0	99999	CC BY-SA 4.0	commons-name	Sea bay fanaraki 3.jpg	https://commons.wikimedia.org/wiki/File%3ASea%20bay%20fanaraki%203.jpg
95	1455	Mikro Fanaraki	Lemnos	north-aegean-lemnos	1	99999	CC BY-SA 4.0	commons-name	Sea bay fanaraki 6.jpg	https://commons.wikimedia.org/wiki/File%3ASea%20bay%20fanaraki%206.jpg
95	1455	Mikro Fanaraki	Lemnos	north-aegean-lemnos	2	99999	CC BY-SA 4.0	commons-name	Sea bay fanaraki 7.jpg	https://commons.wikimedia.org/wiki/File%3ASea%20bay%20fanaraki%207.jpg
95	1455	Mikro Fanaraki	Lemnos	north-aegean-lemnos	3	99999	CC BY-SA 4.0	commons-name	Sea bay fanaraki 4.jpg	https://commons.wikimedia.org/wiki/File%3ASea%20bay%20fanaraki%204.jpg
95	1455	Mikro Fanaraki	Lemnos	north-aegean-lemnos	4	99999	CC BY-SA 4.0	commons-name	Sea bay fanaraki 2.jpg	https://commons.wikimedia.org/wiki/File%3ASea%20bay%20fanaraki%202.jpg
95	1455	Mikro Fanaraki	Lemnos	north-aegean-lemnos	5	99999	CC BY-SA 4.0	commons-name	Sea bay fanaraki 9.jpg	https://commons.wikimedia.org/wiki/File%3ASea%20bay%20fanaraki%209.jpg
95	1333	Kampos	Lesvos	north-aegean-lesvos	1	99999	CC BY-SA 4.0	commons-name	Kampos Votsalakia beach 2.jpg	https://commons.wikimedia.org/wiki/File%3AKampos%20Votsalakia%20beach%202.jpg
95	1333	Kampos	Lesvos	north-aegean-lesvos	5	99999	CC BY-SA 4.0	commons-name	Kampos Votsalakia beach 1.jpg	https://commons.wikimedia.org/wiki/File%3AKampos%20Votsalakia%20beach%201.jpg
95	2683	Theotokos	Magnesia (Pelion)	thessaly-magnesia-mainland---pelion	5	99999	CC BY-SA 4.0	commons-name	Vlycha Beach between the Quay at the Foot of Theotokos Hill Vlycha Bay Rhodes 29 August 2017.jpg	https://commons.wikimedia.org/wiki/File%3AVlycha%20Beach%20between%20the%20Quay%20at%20the%20Foot%20of%20Theotokos%20Hill%20Vlycha%20Bay%20Rhodes%2029%20August%202017.jpg
95	2683	Theotokos	Magnesia (Pelion)	thessaly-magnesia-mainland---pelion	6	99999	CC BY-SA 4.0	commons-name	Theotokos Hill Profitis Ilias Mountain 512 m and Cape Arhangelos Vlycha Bay Rhodes 30 August 2017.jpg	https://commons.wikimedia.org/wiki/File%3ATheotokos%20Hill%20Profitis%20Ilias%20Mountain%20512%20m%20and%20Cape%20Arhangelos%20Vlycha%20Bay%20Rhodes%2030%20August%202017.jpg
95	1178	Agios Ioannis	Meganisi	ionian-islands-meganisi	5	99999	by-sa 4.0	openverse:wikimedia	Bamboo pergola, Balaouro Restaurant, Agios Ioannis Beach, Tinos, Greece julesvernex2	https://commons.wikimedia.org/w/index.php?curid=181468864
95	1178	Agios Ioannis	Meganisi	ionian-islands-meganisi	6	99999	by-sa 4.0	openverse:wikimedia	Gabriel waiting for a glass of water, Balaouro Restaurant, Agios Ioannis Beach, Tinos, Greece julesvernex2	https://commons.wikimedia.org/w/index.php?curid=181468861
95	1178	Agios Ioannis	Meganisi	ionian-islands-meganisi	7	99999	by-sa 4.0	openverse:wikimedia	Wall detail under light filtered by a pergola, Balaouro Restaurant, Agios Ioannis Beach, Tinos, Greece julesvernex2	https://commons.wikimedia.org/w/index.php?curid=181468854
95	1176	Elia	Meganisi	ionian-islands-meganisi	4	99999	by-sa 3.0	openverse:wikimedia	View of Elia village's beach, Lakonia, Greece	https://commons.wikimedia.org/w/index.php?curid=30729072
95	180	Votsalakia	Methana	attica-methana	1	99999	by-sa 4.0	openverse:wikimedia	Kampos Votsalakia beach 1	https://commons.wikimedia.org/w/index.php?curid=72871292
95	180	Votsalakia	Methana	attica-methana	2	99999	by-sa 4.0	openverse:wikimedia	Kampos Votsalakia beach 2	https://commons.wikimedia.org/w/index.php?curid=72871294
95	180	Votsalakia	Methana	attica-methana	3	99999	CC BY-SA 4.0	commons-name	Votsalakia beach 2.jpg	https://commons.wikimedia.org/wiki/File%3AVotsalakia%20beach%202.jpg
95	180	Votsalakia	Methana	attica-methana	4	99999	CC BY-SA 3.0	commons-name	20200104 Votsalakia Beach Piraeus Q25166884.jpg	https://commons.wikimedia.org/wiki/File%3A20200104%20Votsalakia%20Beach%20Piraeus%20Q25166884.jpg
95	180	Votsalakia	Methana	attica-methana	5	99999	CC BY-SA 4.0	commons-name	Votsalakia beach 1.jpg	https://commons.wikimedia.org/wiki/File%3AVotsalakia%20beach%201.jpg
95	1898	Agios Dimitrios	Milos	south-aegean-milos	0	99999	by 2.0	openverse:wikimedia	Aerial view of Agios Dimitrios Beach, Alonnisos, Greece (51696648975)	https://commons.wikimedia.org/w/index.php?curid=112756480
95	1898	Agios Dimitrios	Milos	south-aegean-milos	1	99999	by 2.0	openverse:wikimedia	Agios Dimitrios Beach, Alonnisos, Greece (51696036058)	https://commons.wikimedia.org/w/index.php?curid=112756484
95	1898	Agios Dimitrios	Milos	south-aegean-milos	2	99999	by 2.0	openverse:wikimedia	Top-down aerial of Agios Dimitrios Beach, Alonnisos, Greece (51696650540)	https://commons.wikimedia.org/w/index.php?curid=112756485
95	1973	Tourlos	Mykonos	south-aegean-mykonos	0	99999	by 2.0	openverse:wikimedia	Cliffs at Tourlos Beach on Milos Island, Greece	https://commons.wikimedia.org/w/index.php?curid=101700036
95	1973	Tourlos	Mykonos	south-aegean-mykonos	1	99999	by 2.0	openverse:wikimedia	Red rocks at Tourlos Beach on Milos Island, Greece	https://commons.wikimedia.org/w/index.php?curid=101700037
95	1973	Tourlos	Mykonos	south-aegean-mykonos	2	99999	by 2.0	openverse:wikimedia	Aerial view of Tourlos Beach on Milos Island, Greece	https://commons.wikimedia.org/w/index.php?curid=101700029
95	1973	Tourlos	Mykonos	south-aegean-mykonos	3	99999	by 2.0	openverse:wikimedia	Tourlos Beach on Milos Island, Greece	https://commons.wikimedia.org/w/index.php?curid=101700031
95	2021	Agios Dimitrios	Paros	south-aegean-paros	0	99999	by 2.0	openverse:wikimedia	Aerial view of Agios Dimitrios Beach, Alonnisos, Greece (51696648975)	https://commons.wikimedia.org/w/index.php?curid=112756480
95	2021	Agios Dimitrios	Paros	south-aegean-paros	1	99999	by 2.0	openverse:wikimedia	Agios Dimitrios Beach, Alonnisos, Greece (51696036058)	https://commons.wikimedia.org/w/index.php?curid=112756484
95	2021	Agios Dimitrios	Paros	south-aegean-paros	2	99999	by 2.0	openverse:wikimedia	Top-down aerial of Agios Dimitrios Beach, Alonnisos, Greece (51696650540)	https://commons.wikimedia.org/w/index.php?curid=112756485
95	2390	Aspri	Patmos	south-aegean-patmos	0	99999	by-sa 4.0	openverse:wikimedia	File:Aspri ammos beach, Othoni island, Greece.jpg	https://commons.wikimedia.org/w/index.php?curid=53673430
95	884	Limnionas	Preveza	epirus-preveza-mainland	2	99999	by 2.0	openverse:wikimedia	Porto Limnionas beach Zakynthos, Greece (46474702631)	https://commons.wikimedia.org/w/index.php?curid=79058985
95	1284	Psili	Psara	north-aegean-psara	3	99999	CC BY 3.0	commons-name	Vai Psili Ammos 07.jpg	https://commons.wikimedia.org/wiki/File%3AVai%20Psili%20Ammos%2007.jpg
95	1284	Psili	Psara	north-aegean-psara	4	99999	CC BY 3.0	commons-name	Vai Psili Ammos 09.jpg	https://commons.wikimedia.org/wiki/File%3AVai%20Psili%20Ammos%2009.jpg
95	1284	Psili	Psara	north-aegean-psara	5	99999	CC BY 3.0	commons-name	Vai Psili Ammos 04.jpg	https://commons.wikimedia.org/wiki/File%3AVai%20Psili%20Ammos%2004.jpg
95	1284	Psili	Psara	north-aegean-psara	6	99999	CC BY 3.0	commons-name	Vai Psili Ammos 01.jpg	https://commons.wikimedia.org/wiki/File%3AVai%20Psili%20Ammos%2001.jpg
95	672	Agia Marina	Rethymno	crete-crete-rethymno	0	99999	by-sa 4.0	openverse:wikimedia	Agia Marina - Cabana Mare beach	https://commons.wikimedia.org/w/index.php?curid=109687203
95	2212	Livadi	Schinoussa	south-aegean-schinoussa	3	99999	by-sa 3.0	openverse:wikimedia	File:A@a avlomonas beach livadi serifos greece - panoramio.jpg	https://commons.wikimedia.org/w/index.php?curid=53439452
95	2098	Vlychada	Sifnos	south-aegean-sifnos	1	99999	by-sa 4.0	openverse:wikimedia	Santorin (GR), Exomytis, Vlychada Beach -- 2017 -- 2999 (bw)	https://commons.wikimedia.org/w/index.php?curid=63225571
95	2098	Vlychada	Sifnos	south-aegean-sifnos	2	99999	by-sa 4.0	openverse:wikimedia	Santorin (GR), Exomytis, Vlychada Beach -- 2017 -- 2791	https://commons.wikimedia.org/w/index.php?curid=63225561
95	2098	Vlychada	Sifnos	south-aegean-sifnos	3	99999	by-sa 4.0	openverse:wikimedia	Santorin (GR), Exomytis, Vlychada Beach -- 2017 -- 2999 (bw) - 2	https://commons.wikimedia.org/w/index.php?curid=63518977
95	2098	Vlychada	Sifnos	south-aegean-sifnos	4	99999	by-sa 4.0	openverse:wikimedia	Santorin (GR), Exomytis, Vlychada Beach -- 2017 -- 2996	https://commons.wikimedia.org/w/index.php?curid=63225569
95	2098	Vlychada	Sifnos	south-aegean-sifnos	5	99999	by-sa 4.0	openverse:wikimedia	Santorin (GR), Exomytis, Vlychada Beach -- 2017 -- 2999	https://commons.wikimedia.org/w/index.php?curid=63225570
95	2098	Vlychada	Sifnos	south-aegean-sifnos	6	99999	by-sa 4.0	openverse:wikimedia	Santorin (GR), Exomytis, Vlychada Beach -- 2017 -- 2999 -- 2	https://commons.wikimedia.org/w/index.php?curid=65062018
95	2098	Vlychada	Sifnos	south-aegean-sifnos	7	99999	by-sa 4.0	openverse:wikimedia	File:Santorin (GR), Exomytis, Vlychada Beach -- 2017 -- 2833.jpg	https://commons.wikimedia.org/w/index.php?curid=63225566
95	317	Kalamitsa	Skyros	central-greece-skyros	0	99999	CC BY-SA 4.0	commons-name	Kalamitsa beach Kavala.jpg	https://commons.wikimedia.org/wiki/File%3AKalamitsa%20beach%20Kavala.jpg
95	317	Kalamitsa	Skyros	central-greece-skyros	1	99999	CC BY-SA 4.0	commons-name	Kalamitsa beach, Kavala.jpg	https://commons.wikimedia.org/wiki/File%3AKalamitsa%20beach%2C%20Kavala.jpg
95	166	Agia Marina	Spetses	attica-spetses	1	99999	CC BY-SA 4.0	commons-name	Chapel of Agia Marina at Agia Marina Beach Rhodes 22 July 2016.jpg	https://commons.wikimedia.org/wiki/File%3AChapel%20of%20Agia%20Marina%20at%20Agia%20Marina%20Beach%20Rhodes%2022%20July%202016.jpg
95	166	Agia Marina	Spetses	attica-spetses	2	99999	CC BY-SA 4.0	commons-name	Fingerpost Agia Marina Beach 50 m Rhodes 22 July 2016.jpg	https://commons.wikimedia.org/wiki/File%3AFingerpost%20Agia%20Marina%20Beach%2050%20m%20Rhodes%2022%20July%202016.jpg
95	166	Agia Marina	Spetses	attica-spetses	3	99999	CC BY-SA 4.0	commons-name	PG Gas Pioneer at Pier near Agia Marina Beach Kallithea Rhodes 22 July 2016.jpg	https://commons.wikimedia.org/wiki/File%3APG%20Gas%20Pioneer%20at%20Pier%20near%20Agia%20Marina%20Beach%20Kallithea%20Rhodes%2022%20July%202016.jpg
95	166	Agia Marina	Spetses	attica-spetses	4	99999	CC BY-SA 4.0	commons-name	Agia Marina Beach Rhodes 22 July 2016.jpg	https://commons.wikimedia.org/wiki/File%3AAgia%20Marina%20Beach%20Rhodes%2022%20July%202016.jpg
95	166	Agia Marina	Spetses	attica-spetses	5	99999	CC BY-SA 4.0	commons-name	PG Gas Pioneer at Oil Terminal near Agia Marina Beach Kallithea Rhodes 22 July 2016.jpg	https://commons.wikimedia.org/wiki/File%3APG%20Gas%20Pioneer%20at%20Oil%20Terminal%20near%20Agia%20Marina%20Beach%20Kallithea%20Rhodes%2022%20July%202016.jpg
95	166	Agia Marina	Spetses	attica-spetses	6	99999	CC BY-SA 4.0	commons-name	Heracles approaching the PG Gas Pioneer Agia Marina Beach Rhodes 22 July 2016.jpg	https://commons.wikimedia.org/wiki/File%3AHeracles%20approaching%20the%20PG%20Gas%20Pioneer%20Agia%20Marina%20Beach%20Rhodes%2022%20July%202016.jpg
95	2468	Agios Vasilios	Symi	south-aegean-symi	0	99999	by-sa 4.0	openverse:wikimedia	Beach of Agios Georgios (Agios Vasilios) 02	https://commons.wikimedia.org/w/index.php?curid=141651541
95	2468	Agios Vasilios	Symi	south-aegean-symi	1	99999	by-sa 4.0	openverse:wikimedia	Beach of Agios Georgios (Agios Vasilios) 01	https://commons.wikimedia.org/w/index.php?curid=141649203
95	834	Agios Vasilios	Thasos	east-macedonia-and-thrace-thasos	0	99999	by-sa 4.0	openverse:wikimedia	Beach of Agios Georgios (Agios Vasilios) 02	https://commons.wikimedia.org/w/index.php?curid=141651541
95	834	Agios Vasilios	Thasos	east-macedonia-and-thrace-thasos	1	99999	by-sa 4.0	openverse:wikimedia	Beach of Agios Georgios (Agios Vasilios) 01	https://commons.wikimedia.org/w/index.php?curid=141649203
95	2473	Stavros	Tilos	south-aegean-tilos	5	99999	by-sa 3.0	openverse:wikimedia	File:Crystal water of Stavros beach - Crete, Greece - panoramio.jpg	https://commons.wikimedia.org/w/index.php?curid=54653864
90	2500	Marathi	Marathi	south-aegean-marathi	1	99999	by 2.0	openverse:flickr	Marathi	https://www.flickr.com/photos/30004392@N04/9527317336
87	2504	Vathi	Achaia	west-greece-achaia-mainland	2	99999	by-sa 2.0	openverse:flickr	A beach below (Vathi Beach)	https://www.flickr.com/photos/33037982@N04/21062523161
87	2581	Gerakas	Alonissos	thessaly-alonissos	0	99999	by 2.0	openverse:flickr	Gerakas beach	https://www.flickr.com/photos/22446827@N02/2980878521
87	2581	Gerakas	Alonissos	thessaly-alonissos	1	99999	by 2.0	openverse:flickr	Gerakas Beach in Vassilikos, Zante	https://www.flickr.com/photos/26777097@N03/5876744747
87	2581	Gerakas	Alonissos	thessaly-alonissos	2	99999	by 2.0	openverse:flickr	Gerakas beach with Turtle nesting sites on Zakynthos	https://www.flickr.com/photos/22446827@N02/3742148624
87	2581	Gerakas	Alonissos	thessaly-alonissos	3	99999	by 2.0	openverse:flickr	Gerakas Beach in Vassilikos, Zante	https://www.flickr.com/photos/26777097@N03/5888923137
87	2581	Gerakas	Alonissos	thessaly-alonissos	4	99999	by 2.0	openverse:flickr	Turtle nesting site on the beach at Gerakas, Zakynthos	https://www.flickr.com/photos/22446827@N02/3741358585
87	2581	Gerakas	Alonissos	thessaly-alonissos	5	99999	by 2.0	openverse:flickr	Turtle nesting beach at Gerakas	https://www.flickr.com/photos/22446827@N02/3741411885
87	2581	Gerakas	Alonissos	thessaly-alonissos	6	99999	by 2.0	openverse:flickr	Marine park sign at Gerakas beach, Zakynthos	https://www.flickr.com/photos/22446827@N02/3741350381
87	2581	Gerakas	Alonissos	thessaly-alonissos	7	99999	by-sa 2.0	openverse:flickr	Gerakas beach	https://www.flickr.com/photos/8022405@N02/15064237376
87	2597	Megali Ammos	Alonissos	thessaly-alonissos	0	99999	by 2.0	openverse:flickr	Megali Ammos Beach Skiathos Greece	https://www.flickr.com/photos/41819313@N02/9169106660
87	2597	Megali Ammos	Alonissos	thessaly-alonissos	1	99999	by-sa 2.0	openverse:flickr	Taverna Thessaloniki, Megali Ammos	https://www.flickr.com/photos/33037982@N04/4134220483
87	2597	Megali Ammos	Alonissos	thessaly-alonissos	2	99999	by 2.0	openverse:flickr	Megali Ammos Beach 300mm	https://www.flickr.com/photos/41819313@N02/9166889939
87	2597	Megali Ammos	Alonissos	thessaly-alonissos	3	99999	by-sa 2.0	openverse:flickr	Megali Ammos	https://www.flickr.com/photos/33037982@N04/4134220695
87	3093	Megali Ammos	Alonissos	thessaly-alonissos	0	99999	by 2.0	openverse:flickr	Megali Ammos Beach Skiathos Greece	https://www.flickr.com/photos/41819313@N02/9169106660
87	3093	Megali Ammos	Alonissos	thessaly-alonissos	1	99999	by-sa 2.0	openverse:flickr	Taverna Thessaloniki, Megali Ammos	https://www.flickr.com/photos/33037982@N04/4134220483
87	3093	Megali Ammos	Alonissos	thessaly-alonissos	2	99999	by 2.0	openverse:flickr	Megali Ammos Beach 300mm	https://www.flickr.com/photos/41819313@N02/9166889939
87	3093	Megali Ammos	Alonissos	thessaly-alonissos	3	99999	by-sa 2.0	openverse:flickr	Megali Ammos	https://www.flickr.com/photos/33037982@N04/4134220695
87	1043	Sarakiniko	Antipaxos	ionian-islands-antipaxos	0	99999	by 2.0	openverse:flickr	Sarakiniko beach	https://www.flickr.com/photos/8383084@N06/5025394673
87	1043	Sarakiniko	Antipaxos	ionian-islands-antipaxos	1	99999	by 2.0	openverse:flickr	Sarakiniko beach	https://www.flickr.com/photos/8383084@N06/5025394279
87	1043	Sarakiniko	Antipaxos	ionian-islands-antipaxos	2	99999	by 2.0	openverse:flickr	Sarakiniko beach	https://www.flickr.com/photos/8383084@N06/5026009980
87	1043	Sarakiniko	Antipaxos	ionian-islands-antipaxos	3	99999	by 2.0	openverse:flickr	Sarakiniko beach	https://www.flickr.com/photos/8383084@N06/5025393909
87	976	Molos	Corfu	ionian-islands-corfu	0	99999	by 2.0	openverse:flickr	Molos beach, Paros	https://www.flickr.com/photos/58661913@N00/14755107236
87	976	Molos	Corfu	ionian-islands-corfu	1	99999	by 2.0	openverse:flickr	Molos beach, Paros	https://www.flickr.com/photos/58661913@N00/14797959873
87	976	Molos	Corfu	ionian-islands-corfu	2	99999	by 2.0	openverse:flickr	Molos beach, Paros	https://www.flickr.com/photos/58661913@N00/14774944201
87	976	Molos	Corfu	ionian-islands-corfu	3	99999	by 2.0	openverse:flickr	Molos beach, Paros	https://www.flickr.com/photos/58661913@N00/14591607927
87	949	Nissaki Beach	Corfu	ionian-islands-corfu	1	99999	by-sa 2.0	openverse:flickr	Hotel Nissaki Beach	https://www.flickr.com/photos/29699948@N00/284938167
87	47	Panorama	East Attica	attica-east-attica-mainland	0	99999	by-sa 2.0	openverse:flickr	GOLDEN BEACH PANORAMA 1. THASSOS	https://www.flickr.com/photos/46781500@N00/3500670412
87	47	Panorama	East Attica	attica-east-attica-mainland	1	99999	by-sa 2.0	openverse:flickr	GOLDEN BEACH PANORAMA 2. THASSOS	https://www.flickr.com/photos/46781500@N00/3499852575
87	1060	Porto	Erikoussa	ionian-islands-erikoussa	0	99999	by 2.0	openverse:flickr	Sailboat at Porto Koufo	https://www.flickr.com/photos/8383084@N06/2690287459
87	1060	Porto	Erikoussa	ionian-islands-erikoussa	1	99999	by 2.0	openverse:flickr	Porto Paradiso	https://www.flickr.com/photos/8383084@N06/2643519243
87	1060	Porto	Erikoussa	ionian-islands-erikoussa	2	99999	by 2.0	openverse:flickr	Porto Paradiso	https://www.flickr.com/photos/8383084@N06/2644340100
87	1060	Porto	Erikoussa	ionian-islands-erikoussa	3	99999	by 2.0	openverse:flickr	PORTO KATSIKI	https://www.flickr.com/photos/76544271@N00/135809131
87	1060	Porto	Erikoussa	ionian-islands-erikoussa	4	99999	by 2.0	openverse:flickr	PORTO KATSIKI	https://www.flickr.com/photos/76544271@N00/135792919
87	1060	Porto	Erikoussa	ionian-islands-erikoussa	5	99999	by 2.0	openverse:flickr	Porto Roma, Zante	https://www.flickr.com/photos/22446827@N02/4693324635
87	1060	Porto	Erikoussa	ionian-islands-erikoussa	6	99999	by 2.0	openverse:flickr	Porto Limnionas, Zakynthos, Greece	https://www.flickr.com/photos/22446827@N02/7604931646
87	347	Monolithos	Fokida	central-greece-fokida-mainland	0	99999	by-sa 2.0	openverse:flickr	Pietra pomice, Monolithos beach - Santorini	https://www.flickr.com/photos/79792862@N05/7393371392
87	2309	Makrygialos	Karpathos	south-aegean-karpathos	0	99999	by-sa 2.0	openverse:flickr	The Kalamokanias beach at Makrygialos, east of Ierapetra	https://www.flickr.com/photos/83617740@N07/8408979338
87	2299	Votsalakia	Karpathos	south-aegean-karpathos	0	99999	by 2.0	openverse:flickr	Votsalakia beach	https://www.flickr.com/photos/10175246@N08/10295589983
87	1100	Koroni	Kefalonia	ionian-islands-kefalonia	0	99999	by-sa 2.0	openverse:flickr	Zaga beach, Koroni	https://www.flickr.com/photos/68982968@N03/7802576768
87	1100	Koroni	Kefalonia	ionian-islands-kefalonia	4	99999	by-sa 2.0	openverse:flickr	View over Zaga beach, Koroni	https://www.flickr.com/photos/68982968@N03/7802577700
87	1100	Koroni	Kefalonia	ionian-islands-kefalonia	5	99999	by-sa 2.0	openverse:flickr	Bay of Ormos Nemi from Koroni	https://www.flickr.com/photos/68982968@N03/7802573570
87	1100	Koroni	Kefalonia	ionian-islands-kefalonia	7	99999	by-sa 2.0	openverse:flickr	Steep slopes close to the northern beach of Koroni	https://www.flickr.com/photos/68982968@N03/7801809424
87	133	Limnionas	Kythira	attica-kythira	0	99999	by-sa 2.0	openverse:flickr	Limnionas Beach	https://www.flickr.com/photos/94915048@N00/6001083911
87	133	Limnionas	Kythira	attica-kythira	1	99999	by 2.0	openverse:flickr	Porto Limnionas, Zakynthos, Greece	https://www.flickr.com/photos/22446827@N02/7604931646
87	1157	Gialos	Lefkada	ionian-islands-lefkada	0	99999	by 2.0	openverse:flickr	Mykonos Platys Gialos	https://www.flickr.com/photos/48889088479@N01/1371142283
87	1157	Gialos	Lefkada	ionian-islands-lefkada	1	99999	by-sa 2.0	openverse:flickr	The Kalamokanias beach at Makrygialos, east of Ierapetra	https://www.flickr.com/photos/83617740@N07/8408979338
87	1157	Gialos	Lefkada	ionian-islands-lefkada	2	99999	by-sa 2.0	openverse:flickr	Plati Gialos beach	https://www.flickr.com/photos/33037982@N04/6204742195
87	1157	Gialos	Lefkada	ionian-islands-lefkada	3	99999	by-sa 2.0	openverse:flickr	Plati Gialos	https://www.flickr.com/photos/33037982@N04/6066819401
87	1157	Gialos	Lefkada	ionian-islands-lefkada	4	99999	by 2.0	openverse:flickr	Platys Gialos a Mykonos	https://www.flickr.com/photos/48889088479@N01/1372028794
87	1157	Gialos	Lefkada	ionian-islands-lefkada	6	99999	by-sa 2.0	openverse:flickr	PLATYS GIALOS BEACH 2	https://www.flickr.com/photos/22397882@N07/2177463467
87	1157	Gialos	Lefkada	ionian-islands-lefkada	7	99999	by-sa 2.0	openverse:flickr	Plati Gialos beach	https://www.flickr.com/photos/33037982@N04/6201614473
87	1141	Kamari	Lefkada	ionian-islands-lefkada	0	99999	by 2.0	openverse:flickr	Boat at Kamari beach, Santorini, Greece	https://www.flickr.com/photos/44717021@N06/4588285184
87	1141	Kamari	Lefkada	ionian-islands-lefkada	1	99999	by 2.0	openverse:flickr	View over Paradise beach near Kamari	https://www.flickr.com/photos/91883096@N00/5656146421
87	1141	Kamari	Lefkada	ionian-islands-lefkada	3	99999	by 2.0	openverse:flickr	Tamarix on Kamari Beach	https://www.flickr.com/photos/8383084@N06/636922228
87	1141	Kamari	Lefkada	ionian-islands-lefkada	4	99999	by 2.0	openverse:flickr	Kamari Beach	https://www.flickr.com/photos/44607749@N00/948190119
87	1176	Elia	Meganisi	ionian-islands-meganisi	0	99999	by-sa 2.0	openverse:flickr	Elia Beach, Mykonos	https://www.flickr.com/photos/24931987@N00/2892502143
87	1176	Elia	Meganisi	ionian-islands-meganisi	1	99999	by-sa 2.0	openverse:flickr	Elia Beach, Mykonos	https://www.flickr.com/photos/24931987@N00/2892502525
87	1176	Elia	Meganisi	ionian-islands-meganisi	2	99999	by-sa 2.0	openverse:flickr	Elia Beach	https://www.flickr.com/photos/10770008@N04/5964136374
87	1181	Fanari	Meganisi	ionian-islands-meganisi	4	99999	by 2.0	openverse:flickr	Faros /Fanari the beach bars/ restaurants	https://www.flickr.com/photos/132886285@N08/25985952083
87	180	Votsalakia	Methana	attica-methana	0	99999	by 2.0	openverse:flickr	Votsalakia beach	https://www.flickr.com/photos/10175246@N08/10295589983
87	1930	Psathi	Milos	south-aegean-milos	0	99999	by 2.0	openverse:flickr	Psathi Beach 5	https://www.flickr.com/photos/7736364@N05/3821948623
87	1930	Psathi	Milos	south-aegean-milos	1	99999	by 2.0	openverse:flickr	Psathi Beach 3	https://www.flickr.com/photos/7736364@N05/3822752526
87	1930	Psathi	Milos	south-aegean-milos	2	99999	by 2.0	openverse:flickr	Psathi Beach 1	https://www.flickr.com/photos/7736364@N05/3874988094
87	1930	Psathi	Milos	south-aegean-milos	3	99999	by 2.0	openverse:flickr	Psathi Beach 9	https://www.flickr.com/photos/7736364@N05/3874992148
87	1934	Voudia	Milos	south-aegean-milos	1	99999	by 2.0	openverse:flickr	Voudia Bay	https://www.flickr.com/photos/30659367@N00/50231019
87	1934	Voudia	Milos	south-aegean-milos	2	99999	by 2.0	openverse:flickr	Chris on Voudia Bay	https://www.flickr.com/photos/30659367@N00/50230078
87	1934	Voudia	Milos	south-aegean-milos	3	99999	by 2.0	openverse:flickr	Cliffs at Voudia Bay	https://www.flickr.com/photos/30659367@N00/50229139
87	1939	Agia Anna	Mykonos	south-aegean-mykonos	0	99999	by-sa 2.0	openverse:flickr	Agia Anna beach, Naxos, Greece	https://www.flickr.com/photos/64379474@N00/6026648370
87	1939	Agia Anna	Mykonos	south-aegean-mykonos	1	99999	by-sa 2.0	openverse:flickr	Agia Anna beach, Naxos, Greece	https://www.flickr.com/photos/64379474@N00/6026192961
87	1939	Agia Anna	Mykonos	south-aegean-mykonos	4	99999	by-sa 2.0	openverse:flickr	Agia Anna beach, Naxos, Greece	https://www.flickr.com/photos/64379474@N00/6026755820
87	1939	Agia Anna	Mykonos	south-aegean-mykonos	6	99999	by-sa 2.0	openverse:flickr	Agia Anna beach, Naxos, Greece	https://www.flickr.com/photos/64379474@N00/6026175441
87	1939	Agia Anna	Mykonos	south-aegean-mykonos	7	99999	by-sa 2.0	openverse:flickr	Agia Anna beach, Naxos, Greece	https://www.flickr.com/photos/64379474@N00/6026559226
87	1056	Agia Triada	Othonoi	ionian-islands-othonoi	0	99999	by-sa 2.0	openverse:flickr	Agia Triada beach	https://www.flickr.com/photos/18651845@N00/8156902042
87	1057	Molos	Othonoi	ionian-islands-othonoi	0	99999	by 2.0	openverse:flickr	Molos beach, Paros	https://www.flickr.com/photos/58661913@N00/14755107236
87	1057	Molos	Othonoi	ionian-islands-othonoi	1	99999	by 2.0	openverse:flickr	Molos beach, Paros	https://www.flickr.com/photos/58661913@N00/14797959873
87	1057	Molos	Othonoi	ionian-islands-othonoi	2	99999	by 2.0	openverse:flickr	Molos beach, Paros	https://www.flickr.com/photos/58661913@N00/14774944201
87	1057	Molos	Othonoi	ionian-islands-othonoi	3	99999	by 2.0	openverse:flickr	Molos beach, Paros	https://www.flickr.com/photos/58661913@N00/14591607927
87	1039	Orkos	Paxos	ionian-islands-paxos	1	99999	by-sa 2.0	openverse:flickr	Sunrise from Orkos beach	https://www.flickr.com/photos/27607826@N03/4034209413
87	884	Limnionas	Preveza	epirus-preveza-mainland	0	99999	by 2.0	openverse:flickr	Porto Limnionas, Zakynthos, Greece	https://www.flickr.com/photos/22446827@N02/7604931646
87	884	Limnionas	Preveza	epirus-preveza-mainland	1	99999	by-sa 2.0	openverse:flickr	Limnionas Beach	https://www.flickr.com/photos/94915048@N00/6001083911
87	1284	Psili	Psara	north-aegean-psara	0	99999	by 2.0	openverse:flickr	Samos - Psili Amos Beach - Sept 2009 - Show a Leg	https://www.flickr.com/photos/40837632@N05/6083251382
87	1284	Psili	Psara	north-aegean-psara	1	99999	by 2.0	openverse:flickr	Psili Ammos, Serifos	https://www.flickr.com/photos/58661913@N00/14503376603
87	1284	Psili	Psara	north-aegean-psara	2	99999	by 2.0	openverse:flickr	Psili Ammos, Serifos	https://www.flickr.com/photos/58661913@N00/14296624780
87	2409	Agia Triada	Rhodes	south-aegean-rhodes	0	99999	by-sa 2.0	openverse:flickr	Agia Triada beach	https://www.flickr.com/photos/18651845@N00/8156902042
87	2410	Glyfada	Rhodes	south-aegean-rhodes	0	99999	by 2.0	openverse:flickr	Glyfada Beach	https://www.flickr.com/photos/38315261@N00/3368014335
87	2410	Glyfada	Rhodes	south-aegean-rhodes	2	99999	by-sa 2.0	openverse:flickr	Glyfada beach, Athens, Greece	https://www.flickr.com/photos/64379474@N00/2808167237
87	2410	Glyfada	Rhodes	south-aegean-rhodes	4	99999	by 2.0	openverse:flickr	Glyfada beach	https://www.flickr.com/photos/64379474@N00/2809016140
87	2410	Glyfada	Rhodes	south-aegean-rhodes	5	99999	by 2.0	openverse:flickr	Glyfada beach	https://www.flickr.com/photos/64379474@N00/2808187615
87	2410	Glyfada	Rhodes	south-aegean-rhodes	6	99999	by 2.0	openverse:flickr	Glyfada Beach	https://www.flickr.com/photos/38315261@N00/3368837046
87	2212	Livadi	Schinoussa	south-aegean-schinoussa	2	99999	by 2.0	openverse:flickr	Livadi beach, Donoussa, Greece	https://www.flickr.com/photos/58661913@N00/35572463825
87	804	Agia Anna	Thasos	east-macedonia-and-thrace-thasos	0	99999	by-sa 2.0	openverse:flickr	Agia Anna beach, Naxos, Greece	https://www.flickr.com/photos/64379474@N00/6026648370
87	804	Agia Anna	Thasos	east-macedonia-and-thrace-thasos	1	99999	by-sa 2.0	openverse:flickr	Agia Anna beach, Naxos, Greece	https://www.flickr.com/photos/64379474@N00/6026192961
87	804	Agia Anna	Thasos	east-macedonia-and-thrace-thasos	4	99999	by-sa 2.0	openverse:flickr	Agia Anna beach, Naxos, Greece	https://www.flickr.com/photos/64379474@N00/6026755820
87	804	Agia Anna	Thasos	east-macedonia-and-thrace-thasos	6	99999	by-sa 2.0	openverse:flickr	Agia Anna beach, Naxos, Greece	https://www.flickr.com/photos/64379474@N00/6026559226
87	804	Agia Anna	Thasos	east-macedonia-and-thrace-thasos	7	99999	by-sa 2.0	openverse:flickr	Agia Anna beach, Naxos, Greece	https://www.flickr.com/photos/64379474@N00/6026175441
87	838	Glyfada	Thasos	east-macedonia-and-thrace-thasos	0	99999	by 2.0	openverse:flickr	Glyfada Beach	https://www.flickr.com/photos/38315261@N00/3368014335
87	838	Glyfada	Thasos	east-macedonia-and-thrace-thasos	2	99999	by-sa 2.0	openverse:flickr	Glyfada beach, Athens, Greece	https://www.flickr.com/photos/64379474@N00/2808167237
87	838	Glyfada	Thasos	east-macedonia-and-thrace-thasos	4	99999	by 2.0	openverse:flickr	Glyfada beach	https://www.flickr.com/photos/64379474@N00/2809016140
87	838	Glyfada	Thasos	east-macedonia-and-thrace-thasos	5	99999	by 2.0	openverse:flickr	Glyfada beach	https://www.flickr.com/photos/64379474@N00/2808187615
87	838	Glyfada	Thasos	east-macedonia-and-thrace-thasos	6	99999	by 2.0	openverse:flickr	Glyfada Beach	https://www.flickr.com/photos/38315261@N00/3368837046
83	88	Paralia Kamares	Aegina	attica-aegina	4	99999	CC BY-SA 4.0	commons-name	Kamares ware, inclusive from Kamares cave, 1900-1700 BC, AMH, 144896.jpg	https://commons.wikimedia.org/wiki/File%3AKamares%20ware%2C%20inclusive%20from%20Kamares%20cave%2C%201900-1700%20BC%2C%20AMH%2C%20144896.jpg
83	88	Paralia Kamares	Aegina	attica-aegina	5	99999	CC BY-SA 4.0	commons-name	Kamares, Sifnos.jpg	https://commons.wikimedia.org/wiki/File%3AKamares%2C%20Sifnos.jpg
83	88	Paralia Kamares	Aegina	attica-aegina	6	99999	CC BY-SA 4.0	commons-name	MM IB-IIA early Kamares style spouted jar from Kamares - Herakleion AM.jpg	https://commons.wikimedia.org/wiki/File%3AMM%20IB-IIA%20early%20Kamares%20style%20spouted%20jar%20from%20Kamares%20-%20Herakleion%20AM.jpg
83	88	Paralia Kamares	Aegina	attica-aegina	7	99999	CC BY-SA 4.0	commons-name	MM IB-IIA early Kamares style bridge-spouted jar from Kamares - Herakleion AM.jpg	https://commons.wikimedia.org/wiki/File%3AMM%20IB-IIA%20early%20Kamares%20style%20bridge-spouted%20jar%20from%20Kamares%20-%20Herakleion%20AM.jpg
83	2526	Agrilia	Aetolia-Acarnania	west-greece-aetolia-acarnania-mainland	0	99999	CC BY-SA 3.0	commons-name	Agrilia Achaias.JPG	https://commons.wikimedia.org/wiki/File%3AAgrilia%20Achaias.JPG
83	2526	Agrilia	Aetolia-Acarnania	west-greece-aetolia-acarnania-mainland	1	99999	CC BY-SA 3.0	commons-name	Agrilias.JPG	https://commons.wikimedia.org/wiki/File%3AAgrilias.JPG
83	1427	Trypiti	Agios Efstratios	north-aegean-agios-efstratios	0	99999	by-sa 4.0	openverse:wikimedia	Trypiti	https://commons.wikimedia.org/w/index.php?curid=50558356
83	2601	Paralia Votsi	Alonissos	thessaly-alonissos	1	431	CC BY 2.0	commons-geo(431m)	Aerial view of Votsi, Alonnisos, Greece (51695772481).jpg	https://commons.wikimedia.org/wiki/File%3AAerial%20view%20of%20Votsi%2C%20Alonnisos%2C%20Greece%20(51695772481).jpg
83	1664	Mouros	Amorgos	south-aegean-amorgos	0	99999	CC BY-SA 4.0	commons-name	Castelo dos Mouros, Sintra, Portugal, 2019-05-25, DD 112-121 PAN.jpg	https://commons.wikimedia.org/wiki/File%3ACastelo%20dos%20Mouros%2C%20Sintra%2C%20Portugal%2C%202019-05-25%2C%20DD%20112-121%20PAN.jpg
83	1664	Mouros	Amorgos	south-aegean-amorgos	1	99999	CC BY-SA 3.0	commons-name	Castelo dos Mouros. Sintra, Portugal.jpg	https://commons.wikimedia.org/wiki/File%3ACastelo%20dos%20Mouros.%20Sintra%2C%20Portugal.jpg
83	1664	Mouros	Amorgos	south-aegean-amorgos	2	99999	CC BY 4.0	commons-name	Castelo dos Mouros, Sintra, 20250606 1215 0180.jpg	https://commons.wikimedia.org/wiki/File%3ACastelo%20dos%20Mouros%2C%20Sintra%2C%2020250606%201215%200180.jpg
83	1664	Mouros	Amorgos	south-aegean-amorgos	3	99999	CC BY-SA 4.0	commons-name	Sinta - Pena - Castelo dos Mouros - 1.jpg	https://commons.wikimedia.org/wiki/File%3ASinta%20-%20Pena%20-%20Castelo%20dos%20Mouros%20-%201.jpg
83	1664	Mouros	Amorgos	south-aegean-amorgos	4	99999	CC BY 4.0	commons-name	Castelo dos Mouros, Sintra, 20250606 1155 0098.jpg	https://commons.wikimedia.org/wiki/File%3ACastelo%20dos%20Mouros%2C%20Sintra%2C%2020250606%201155%200098.jpg
83	1664	Mouros	Amorgos	south-aegean-amorgos	5	99999	CC BY-SA 4.0	commons-name	Sinta - Pena - Castelo dos Mouros - 2.jpg	https://commons.wikimedia.org/wiki/File%3ASinta%20-%20Pena%20-%20Castelo%20dos%20Mouros%20-%202.jpg
83	1666	Paradisia	Amorgos	south-aegean-amorgos	0	99999	CC BY-SA 4.0	commons-name	Giardino alpino Paradisia cartello.jpg	https://commons.wikimedia.org/wiki/File%3AGiardino%20alpino%20Paradisia%20cartello.jpg
83	1666	Paradisia	Amorgos	south-aegean-amorgos	1	99999	CC BY-SA 4.0	commons-name	Giardino alpino Paradisia insieme.jpg	https://commons.wikimedia.org/wiki/File%3AGiardino%20alpino%20Paradisia%20insieme.jpg
83	1666	Paradisia	Amorgos	south-aegean-amorgos	2	99999	CC BY-SA 3.0	commons-name	Paradisia licheni.jpg	https://commons.wikimedia.org/wiki/File%3AParadisia%20licheni.jpg
83	1666	Paradisia	Amorgos	south-aegean-amorgos	3	99999	CC BY-SA 4.0	commons-name	Giardino alpino Paradisia pannello2.jpg	https://commons.wikimedia.org/wiki/File%3AGiardino%20alpino%20Paradisia%20pannello2.jpg
83	1666	Paradisia	Amorgos	south-aegean-amorgos	4	99999	CC BY-SA 4.0	commons-name	Giardino botanico alpino Paradisia 2.jpg	https://commons.wikimedia.org/wiki/File%3AGiardino%20botanico%20alpino%20Paradisia%202.jpg
83	1666	Paradisia	Amorgos	south-aegean-amorgos	5	99999	CC BY-SA 3.0	commons-name	Giardino Botanico Alpino Paradisia abc27.JPG	https://commons.wikimedia.org/wiki/File%3AGiardino%20Botanico%20Alpino%20Paradisia%20abc27.JPG
83	1687	Agios Ioannis	Andros	south-aegean-andros	2	99999	by-sa 3.0	openverse:wikimedia	File:Agios Ioannis hc.JPG	https://commons.wikimedia.org/w/index.php?curid=4424881
83	1721	Pyrgos	Andros	south-aegean-andros	7	99999	CC BY-SA 4.0	commons-name	Pyrgos Maragkopoulou.jpg	https://commons.wikimedia.org/wiki/File%3APyrgos%20Maragkopoulou.jpg
83	1727	Agios Sostis	Antiparos	south-aegean-antiparos	0	99999	CC BY-SA 3.0	commons-name	Agios Sostis Island, Zakynthos, Greece 03.jpg	https://commons.wikimedia.org/wiki/File%3AAgios%20Sostis%20Island%2C%20Zakynthos%2C%20Greece%2003.jpg
83	1727	Agios Sostis	Antiparos	south-aegean-antiparos	1	99999	CC BY 3.0	commons-name	Mykonos Agios Sostis 01.jpg	https://commons.wikimedia.org/wiki/File%3AMykonos%20Agios%20Sostis%2001.jpg
83	1732	Livadi	Antiparos	south-aegean-antiparos	1	99999	CC BY 3.0	commons-name	Ferma Livadi 09.jpg	https://commons.wikimedia.org/wiki/File%3AFerma%20Livadi%2009.jpg
83	1732	Livadi	Antiparos	south-aegean-antiparos	2	99999	CC BY 3.0	commons-name	Ferma Livadi 08.jpg	https://commons.wikimedia.org/wiki/File%3AFerma%20Livadi%2008.jpg
83	1732	Livadi	Antiparos	south-aegean-antiparos	3	99999	CC BY 3.0	commons-name	Ferma Livadi 10.jpg	https://commons.wikimedia.org/wiki/File%3AFerma%20Livadi%2010.jpg
83	1732	Livadi	Antiparos	south-aegean-antiparos	4	99999	CC BY 3.0	commons-name	Ferma Livadi 06.jpg	https://commons.wikimedia.org/wiki/File%3AFerma%20Livadi%2006.jpg
83	1732	Livadi	Antiparos	south-aegean-antiparos	5	99999	CC BY 3.0	commons-name	Ferma Livadi 04.jpg	https://commons.wikimedia.org/wiki/File%3AFerma%20Livadi%2004.jpg
83	1733	Livadia	Antiparos	south-aegean-antiparos	1	99999	CC BY-SA 4.0	commons-name	Livadia, Tilos Island.jpg	https://commons.wikimedia.org/wiki/File%3ALivadia%2C%20Tilos%20Island.jpg
83	1045	Kalamitsa	Antipaxos	ionian-islands-antipaxos	3	99999	CC0	commons-name	Kalamitsabeach.jpg	https://commons.wikimedia.org/wiki/File%3AKalamitsabeach.jpg
83	3025	Alimos Loutra	Athens area	attica-athens-area-mainland	0	281	CC BY 3.0	commons-geo(281m)	Loutra Alimou April 2014 - panoramio.jpg	https://commons.wikimedia.org/wiki/File%3ALoutra%20Alimou%20April%202014%20-%20panoramio.jpg
83	588	Alonaki	Chania	crete-crete-chania	2	99999	CC BY-SA 4.0	commons-name	Alonaki.jpg	https://commons.wikimedia.org/wiki/File%3AAlonaki.jpg
83	599	Grammeno	Chania	crete-crete-chania	0	99999	Public domain	commons-name	Angelos Grammenos.jpg	https://commons.wikimedia.org/wiki/File%3AAngelos%20Grammenos.jpg
83	599	Grammeno	Chania	crete-crete-chania	1	99999	CC BY-SA 3.0	commons-name	Grammenos.jpg	https://commons.wikimedia.org/wiki/File%3AGrammenos.jpg
83	599	Grammeno	Chania	crete-crete-chania	2	99999	CC BY-SA 3.0	commons-name	Grammenos (cropped).jpg	https://commons.wikimedia.org/wiki/File%3AGrammenos%20(cropped).jpg
83	599	Grammeno	Chania	crete-crete-chania	3	99999	CC0	commons-name	Constantinos Grammenos headstone.jpg	https://commons.wikimedia.org/wiki/File%3AConstantinos%20Grammenos%20headstone.jpg
83	574	Platanias	Chania	crete-crete-chania	0	99999	by-sa 3.0	openverse:wikimedia	Platanias near Rethymno, Crete 001	https://commons.wikimedia.org/w/index.php?curid=26788378
83	47	Panorama	East Attica	attica-east-attica-mainland	5	99999	CC BY-SA 4.0	commons-name	Panorama of the coast of Trapani, Sicly, Italy, 2023 KsP 145.jpg	https://commons.wikimedia.org/wiki/File%3APanorama%20of%20the%20coast%20of%20Trapani%2C%20Sicly%2C%20Italy%2C%202023%20KsP%20145.jpg
83	214	Gaidaros	Evia	central-greece-evia	0	99999	CC BY-SA 2.0	commons-name	Gaidaros Livadion.jpg	https://commons.wikimedia.org/wiki/File%3AGaidaros%20Livadion.jpg
83	214	Gaidaros	Evia	central-greece-evia	1	99999	CC BY-SA 3.0	commons-name	Gaidaros-1.JPG	https://commons.wikimedia.org/wiki/File%3AGaidaros-1.JPG
83	214	Gaidaros	Evia	central-greece-evia	2	99999	CC BY-SA 3.0	commons-name	Gaidaros Megalou Choriou Tilos.jpg	https://commons.wikimedia.org/wiki/File%3AGaidaros%20Megalou%20Choriou%20Tilos.jpg
83	214	Gaidaros	Evia	central-greece-evia	3	99999	CC BY-SA 4.0	commons-name	1574 gaidaros.jpg	https://commons.wikimedia.org/wiki/File%3A1574%20gaidaros.jpg
83	369	Schinia	Fthiotida	central-greece-fthiotida-mainland	1	99999	CC BY-SA 4.0	commons-name	Schinias, Marathon.jpg	https://commons.wikimedia.org/wiki/File%3ASchinias%2C%20Marathon.jpg
83	618	Agios Ioannis	Gavdos	crete-gavdos	2	99999	by-sa 3.0	openverse:wikimedia	File:Agios Ioannis hc.JPG	https://commons.wikimedia.org/w/index.php?curid=4424881
83	442	Sani Hill	Halkidiki	central-macedonia-halkidiki-mainland	0	405	CC BY-SA 4.0	commons-geo(405m)	Sani Resort, Kassandra.jpg	https://commons.wikimedia.org/wiki/File%3ASani%20Resort%2C%20Kassandra.jpg
83	442	Sani Hill	Halkidiki	central-macedonia-halkidiki-mainland	3	602	CC BY 2.0	commons-geo(602m)	Fishing vessel anchored in the Sani Marina.jpg	https://commons.wikimedia.org/wiki/File%3AFishing%20vessel%20anchored%20in%20the%20Sani%20Marina.jpg
83	669	Pantanassa	Heraklion	crete-crete-heraklion	0	99999	by-sa 4.0	openverse:wikimedia	Iraklio, chiesa di San Mena e della Pantanassa e chiesa di San Mena	https://commons.wikimedia.org/w/index.php?curid=110074780
83	669	Pantanassa	Heraklion	crete-crete-heraklion	1	99999	by-sa 4.0	openverse:wikimedia	Iraklio, chiesa di San Mena e della Pantanassa 02	https://commons.wikimedia.org/w/index.php?curid=110074782
83	669	Pantanassa	Heraklion	crete-crete-heraklion	2	99999	by-sa 4.0	openverse:wikimedia	Iraklio, chiesa di San Mena e della Pantanassa 01	https://commons.wikimedia.org/w/index.php?curid=110074781
83	628	Poros	Heraklion	crete-crete-heraklion	0	99999	by-sa 4.0	openverse:wikimedia	Island Modi (Poros) 1	https://commons.wikimedia.org/w/index.php?curid=112926288
83	631	Trypiti	Heraklion	crete-crete-heraklion	0	99999	by-sa 4.0	openverse:wikimedia	Trypiti	https://commons.wikimedia.org/w/index.php?curid=50558356
83	2566	Arkoudi	Ileia	west-greece-ileia-mainland	0	99999	CC BY-SA 4.0	commons-name	Arkoudi island.jpg	https://commons.wikimedia.org/wiki/File%3AArkoudi%20island.jpg
83	2566	Arkoudi	Ileia	west-greece-ileia-mainland	1	99999	CC BY-SA 4.0	commons-name	Arkoudi and Ithaca.jpg	https://commons.wikimedia.org/wiki/File%3AArkoudi%20and%20Ithaca.jpg
83	2566	Arkoudi	Ileia	west-greece-ileia-mainland	2	99999	CC BY-SA 4.0	commons-name	Arkoudi and Ithaca 2.jpg	https://commons.wikimedia.org/wiki/File%3AArkoudi%20and%20Ithaca%202.jpg
83	3104	Paralia Filiatro (Kioni)	Ithaca	ionian-islands-ithaca	1	310	CC BY-SA 3.0	commons-geo(310m)	View from Kioni - panoramio.jpg	https://commons.wikimedia.org/wiki/File%3AView%20from%20Kioni%20-%20panoramio.jpg
83	2263	Paralia Elia	Kalymnos	south-aegean-kalymnos	0	99999	CC BY-SA 4.0	commons-name	Allenamento Sir Safety Perugia 2015-2016 - Elia 2.jpg	https://commons.wikimedia.org/wiki/File%3AAllenamento%20Sir%20Safety%20Perugia%202015-2016%20-%20Elia%202.jpg
83	2263	Paralia Elia	Kalymnos	south-aegean-kalymnos	1	99999	CC BY-SA 4.0	commons-name	ELIA 2.jpg	https://commons.wikimedia.org/wiki/File%3AELIA%202.jpg
83	2263	Paralia Elia	Kalymnos	south-aegean-kalymnos	2	99999	CC BY-SA 4.0	commons-name	FRA-ELIA-2.jpg	https://commons.wikimedia.org/wiki/File%3AFRA-ELIA-2.jpg
83	2290	Makria	Karpathos	south-aegean-karpathos	1	99999	CC BY-SA 4.0	commons-name	Kythnos kolona apo makria.jpg	https://commons.wikimedia.org/wiki/File%3AKythnos%20kolona%20apo%20makria.jpg
83	2299	Votsalakia	Karpathos	south-aegean-karpathos	6	99999	CC BY-SA 4.0	commons-name	Votsalakia swimming pool 1.jpg	https://commons.wikimedia.org/wiki/File%3AVotsalakia%20swimming%20pool%201.jpg
83	2299	Votsalakia	Karpathos	south-aegean-karpathos	7	99999	CC BY-SA 4.0	commons-name	Votsalakia swimming pool 2.jpg	https://commons.wikimedia.org/wiki/File%3AVotsalakia%20swimming%20pool%202.jpg
83	783	Monastiraki Beach	Kavala	east-macedonia-and-thrace-kavala-mainland	1	99999	CC BY-SA 4.0	commons-name	Psiloritis view from Monastiraki 01.JPG	https://commons.wikimedia.org/wiki/File%3APsiloritis%20view%20from%20Monastiraki%2001.JPG
83	783	Monastiraki Beach	Kavala	east-macedonia-and-thrace-kavala-mainland	2	99999	CC BY-SA 3.0	commons-name	Monastiraki-collage-b.jpg	https://commons.wikimedia.org/wiki/File%3AMonastiraki-collage-b.jpg
83	783	Monastiraki Beach	Kavala	east-macedonia-and-thrace-kavala-mainland	3	99999	CC BY-SA 4.0	commons-name	Monastiraki Square.jpg	https://commons.wikimedia.org/wiki/File%3AMonastiraki%20Square.jpg
83	783	Monastiraki Beach	Kavala	east-macedonia-and-thrace-kavala-mainland	4	99999	CC BY-SA 4.0	commons-name	Monastiraki Square, Athens.jpg	https://commons.wikimedia.org/wiki/File%3AMonastiraki%20Square%2C%20Athens.jpg
83	783	Monastiraki Beach	Kavala	east-macedonia-and-thrace-kavala-mainland	5	99999	CC BY-SA 4.0	commons-name	Streets of Monastiraki - Greece, 2023.jpg	https://commons.wikimedia.org/wiki/File%3AStreets%20of%20Monastiraki%20-%20Greece%2C%202023.jpg
83	1540	Sterna	Korinthia	peloponnese-korinthia-mainland	0	99999	CC BY-SA 4.0	commons-name	Arctic tern (Sterna paradisaea) with eel Blonduos.jpg	https://commons.wikimedia.org/wiki/File%3AArctic%20tern%20(Sterna%20paradisaea)%20with%20eel%20Blonduos.jpg
83	1540	Sterna	Korinthia	peloponnese-korinthia-mainland	1	99999	CC BY-SA 4.0	commons-name	Arctic tern (Sterna paradisaea) attacking, Amsterdam island, Svalbard.jpg	https://commons.wikimedia.org/wiki/File%3AArctic%20tern%20(Sterna%20paradisaea)%20attacking%2C%20Amsterdam%20island%2C%20Svalbard.jpg
83	1540	Sterna	Korinthia	peloponnese-korinthia-mainland	2	99999	CC BY-SA 4.0	commons-name	Black-naped tern (Sterna sumatrana) adult breeding plumage.jpg	https://commons.wikimedia.org/wiki/File%3ABlack-naped%20tern%20(Sterna%20sumatrana)%20adult%20breeding%20plumage.jpg
83	1540	Sterna	Korinthia	peloponnese-korinthia-mainland	3	99999	CC BY-SA 4.0	commons-name	Arctic tern (Sterna paradisaea) juvenile Flatey.jpg	https://commons.wikimedia.org/wiki/File%3AArctic%20tern%20(Sterna%20paradisaea)%20juvenile%20Flatey.jpg
83	1540	Sterna	Korinthia	peloponnese-korinthia-mainland	4	99999	CC BY-SA 4.0	commons-name	Arctic tern (Sterna paradisaea) juvenile in flight Blonduos.jpg	https://commons.wikimedia.org/wiki/File%3AArctic%20tern%20(Sterna%20paradisaea)%20juvenile%20in%20flight%20Blonduos.jpg
83	1540	Sterna	Korinthia	peloponnese-korinthia-mainland	5	99999	CC BY-SA 4.0	commons-name	Arctic tern (Sterna paradisaea) adult with juvenile Flatey.jpg	https://commons.wikimedia.org/wiki/File%3AArctic%20tern%20(Sterna%20paradisaea)%20adult%20with%20juvenile%20Flatey.jpg
83	133	Limnionas	Kythira	attica-kythira	3	99999	CC BY-SA 4.0	commons-name	Limnionas Banner.JPG	https://commons.wikimedia.org/wiki/File%3ALimnionas%20Banner.JPG
83	133	Limnionas	Kythira	attica-kythira	4	99999	CC BY-SA 4.0	commons-name	XEN LIMNIONAS.jpg	https://commons.wikimedia.org/wiki/File%3AXEN%20LIMNIONAS.jpg
83	742	Kalami	Lasithi	crete-crete-lasithi	0	99999	CC BY-SA 4.0	commons-name	Kalami mourteris.jpg	https://commons.wikimedia.org/wiki/File%3AKalami%20mourteris.jpg
83	753	Maridati	Lasithi	crete-crete-lasithi	0	242	CC BY-SA 4.0	commons-geo(242m)	Dragonfly maridati wetland Crete.jpg	https://commons.wikimedia.org/wiki/File%3ADragonfly%20maridati%20wetland%20Crete.jpg
83	1461	Platy	Lemnos	north-aegean-lemnos	2	99999	CC BY-SA 4.0	commons-name	Platy Imathias.jpg	https://commons.wikimedia.org/wiki/File%3APlaty%20Imathias.jpg
83	1461	Platy	Lemnos	north-aegean-lemnos	3	99999	CC BY-SA 4.0	commons-name	Platy Imathia.jpg	https://commons.wikimedia.org/wiki/File%3APlaty%20Imathia.jpg
83	1461	Platy	Lemnos	north-aegean-lemnos	4	99999	Public domain	commons-name	Saint Nicholas Church in Platy Shtarkovo Fresco, 1591.jpg	https://commons.wikimedia.org/wiki/File%3ASaint%20Nicholas%20Church%20in%20Platy%20Shtarkovo%20Fresco%2C%201591.jpg
83	1461	Platy	Lemnos	north-aegean-lemnos	5	99999	Public domain	commons-name	Saint Nicholas Church in Platy Shtarkovo Fresco 2, 1591.png	https://commons.wikimedia.org/wiki/File%3ASaint%20Nicholas%20Church%20in%20Platy%20Shtarkovo%20Fresco%202%2C%201591.png
83	1333	Kampos	Lesvos	north-aegean-lesvos	0	99999	CC BY-SA 4.0	commons-name	Kampos Votsalakia.jpg	https://commons.wikimedia.org/wiki/File%3AKampos%20Votsalakia.jpg
83	1333	Kampos	Lesvos	north-aegean-lesvos	2	99999	CC BY 2.0	commons-name	Kampos Ikaria Island.jpg	https://commons.wikimedia.org/wiki/File%3AKampos%20Ikaria%20Island.jpg
83	1333	Kampos	Lesvos	north-aegean-lesvos	3	99999	CC BY 2.0	commons-name	Kampos - Popi's from the outside.jpg	https://commons.wikimedia.org/wiki/File%3AKampos%20-%20Popi's%20from%20the%20outside.jpg
83	1333	Kampos	Lesvos	north-aegean-lesvos	4	99999	CC BY 2.0	commons-name	Kampos, Ikaria, Icaria, Greece -5.jpg	https://commons.wikimedia.org/wiki/File%3AKampos%2C%20Ikaria%2C%20Icaria%2C%20Greece%20-5.jpg
83	1339	Lagkada	Lesvos	north-aegean-lesvos	1	99999	CC BY-SA 4.0	commons-name	Lagkada, Mani.jpg	https://commons.wikimedia.org/wiki/File%3ALagkada%2C%20Mani.jpg
83	1339	Lagkada	Lesvos	north-aegean-lesvos	2	99999	CC0	commons-name	Agios Sotiras (Lagkada).JPG	https://commons.wikimedia.org/wiki/File%3AAgios%20Sotiras%20(Lagkada).JPG
83	1339	Lagkada	Lesvos	north-aegean-lesvos	3	99999	Public domain	commons-name	Lagkada stavros.JPG	https://commons.wikimedia.org/wiki/File%3ALagkada%20stavros.JPG
83	1339	Lagkada	Lesvos	north-aegean-lesvos	4	99999	CC BY-SA 4.0	commons-name	Lagkada Festival.jpg	https://commons.wikimedia.org/wiki/File%3ALagkada%20Festival.jpg
83	1178	Agios Ioannis	Meganisi	ionian-islands-meganisi	2	99999	by-sa 3.0	openverse:wikimedia	File:Agios Ioannis hc.JPG	https://commons.wikimedia.org/w/index.php?curid=4424881
83	1176	Elia	Meganisi	ionian-islands-meganisi	3	99999	by-sa 3.0	openverse:wikimedia	EliaBeach	https://commons.wikimedia.org/w/index.php?curid=9947049
83	1176	Elia	Meganisi	ionian-islands-meganisi	5	99999	CC BY-SA 4.0	commons-name	Allenamento Sir Safety Perugia 2015-2016 - Elia 2.jpg	https://commons.wikimedia.org/wiki/File%3AAllenamento%20Sir%20Safety%20Perugia%202015-2016%20-%20Elia%202.jpg
83	1176	Elia	Meganisi	ionian-islands-meganisi	6	99999	CC BY-SA 4.0	commons-name	ELIA 2.jpg	https://commons.wikimedia.org/wiki/File%3AELIA%202.jpg
83	1176	Elia	Meganisi	ionian-islands-meganisi	7	99999	CC BY-SA 4.0	commons-name	FRA-ELIA-2.jpg	https://commons.wikimedia.org/wiki/File%3AFRA-ELIA-2.jpg
83	1609	Vourlia	Messinia	peloponnese-messinia-mainland	0	99999	CC BY 3.0	commons-name	Xerokambos Vourlia 02.jpg	https://commons.wikimedia.org/wiki/File%3AXerokambos%20Vourlia%2002.jpg
83	1609	Vourlia	Messinia	peloponnese-messinia-mainland	1	99999	CC BY 3.0	commons-name	Xerokambos Vourlia 01.jpg	https://commons.wikimedia.org/wiki/File%3AXerokambos%20Vourlia%2001.jpg
83	180	Votsalakia	Methana	attica-methana	6	99999	CC BY-SA 4.0	commons-name	Votsalakia swimming pool 1.jpg	https://commons.wikimedia.org/wiki/File%3AVotsalakia%20swimming%20pool%201.jpg
83	180	Votsalakia	Methana	attica-methana	7	99999	CC BY-SA 4.0	commons-name	Votsalakia swimming pool 2.jpg	https://commons.wikimedia.org/wiki/File%3AVotsalakia%20swimming%20pool%202.jpg
83	2390	Aspri	Patmos	south-aegean-patmos	4	99999	CC BY-SA 4.0	commons-name	Phoenix theophrasti (palm trees) in Aspri Limni.jpg	https://commons.wikimedia.org/wiki/File%3APhoenix%20theophrasti%20(palm%20trees)%20in%20Aspri%20Limni.jpg
83	1018	Mongonisi	Paxos	ionian-islands-paxos	1	99999	by-sa 4.0	openverse:wikimedia	Mongonisi bridge close-up	https://commons.wikimedia.org/w/index.php?curid=148691818
83	1018	Mongonisi	Paxos	ionian-islands-paxos	2	99999	by-sa 4.0	openverse:wikimedia	Mongonisi bridge	https://commons.wikimedia.org/w/index.php?curid=148691817
83	1018	Mongonisi	Paxos	ionian-islands-paxos	3	99999	by-sa 4.0	openverse:wikimedia	Olive grove on Mongonisi	https://commons.wikimedia.org/w/index.php?curid=148692109
83	1018	Mongonisi	Paxos	ionian-islands-paxos	6	261	CC BY-SA 4.0	commons-geo(261m)	Mongonisi bridge close-up.jpg	https://commons.wikimedia.org/wiki/File%3AMongonisi%20bridge%20close-up.jpg
83	1018	Mongonisi	Paxos	ionian-islands-paxos	7	284	CC BY-SA 4.0	commons-geo(284m)	Mongonisi bridge.jpg	https://commons.wikimedia.org/wiki/File%3AMongonisi%20bridge.jpg
83	1038	Ozias	Paxos	ionian-islands-paxos	6	478	CC BY-SA 4.0	commons-geo(478m)	Canyon of Ormos Ozias southwards.jpg	https://commons.wikimedia.org/wiki/File%3ACanyon%20of%20Ormos%20Ozias%20southwards.jpg
83	1038	Ozias	Paxos	ionian-islands-paxos	7	478	CC BY-SA 4.0	commons-geo(478m)	Canyon of Ormos Ozias northwards.jpg	https://commons.wikimedia.org/wiki/File%3ACanyon%20of%20Ormos%20Ozias%20northwards.jpg
83	884	Limnionas	Preveza	epirus-preveza-mainland	3	99999	CC BY-SA 4.0	commons-name	Limnionas Banner.JPG	https://commons.wikimedia.org/wiki/File%3ALimnionas%20Banner.JPG
83	884	Limnionas	Preveza	epirus-preveza-mainland	4	99999	CC BY-SA 4.0	commons-name	XEN LIMNIONAS.jpg	https://commons.wikimedia.org/wiki/File%3AXEN%20LIMNIONAS.jpg
83	877	Skala	Preveza	epirus-preveza-mainland	0	99999	CC BY-SA 4.0	commons-name	20151030 Syrians and Iraq refugees arrive at Skala Sykamias Lesvos Greece 2.jpg	https://commons.wikimedia.org/wiki/File%3A20151030%20Syrians%20and%20Iraq%20refugees%20arrive%20at%20Skala%20Sykamias%20Lesvos%20Greece%202.jpg
83	2212	Livadi	Schinoussa	south-aegean-schinoussa	0	99999	by 3.0	openverse:wikimedia	Livaditurtles 2	https://commons.wikimedia.org/w/index.php?curid=3107725
83	2212	Livadi	Schinoussa	south-aegean-schinoussa	1	99999	by 3.0	openverse:wikimedia	Livaditurtles 3	https://commons.wikimedia.org/w/index.php?curid=3107730
83	2212	Livadi	Schinoussa	south-aegean-schinoussa	4	99999	by-sa 3.0	openverse:wikimedia	Kalo Livadi Mykonos	https://commons.wikimedia.org/w/index.php?curid=27604520
83	2212	Livadi	Schinoussa	south-aegean-schinoussa	6	99999	CC BY 3.0	commons-name	Ferma Livadi 09.jpg	https://commons.wikimedia.org/wiki/File%3AFerma%20Livadi%2009.jpg
83	2212	Livadi	Schinoussa	south-aegean-schinoussa	7	99999	CC BY 3.0	commons-name	Ferma Livadi 08.jpg	https://commons.wikimedia.org/wiki/File%3AFerma%20Livadi%2008.jpg
83	315	Glyfada	Skyros	central-greece-skyros	1	99999	CC0	commons-name	Glyfada Attiki.jpg	https://commons.wikimedia.org/wiki/File%3AGlyfada%20Attiki.jpg
83	317	Kalamitsa	Skyros	central-greece-skyros	2	99999	CC0	commons-name	Kalamitsabeach.jpg	https://commons.wikimedia.org/wiki/File%3AKalamitsabeach.jpg
83	172	Kamares	Spetses	attica-spetses	0	99999	CC BY-SA 4.0	commons-name	Kamares ware, inclusive from Kamares cave, 1900-1700 BC, AMH, 144896.jpg	https://commons.wikimedia.org/wiki/File%3AKamares%20ware%2C%20inclusive%20from%20Kamares%20cave%2C%201900-1700%20BC%2C%20AMH%2C%20144896.jpg
83	172	Kamares	Spetses	attica-spetses	1	99999	CC BY-SA 4.0	commons-name	Kamares, Sifnos.jpg	https://commons.wikimedia.org/wiki/File%3AKamares%2C%20Sifnos.jpg
83	172	Kamares	Spetses	attica-spetses	2	99999	CC BY-SA 4.0	commons-name	MM IB-IIA early Kamares style bridge-spouted jar from Kamares - Herakleion AM.jpg	https://commons.wikimedia.org/wiki/File%3AMM%20IB-IIA%20early%20Kamares%20style%20bridge-spouted%20jar%20from%20Kamares%20-%20Herakleion%20AM.jpg
83	172	Kamares	Spetses	attica-spetses	3	99999	CC BY-SA 4.0	commons-name	MM IB-IIA early Kamares style spouted jar from Kamares - Herakleion AM.jpg	https://commons.wikimedia.org/wiki/File%3AMM%20IB-IIA%20early%20Kamares%20style%20spouted%20jar%20from%20Kamares%20-%20Herakleion%20AM.jpg
83	172	Kamares	Spetses	attica-spetses	4	99999	CC BY-SA 4.0	commons-name	Cave of Kamares 076532.jpg	https://commons.wikimedia.org/wiki/File%3ACave%20of%20Kamares%20076532.jpg
83	172	Kamares	Spetses	attica-spetses	5	99999	CC BY-SA 3.0	commons-name	Cave of Kamares 076556.jpg	https://commons.wikimedia.org/wiki/File%3ACave%20of%20Kamares%20076556.jpg
83	899	Karavostasi	Thesprotia	epirus-thesprotia-mainland	0	312	CC BY-SA 3.0	commons-geo(312m)	Karavostasi hotel - panoramio.jpg	https://commons.wikimedia.org/wiki/File%3AKaravostasi%20hotel%20-%20panoramio.jpg
83	899	Karavostasi	Thesprotia	epirus-thesprotia-mainland	1	500	CC BY-SA 3.0	commons-geo(500m)	Karavostasi view - panoramio.jpg	https://commons.wikimedia.org/wiki/File%3AKaravostasi%20view%20-%20panoramio.jpg
83	2473	Stavros	Tilos	south-aegean-tilos	6	99999	by-sa 4.0	openverse:wikimedia	BStavros Tinos Greece 2018041015380N01910	https://commons.wikimedia.org/w/index.php?curid=68666429
83	2473	Stavros	Tilos	south-aegean-tilos	7	99999	Public domain	commons-name	Stavros, Thessaloniki, full.JPG	https://commons.wikimedia.org/wiki/File%3AStavros%2C%20Thessaloniki%2C%20full.JPG
75	2504	Vathi	Achaia	west-greece-achaia-mainland	0	99999	by 2.0	openverse:flickr	Samos - Vathi	https://www.flickr.com/photos/76544271@N00/1770233455
75	2504	Vathi	Achaia	west-greece-achaia-mainland	1	99999	by-sa 2.0	openverse:flickr	Agios Nikolaos, Lasithi Crete- Vathi area, Greece Apartment For Sale - Villas for sale	https://www.flickr.com/photos/59281281@N03/8425379770
75	2535	Marathias	Aetolia-Acarnania	west-greece-aetolia-acarnania-mainland	0	99999	by 2.0	openverse:flickr	Marathias, Keri | Zakynthos	https://www.flickr.com/photos/57780451@N05/48720900488
75	2535	Marathias	Aetolia-Acarnania	west-greece-aetolia-acarnania-mainland	1	99999	by 2.0	openverse:flickr	Marathias, Keri | Zakynthos	https://www.flickr.com/photos/57780451@N05/48721236776
75	2535	Marathias	Aetolia-Acarnania	west-greece-aetolia-acarnania-mainland	2	99999	by 2.0	openverse:flickr	Marathias, Keri | Zakynthos	https://www.flickr.com/photos/57780451@N05/48721237736
75	2535	Marathias	Aetolia-Acarnania	west-greece-aetolia-acarnania-mainland	3	99999	by 2.0	openverse:flickr	Marathias, Keri | Zakynthos	https://www.flickr.com/photos/57780451@N05/48721411502
75	2535	Marathias	Aetolia-Acarnania	west-greece-aetolia-acarnania-mainland	4	99999	by 2.0	openverse:flickr	Marathias, Keri | Zakynthos	https://www.flickr.com/photos/57780451@N05/48721417782
75	2535	Marathias	Aetolia-Acarnania	west-greece-aetolia-acarnania-mainland	5	99999	by 2.0	openverse:flickr	Marathias, Keri | Zakynthos	https://www.flickr.com/photos/57780451@N05/48720907933
