Δημοφιλέστερα ερωτήματα,Κλικ,Εμφανίσεις,CTR,Θέση
calm beach,743,1446,51.38%,2.7
calmbeach,147,185,79.46%,1.48
calm beach greece,73,92,79.35%,1.29
ευβοια παραλιεσ για παιδια,29,470,6.17%,6.16
calm beaches,27,45,60%,2.22
calm beaches near me,21,69,30.43%,5.67
καβαλα παραλιεσ για παιδια,20,126,15.87%,4.44
παραλια γυμνιστων καβαλα,16,42,38.1%,4.1
vrasidas beach,14,1425,0.98%,9.16
βορεια ευβοια παραλιεσ για παιδια,13,257,5.06%,3.91
νοτια ευβοια παραλιεσ για παιδια,13,158,8.23%,3.25
αιγινα παραλιεσ οργανωμενεσ,11,195,5.64%,8.68
παραλια μαρκεσι σκυροσ,11,60,18.33%,3.85
halkidiki snorkeling spots,11,41,26.83%,4.1
kathisma beach live cam,11,26,42.31%,2.5
calm beach gr,11,12,91.67%,1
beaches open near me,11,12,91.67%,2.25
ναι,10,732,1.37%,2.72
χαλκιδα παραλιεσ για παιδια,9,137,6.57%,7.44
μαρκεσι σκυροσ παραλια,9,61,14.75%,4.23
halkidiki snorkeling,7,92,7.61%,6.3
σκοτινα καμερα live,7,69,10.14%,4.25
καμερα σκοτινα,7,63,11.11%,5.86
lefkada beaches with sunbeds,7,55,12.73%,5.2
παραλια λαιμοσ βοιωτιασ,7,47,14.89%,3.11
απανεμεσ παραλιεσ κιμωλοσ,7,47,14.89%,3.3
παραλια μαρκεσι,7,24,29.17%,1.58
παραλία γυμνιστών καβάλα,7,17,41.18%,2.47
calmbeach gr,7,7,100%,1
snorkeling halkidiki,6,172,3.49%,7.8
χιοσ παραλιεσ για παιδια,6,170,3.53%,7.89
σκοτινα καμερα,6,89,6.74%,5.8
τσιρμοκοκαλα ευβοια,6,54,11.11%,4.19
σκοτινα live camera,6,42,14.29%,4.98
απανεμες παραλιες σεριφος,6,10,60%,2.9
αιγινα παραλιεσ,5,322,1.55%,10.09
nissaki beach,5,227,2.2%,10.08
μαρκεσι σκυρος,5,72,6.94%,8.94
yes,5,48,10.42%,5.56
απανεμεσ παραλιεσ κυθνοσ,5,40,12.5%,3.6
απανεμεσ παραλιεσ ανδρου,5,40,12.5%,5.5
δερμαρια πελασγιασ,5,29,17.24%,5.24
best snorkeling halkidiki,5,26,19.23%,3.27
σκαλακια αναβυσσου,5,26,19.23%,5.19
παραλια λυγια κυθηρα,5,19,26.32%,4
kathisma beach webcam,5,19,26.32%,4.32
beach conditions near me,5,17,29.41%,3.53
απανεμεσ παραλιεσ αμοργου,5,16,31.25%,1.38
avali beach,4,1327,0.3%,8.28
beach bar,4,636,0.63%,7.71
aegina beaches,4,489,0.82%,10.33
lemnos beaches,4,278,1.44%,9.67
beach radar,4,105,3.81%,5.46
kampanes beach,4,90,4.44%,3.6
live camera σκοτινα,4,82,4.88%,5.23
οργανωμενεσ παραλιεσ λευκαδα,4,72,5.56%,7.67
kampanes beach milos,4,58,6.9%,4.19
varsamo beach samos,4,42,9.52%,7.64
μαγαζακι αστυπαλαια,4,41,9.76%,6.41
ασπροσ γκρεμοσ παροσ,4,38,10.53%,4.37
παραλια μουντα κεφαλονια,4,36,11.11%,8.36
calm beach near me,4,29,13.79%,5.14
best beaches in lefkada with sunbeds,4,29,13.79%,5.83
τηνοσ παραλιεσ για παιδια,4,26,15.38%,4.15
agistri snorkeling,4,22,18.18%,4.91
how to know if the beach is calm,4,15,26.67%,4.2
λυγια κυθηρα,4,13,30.77%,1.92
papakosta beach,4,12,33.33%,5.5
myrtos live camera,4,11,36.36%,5.91
μονολιθι καμερα,4,10,40%,6.8
myrtos webcam,4,5,80%,2.8
desimi beach,3,831,0.36%,9.19
issos beach,3,406,0.74%,6.66
κακολιμανο,3,312,0.96%,6.76
thapsa beach evia,3,186,1.61%,7.67
leros beaches,3,170,1.76%,10.21
kimolos beaches,3,163,1.84%,11.58
preveli beach now,3,143,2.1%,7.69
νεφτινα παραλια,3,103,2.91%,8.67
σκυροσ παραλιεσ για παιδια,3,71,4.23%,6.59
λιμνοπουλα παραλια,3,65,4.62%,4.91
παραλια ναυτιλος,3,62,4.84%,6.13
preveli beach aktuell,3,41,7.32%,7.76
da,3,37,8.11%,4.19
naxos snorkeling spots,3,35,8.57%,9.06
ευβοια παραλιες για παιδια,3,33,9.09%,7.21
spiagge attrezzate milos,3,33,9.09%,10.94
οργανωμενεσ παραλιεσ ρεθυμνο,3,30,10%,8.17
snorkeling alonissos,3,28,10.71%,7.25
οργανωμενες παραλιες σκυρος,3,27,11.11%,10.89
quiet beaches zakynthos,3,25,12%,11.52
snorkeling syros,3,24,12.5%,3.75
αργολιδα παραλιεσ για παιδια,3,23,13.04%,6.96
snorkeling,3,21,14.29%,13.62
απανεμες παραλιες κυθνος,3,19,15.79%,3.74
gerania beach milos,3,18,16.67%,6.5
ηλιοβασιλεμα σκυρος,3,15,20%,4.47
beach conditions today,3,15,20%,4.93
σεριφοσ ηλιοβασιλεμα,3,15,20%,6.6
kefalonia beaches with sunbeds,3,14,21.43%,4.93
χιοσ οργανωμενεσ παραλιεσ,3,13,23.08%,7
myrtos beach webcam,3,12,25%,5.75
halkidiki hidden beaches,3,11,27.27%,6.45
archampoli beach,3,10,30%,18.1
παραλια νησελια μυτιληνη,3,6,50%,4.33
κυμα,3,5,60%,1.2
avali beach lefkada,2,819,0.24%,7.97
afrata beach,2,612,0.33%,11.07
preveza beaches,2,592,0.34%,11.77
kavala beach,2,463,0.43%,10.57
τελενδοσ παραλιεσ,2,431,0.46%,9.39
kavala beaches,2,430,0.47%,11.54
babylon beach,2,404,0.5%,7.96
preveza beach,2,325,0.62%,10.9
παραλιες αιγινα,2,284,0.7%,8.82
sarantari beach,2,265,0.75%,8.27
παραλιεσ αιγινα,2,252,0.79%,8.79
gomati beach,2,237,0.84%,8.83
liosi beach,2,232,0.86%,7.55
χαραμιδα παραλια,2,204,0.98%,7.42
koroni beach,2,202,0.99%,6.99
κακολιμανο ευβοιασ,2,194,1.03%,9.07
πορτο πευκο,2,191,1.05%,6.75
poros beaches,2,160,1.25%,10.59
κερεντζα πρεβεζα,2,139,1.44%,8.22
linaraki beach,2,136,1.47%,9.29
kalamionas beach,2,134,1.49%,9.15
kythira beaches,2,131,1.53%,10.78
μυτιληνη παραλιεσ για παιδια,2,115,1.74%,9.36
κατεργακι,2,108,1.85%,6.64
keros beach,2,108,1.85%,9.74
τελενδος παραλιες,2,105,1.9%,9.07
σκυροσ παραλιεσ οργανωμενεσ,2,100,2%,10.26
kalymnos beaches,2,99,2.02%,12.21
best beaches in preveza,2,94,2.13%,11.29
lygia beach lefkada,2,91,2.2%,8.9
voulolimni beach,2,88,2.27%,6.38
snorkeling corfu,2,84,2.38%,10.82
issos beach corfu,2,83,2.41%,11.29
koumaria beach,2,81,2.47%,7.09
παραλια ματι μεσσηνια,2,79,2.53%,10.7
gerontas beach milos,2,64,3.12%,10.69
korakonisi,2,61,3.28%,8.2
beach bar kavala,2,61,3.28%,9.36
boukari corfu,2,61,3.28%,10.41
snorkeling lefkada,2,60,3.33%,7.77
olive beach pelion,2,59,3.39%,6.86
φιορδ κιμωλος,2,59,3.39%,7.2
boukari beach,2,58,3.45%,11.09
corfu snorkeling map,2,57,3.51%,6.93
μαρκεσι,2,57,3.51%,7.07
κυθνοσ παραλιεσ οργανωμενεσ,2,57,3.51%,14.11
παραλία πόρτο πεύκο,2,56,3.57%,6.7
kardaki beach,2,56,3.57%,8.04
παραλια ιμερου,2,54,3.7%,8.41
spiaggia avali lefkada,2,49,4.08%,4.98
παραλια κεραμε ικαρια,2,49,4.08%,8.27
φαρα λεσβου,2,49,4.08%,11.88
alonissos snorkeling,2,48,4.17%,6.54
μονη αιγινα ξαπλωστρεσ,2,47,4.26%,9.04
αίγινα παραλίεσ,2,47,4.26%,9.43
plaka beach samos,2,45,4.44%,6.11
παραλια μαραθωνα,2,45,4.44%,9.87
si,2,41,4.88%,3.51
παραλια λιβαδι ικαρια,2,40,5%,7.3
vent milos,2,40,5%,8.82
hidden beaches zakynthos,2,39,5.13%,8.54
paralia sidari,2,38,5.26%,5.05
παραλια αρετεσ χαλκιδικη,2,36,5.56%,9.58
waves greece,2,35,5.71%,6.23
παραλια πυργοσ χαλκιδικη,2,34,5.88%,6.53
myrtos beach waves,2,32,6.25%,8.25
καιροσ θαψα ευβοιασ,2,31,6.45%,8.55
παραλιεσ λευκαδασ οργανωμενεσ,2,31,6.45%,8.61
παραλια κεφαλα ευβοια,2,29,6.9%,8.31
σκοπελοσ παραλιεσ οργανωμενεσ,2,29,6.9%,12.17
που δεν εχει κυμα σημερα,2,28,7.14%,7.32
απανεμεσ παραλιεσ σεριφοσ,2,27,7.41%,5.11
alykes kitrous,2,27,7.41%,9.67
snorkeling in halkidiki,2,26,7.69%,6.12
secret beaches zakynthos,2,24,8.33%,6.46
plage santa maria paros,2,24,8.33%,7.29
paralia richti,2,24,8.33%,7.88
αμουα κασοσ,2,24,8.33%,8.67
τα καλυτερα beach bar λευκαδα,2,24,8.33%,10.12
ερημικεσ παραλιεσ ευβοια,2,23,8.7%,3.78
παραλια καστρι ευβοια,2,23,8.7%,5.74
χιοσ παραλιεσ οργανωμενεσ,2,23,8.7%,9.78
quiet beaches near me,2,23,8.7%,12.22
tilos beaches,2,23,8.7%,13.3
μαραθιασ χαλκιδικη,2,22,9.09%,3.91
καλαμιτσι ευβοια,2,22,9.09%,5.77
καθισμα λευκαδα ξαπλωστρεσ τιμεσ,2,22,9.09%,11.77
sifnos beaches with sunbeds,2,21,9.52%,6.05
lefkada strände mit liegen,2,21,9.52%,7.9
παραλια σωτηρασ κεφαλονια,2,19,10.53%,4.53
beach today,2,19,10.53%,5.32
zakynthos hidden beaches,2,19,10.53%,8.47
paralia lares karpathos,2,18,11.11%,4.11
kokkini beach evia,2,18,11.11%,7.44
παραλιεσ ευβοιασ για παιδια,2,17,11.76%,3.65
μαγαζακι παραλια αστυπαλαια,2,17,11.76%,9.59
beach bars kavala,2,16,12.5%,5.81
παραλιεσ πιεριασ για παιδια,2,16,12.5%,8.25
andros snorkeling,2,16,12.5%,8.44
paros snorkeling,2,16,12.5%,15.5
webcam kathisma beach,2,14,14.29%,4.64
myrtos beach today,2,14,14.29%,5.64
ηλιοβασιλεμα σκυροσ,2,13,15.38%,4.15
θαψα ευβοια καιροσ,2,13,15.38%,9.38
σεριφοσ απανεμεσ παραλιεσ,2,12,16.67%,6.58
hidden beaches halkidiki,2,12,16.67%,7
waves lefkada,2,12,16.67%,9
antiparos beaches,2,12,16.67%,30.25
paralia zepkou,2,11,18.18%,4.27
κυθνοσ απανεμεσ παραλιεσ,2,11,18.18%,6.82
snorkling naxos,2,11,18.18%,8.91
kathisma beach waves today,2,10,20%,4.6
παραλια πυργακι παροσ,2,10,20%,5.3
paxos snorkelling,2,10,20%,8.4
spiagge attrezzate ios,2,10,20%,8.4
snorkeling lemnos,2,9,22.22%,1.33
παραλια ακταιου ευβοια,2,9,22.22%,2.89
ανδροσ απανεμεσ παραλιεσ,2,9,22.22%,4.78
παραλια αλυκη κυθνοσ,2,9,22.22%,5.33
waves near me,2,9,22.22%,6.56
παραλια τσαμπια τηνοσ,2,8,25%,3.12
απανεμες παραλιες ανδρος,2,8,25%,4
μαρκεσι παραλια σκυροσ,2,8,25%,4.38
rhodes best snorkeling spots,2,8,25%,7.12
αγριλια παραλια,2,8,25%,10.62
kalamokanias beach,2,7,28.57%,6.14
καιρος θαψα ευβοιας,2,7,28.57%,9.57
kalamitsi live camera,2,6,33.33%,6.17
kakolimano beach evia,2,6,33.33%,9.17
καθισμα λευκαδα ξαπλωστρεσ,2,6,33.33%,9.17
κυθνοσ παραλιεσ χωρισ αερα,2,5,40%,3.4
neos marmaras webcam,2,5,40%,7
best snorkeling near me,2,5,40%,7.2
beach calm,2,4,50%,1.25
απανεμεσ παραλιεσ ναξοσ,2,4,50%,2.75
shallow beaches near me,2,4,50%,5.75
meteo issos corfu,2,4,50%,9.5
παραλια λιβαδι ευβοια,2,3,66.67%,2.67
preveli live camera,2,3,66.67%,4
evet,2,3,66.67%,7
παραλια στενο ανδροσ,2,3,66.67%,20.33
calmbeach.gr,2,2,100%,1
flags on the beach today,2,2,100%,1
παραλία χαραμίδα αξιολογήσεις,2,2,100%,5
petani beach kefalonia waves,2,2,100%,8.5
kathisma beach,1,2075,0.05%,9.59
καιρός δημήτρανι,1,541,0.18%,8.25
mandraki beach skiathos,1,495,0.2%,11.2
stelari beach,1,453,0.22%,9.95
dafni beach zakynthos,1,382,0.26%,10.02
χαραμιδα,1,353,0.28%,11.25
kathisma beach lefkada,1,334,0.3%,10.16
potami beach,1,329,0.3%,10.94
μελιδονι κυθηρα,1,276,0.36%,8.39
dafni beach,1,258,0.39%,11.1
patmos beaches,1,254,0.39%,9.74
evia beaches,1,240,0.42%,9.65
porto limnionas,1,240,0.42%,11.36
melidoni beach kythira,1,236,0.42%,9.4
παραλία διρού,1,210,0.48%,8.68
spetses beaches,1,208,0.48%,13.64
snorkeling rhodes,1,207,0.48%,10.3
calmo kea,1,206,0.49%,7.94
magic beach kos,1,189,0.53%,8.33
vrasidas beach kavala,1,188,0.53%,8.54
kalathas beach,1,182,0.55%,10.06
paxos beaches,1,181,0.55%,10.8
kalypso beach,1,171,0.58%,8.74
αγκαθωπεσ συροσ beach bar,1,165,0.61%,11.55
dianiskari beach,1,158,0.63%,6.96
salonikios beach,1,149,0.67%,10.4
chios beaches,1,146,0.68%,9.45
snorkeling paros,1,135,0.74%,26.77
παραλια σκαλα πρεβεζα,1,131,0.76%,9.48
plathiena beach milos,1,131,0.76%,9.86
malia beach,1,129,0.78%,13.29
νησιωτισσα ευβοια,1,125,0.8%,10.22
lipsi beaches,1,125,0.8%,11.32
lia beach,1,123,0.81%,9.7
limnos beaches,1,122,0.82%,9.6
monastiri beach paros,1,116,0.86%,8.93
diakoftis beach karpathos,1,111,0.9%,10.38
afteli beach,1,108,0.93%,9.59
avali lefkada,1,105,0.95%,8.38
παραλια λιβαδοστρασ,1,102,0.98%,12.1
mikros gialos lefkada,1,100,1%,10.94
moraitika beach,1,99,1.01%,7.8
κερκυρα παραλιεσ για παιδια,1,96,1.04%,7.04
mazida ammos,1,94,1.06%,8.48
παραλία χαραμίδα,1,91,1.1%,8.1
paralia beach corfu,1,88,1.14%,6.75
andros beaches,1,87,1.15%,10.77
kampanes,1,82,1.22%,6.09
παραλια κατσαδια λειψοι,1,82,1.22%,6.9
plathiena beach,1,81,1.23%,10.99
kampanes milos,1,80,1.25%,4.91
ζούμπερι παραλία,1,80,1.25%,8.91
korasida beach,1,80,1.25%,10.47
koumaria beach kefalonia,1,79,1.27%,6.37
προσήλι,1,79,1.27%,6.9
ampelaki beach,1,77,1.3%,6.44
beach bar κοντα μου,1,77,1.3%,7.13
boukari corfou,1,74,1.35%,11.18
samos beaches,1,74,1.35%,12.38
κακολίμανο εύβοια,1,73,1.37%,6.77
βαρδαρι παραλια,1,70,1.43%,6.79
παραλίες αίγινα,1,70,1.43%,10.44
naxos snorkeling,1,70,1.43%,10.61
beach bar rethymno,1,70,1.43%,11.87
αγκαθωπεσ ξαπλωστρεσ,1,68,1.47%,9.37
beach bar αιγινα,1,68,1.47%,10.88
καβαλα παραλιεσ,1,68,1.47%,13.53
αναφη παραλιεσ,1,68,1.47%,14.57
ja,1,67,1.49%,3.22
aspri limni,1,66,1.52%,8.36
ammoglossa beach lefkada,1,65,1.54%,6.38
παραλια λαγκαδα κωσ,1,65,1.54%,7.18
keros beach limnos,1,65,1.54%,10.2
snorkeling naxos,1,64,1.56%,11.03
sandy beach kefalonia,1,64,1.56%,12.53
mikro ammoudi beach,1,63,1.59%,7.7
porto pefko,1,62,1.61%,8.95
babylon beach greece,1,62,1.61%,8.98
agios sostis milos,1,60,1.67%,11.5
preveza greece beaches,1,59,1.69%,11.64
rhodes snorkeling map,1,57,1.75%,7.6
mouries halkidiki,1,57,1.75%,8.39
monolithi beach preveza,1,57,1.75%,15.47
κερεντζα,1,56,1.79%,7.77
πορτο λαφια παραλια,1,56,1.79%,10.02
anafi beaches,1,55,1.82%,10.36
καιρός παραλία ψάθα,1,55,1.82%,10.47
σκοπελοσ παραλιεσ για παιδια,1,55,1.82%,11.65
sonnenuntergang lefkada,1,55,1.82%,11.69
porto pefko beach evia,1,54,1.85%,6.63
gaidaros beach,1,54,1.85%,7.81
skyros beaches,1,52,1.92%,11.58
snorkelling evia,1,52,1.92%,20.29
kasos sandy,1,51,1.96%,4.65
best beaches in lesvos,1,49,2.04%,16.14
paralia edem beach,1,48,2.08%,7.94
καμερα χιλιαδου,1,48,2.08%,9.35
χαραμίδα,1,47,2.13%,10.43
best hidden beaches lefkada,1,47,2.13%,22.87
paralia edem,1,46,2.17%,9.15
μαγγαναρι beach bar,1,46,2.17%,9.33
ροδοσ παραλιεσ με αμμο,1,46,2.17%,10.98
plages naxos,1,46,2.17%,11.22
παραλια καριανησ,1,45,2.22%,8.58
παραλια αγια ειρηνη κυθνοσ,1,44,2.27%,6.82
gomati beach limnos,1,44,2.27%,8.57
snorkeling heraklion,1,44,2.27%,9.2
αγια ειρηνη κυθνοσ beach bar,1,44,2.27%,11.98
plage perissa santorin,1,43,2.33%,6.72
heraklion beaches,1,43,2.33%,8.14
rethymno snorkeling,1,43,2.33%,9.6
καρυστοσ παραλιεσ για παιδια,1,43,2.33%,10.88
καραβοστασι πλυτρα,1,43,2.33%,10.93
χιοσ παραλιεσ με αμμο,1,42,2.38%,9.67
olive beach πηλιο,1,42,2.38%,10.14
παραλια νεφτινα λημνοσ,1,41,2.44%,9.15
μελιδόνι κύθηρα,1,41,2.44%,9.22
zakynthos beaches,1,41,2.44%,15.83
παραλια κερεντζα πρεβεζα,1,39,2.56%,8.97
macherida beach,1,39,2.56%,9.1
plaja vrasidas,1,39,2.56%,9.33
παραλιες αιγινας,1,39,2.56%,9.9
παραλια ναυτιλοσ πλαταρια,1,39,2.56%,10.36
παραλια ματι,1,38,2.63%,7.45
δρενια beach bar,1,38,2.63%,7.92
nisaki beach,1,38,2.63%,8.76
αγαθονησι παραλιεσ,1,38,2.63%,9.45
kokkini beach,1,38,2.63%,9.79
best snorkeling lefkada,1,38,2.63%,20.08
gaidaros beach lefkada,1,37,2.7%,5.7
πορτο φινο σαλαμινα παραλια,1,37,2.7%,6.32
gradakia beach,1,37,2.7%,6.46
κατσουνι αναφη,1,37,2.7%,11.08
παραλια λαιμος χαλκιδικη,1,37,2.7%,11.73
flogita beach,1,37,2.7%,12.59
παραλια μαλτα κερκυρα,1,36,2.78%,3.72
παλιοσταφιδα κεφαλονια,1,36,2.78%,8.33
κρυφεσ παραλιεσ ζακυνθου,1,36,2.78%,8.61
sifnos strände,1,36,2.78%,13.44
tsamakia beach,1,35,2.86%,6.63
σκοτινα πιεριασ φωτογραφιεσ,1,35,2.86%,9.29
παραλία μνήματα,1,35,2.86%,9.83
πατμοσ παραλιεσ οργανωμενεσ,1,35,2.86%,11.77
marathias beach korfu,1,35,2.86%,11.94
bella vista beach chios,1,34,2.94%,5.71
paliostafida beach,1,34,2.94%,7.38
kathisma beach weather,1,34,2.94%,8.12
δυση ηλιου πρεβεζα,1,34,2.94%,9.18
αμοργοσ παραλιεσ οργανωμενεσ,1,34,2.94%,10.26
παραλια καλοπηγαδο αμμουλιανη,1,33,3.03%,6
παραλια καριανης,1,33,3.03%,8.45
ηλιοβασιλεμα κυθηρα,1,32,3.12%,6.41
cape vrasidas,1,32,3.12%,7.53
best beaches in rhodes for snorkeling,1,32,3.12%,9.03
snorkeling kefalonia,1,32,3.12%,10.16
avali beach bar lefkada,1,32,3.12%,10.25
livadi beach,1,32,3.12%,12.16
στενο αυλακι κυθηρα,1,31,3.23%,5.65
coucher de soleil heraklion,1,31,3.23%,7.61
παραλια κλιμα αιγινα beach bar,1,31,3.23%,9.81
charamida,1,31,3.23%,9.84
samothraki beaches,1,31,3.23%,12.42
αγια βασω πηλιο,1,30,3.33%,7.8
καιρος ζαριτσι,1,30,3.33%,8.5
mikro ammoudi,1,30,3.33%,8.67
vardia beach folegandros,1,30,3.33%,10.1
armyrichi beach evia,1,29,3.45%,5.55
mikri lakka samos,1,29,3.45%,8
κονδυλι beach bar,1,29,3.45%,8.9
παραλια μαγειρασ ευβοια καιροσ,1,29,3.45%,8.9
best beaches chios,1,29,3.45%,8.97
παραλιες κοντα μου,1,29,3.45%,8.97
milos spiagge attrezzate,1,29,3.45%,9
παραλια προσηλι,1,29,3.45%,10.1
φωκιδα παραλιεσ,1,29,3.45%,11.03
οργανωμενες παραλιες λευκαδα,1,28,3.57%,8.11
παραλια κακολιμανο ευβοια,1,28,3.57%,8.68
μαρκεσι σκυροσ,1,28,3.57%,8.86
κιμωλοσ οργανωμενεσ παραλιεσ,1,28,3.57%,9.07
aigina paralies,1,28,3.57%,10.21
achivadolimni beach,1,28,3.57%,10.96
κυθνοσ παραλιεσ beach bar,1,28,3.57%,11.25
astypalaia beaches,1,28,3.57%,11.32
παραλιεσ θεσπρωτιασ,1,28,3.57%,19.64
παραλια σωτηρα κεφαλονια,1,27,3.7%,3.89
rethymno beach flag today live,1,27,3.7%,6.63
samos snorkeling,1,27,3.7%,7.59
fotinari beach,1,27,3.7%,8.3
waves in greece,1,27,3.7%,9.19
kalamitsi beach halkidiki,1,27,3.7%,9.52
beach bars rethymno,1,27,3.7%,11.04
sandy beaches near me,1,27,3.7%,11.44
ανδροσ παραλιεσ οργανωμενεσ,1,27,3.7%,12.11
lagkadakia beach,1,26,3.85%,5.35
παραλια αγιοσ γεωργιοσ ρεθυμνο,1,26,3.85%,6.85
οργανωμενες παραλιες αιγινα,1,26,3.85%,7.73
lagoon beach,1,26,3.85%,8.42
κακη λαγκαδα παξοι beach bar,1,26,3.85%,9.08
καιροσ αυλακι πορτο ραφτη,1,26,3.85%,10.46
φιορδ κιμωλοσ,1,25,4%,5.52
παραλια γλυφα αλοννησοσ,1,25,4%,8.72
notos beach corfu,1,25,4%,8.84
παραλία προσήλι,1,25,4%,9.04
best snorkeling corfu,1,25,4%,9.16
kalami beach creta,1,25,4%,9.16
παραλια διρου,1,25,4%,10.08
sand beach rhodes,1,25,4%,11.8
ποροσ παραλιεσ,1,25,4%,24.16
gardeno beach,1,24,4.17%,5.96
ammoglossa,1,24,4.17%,6.96
sarantari,1,24,4.17%,8.46
best sunset in lefkada,1,24,4.17%,8.71
skafi beach tilos,1,24,4.17%,8.75
νηεσ παραλια,1,24,4.17%,9
triades milos,1,24,4.17%,9.5
παραλία φιλιατρό,1,24,4.17%,9.96
καιροσ κομιτσα χαλκιδικη,1,24,4.17%,10
да,1,23,4.35%,2.3
ηλιοβασιλεμα τηνος,1,23,4.35%,9.35
best snorkeling spots corfu,1,23,4.35%,10.61
best beaches in aegina,1,23,4.35%,21.52
οργανωμενεσ παραλιεσ αιγινα,1,22,4.55%,7.09
μουρος,1,22,4.55%,9.5
snorkeling skiathos,1,22,4.55%,9.77
παραλια πουρια σκυροσ,1,22,4.55%,9.91
κιρρα παραλια,1,22,4.55%,10.09
sithonia snorkeling beach,1,22,4.55%,10.68
antipaxos weather,1,22,4.55%,11
βαθυ λαγκαδι ζακυνθοσ,1,21,4.76%,4.1
vourderi beach zakynthos,1,21,4.76%,6.43
thapsa beach evia map,1,21,4.76%,6.95
παραλία λιβαδοστρατας φωτογραφίες,1,21,4.76%,7.05
λευκαδα παραλιεσ οργανωμενεσ,1,21,4.76%,9.38
snorkeling skopelos,1,21,4.76%,10.05
glyfa beach corfu,1,21,4.76%,10.43
οινούσσεσ παραλίεσ,1,21,4.76%,11.67
porto pefko evia,1,20,5%,5.85
best beaches near preveza greece,1,20,5%,10.1
αιγινα beach bar,1,20,5%,10.65
skiathos snorkeling,1,20,5%,13.2
καλαμι ευβοια,1,20,5%,16
kanali tou erota beach,1,19,5.26%,4.37
παραλια δερμαρια γλυφα,1,19,5.26%,5.32
kathisma waves,1,19,5.26%,5.58
παραλια σισια κεφαλονια,1,19,5.26%,5.63
παραλια βαρδαρι,1,19,5.26%,6.84
rethymno beach bars,1,19,5.26%,9.47
beach bar tinos,1,19,5.26%,10.63
snorkelling naxos,1,19,5.26%,11.58
corfu sandy beaches,1,19,5.26%,12.05
paleochori milos,1,19,5.26%,13.79
nerodafni beach milos,1,18,5.56%,5.83
kathisma beach waves,1,18,5.56%,6.72
παραλιεσ κερκυρα για παιδια,1,18,5.56%,9.56
παραλια εριστοσ τηλοσ,1,18,5.56%,9.94
sandy beaches kefalonia,1,18,5.56%,11.22
μονολιθι πρεβεζα live camera,1,18,5.56%,11.83
μικρο αλυκο ναξοσ,1,17,5.88%,6.35
οργανωμενες παραλιες χιος,1,17,5.88%,7.41
xanthi greece beach,1,17,5.88%,8.12
agios panteleimonas beach,1,17,5.88%,8.24
webcam keros beach,1,17,5.88%,8.47
καραβομυλοσ παραλια,1,17,5.88%,8.53
best beaches limnos,1,17,5.88%,9.41
ποροσ παραλιεσ με αμμο,1,17,5.88%,9.59
κακια λαγκαδα παξοι,1,17,5.88%,9.65
preveza beaches map,1,17,5.88%,11.88
γρεγολιμανο ευβοια,1,17,5.88%,12
πόρτο λαφια,1,17,5.88%,12.94
sandy beaches in rhodes,1,17,5.88%,14.82
giannitsi beach,1,16,6.25%,4.56
prasonisi (rethymno),1,16,6.25%,5.56
coucher de soleil sifnos,1,16,6.25%,5.62
πλαθιενα παραλια,1,16,6.25%,7.19
αμμος του μουλα,1,16,6.25%,7.38
κερκυρα παραλιες για παιδια,1,16,6.25%,7.94
waves skala kefalonia,1,16,6.25%,8.25
προσηλι καμερα,1,16,6.25%,8.44
παραλίεσ κοντά μου,1,16,6.25%,8.62
σε ποια παραλια δεν φυσαει σημερα,1,16,6.25%,9.75
kaminia beach cefalonia grecia,1,16,6.25%,9.81
παραλία χαραμίδα μυτιλήνη,1,16,6.25%,9.94
παραλιες ζακυνθος,1,16,6.25%,10.69
ηλιοβασιλεμα πρεβεζα,1,16,6.25%,11.31
polemi beach kos,1,16,6.25%,11.88
agia kiriaki beach,1,16,6.25%,14.38
υδρα παραλιες,1,16,6.25%,23.44
καιρός παραλία ξι,1,15,6.67%,4.27
pelekiti beach,1,15,6.67%,4.93
αλυκη κυθνοσ,1,15,6.67%,5.93
apella beach vento,1,15,6.67%,6.4
beach bar alonissos,1,15,6.67%,7.2
αγχιαλοσ παραλια,1,15,6.67%,7.73
paralia marathi,1,15,6.67%,7.87
naxos snorkelling,1,15,6.67%,7.93
οργανωμενεσ παραλιεσ κιμωλοσ,1,15,6.67%,9.07
lefkada spiagge attrezzate,1,15,6.67%,9.4
πισω λιμνιωνασ ανδροσ,1,15,6.67%,9.87
klimaki beach evia,1,14,7.14%,6.29
paralia gialiskari kefalonia,1,14,7.14%,6.29
kimilia beach cefalonia,1,14,7.14%,7.14
κορασιδα live camera,1,14,7.14%,8
παραλια αμμουδια πρεβεζα beach bar,1,14,7.14%,8.21
preveli webcam,1,14,7.14%,8.57
παραλια καλογρια,1,14,7.14%,9
hidden beaches lefkada,1,14,7.14%,9.57
snorkling skiathos,1,14,7.14%,9.86
sand beach zakynthos,1,14,7.14%,10.07
αγαθονησι παραλιες,1,14,7.14%,10.21
paou beach pelion,1,14,7.14%,10.64
wind marmari kos,1,14,7.14%,10.86
παραλιεσ σαμου με αμμο,1,14,7.14%,10.93
παραλιες με αμμο χιος,1,14,7.14%,11.07
aegina beaches near port,1,14,7.14%,11.57
πλακεσ αστυπαλαια,1,14,7.14%,13.07
lefkada,1,13,7.69%,1.31
beach warning flags today,1,13,7.69%,3.38
paralia palio beach,1,13,7.69%,3.69
lithovatis beach,1,13,7.69%,5.54
mikri triopetra,1,13,7.69%,6.08
karpathos snorkeling,1,13,7.69%,6.85
best snorkeling corfu map,1,13,7.69%,7.62
snorkeling in naxos,1,13,7.69%,7.92
καιροσ κομιτσα,1,13,7.69%,8.23
μαναγροσ παραλια,1,13,7.69%,10.23
λιναρακι,1,13,7.69%,10.46
καλογρια παραλια αχαια beach bar,1,13,7.69%,10.77
spiagge attrezzate paros,1,13,7.69%,12.08
paralia mparmpati,1,13,7.69%,19.92
παραλια λιμνοπουλα,1,12,8.33%,4.25
αλόννησοσ παραλίεσ για παιδιά,1,12,8.33%,6.42
παραλία ζουμπερι,1,12,8.33%,6.83
myrtos beach live cam,1,12,8.33%,6.92
beaches in leros,1,12,8.33%,7.83
παραλια πορτο λαφια,1,12,8.33%,8.08
preveza beach bar,1,12,8.33%,8.5
beach bar preveza,1,12,8.33%,8.83
καλοπηγαδο αμμουλιανή,1,12,8.33%,9.25
παραλιες αίγινα,1,12,8.33%,9.83
korfu snorkeling,1,12,8.33%,9.92
avessalos serifos,1,12,8.33%,11.5
plage kedrodasos,1,12,8.33%,11.83
paralia marathona,1,12,8.33%,14.33
kaminia beach cefalonia,1,12,8.33%,14.67
preveza paralies,1,12,8.33%,50.92
corfu,1,11,9.09%,1.09
οργανωμένες,1,11,9.09%,3.55
απομονωμένεσ παραλιεσ,1,11,9.09%,5.09
snorkeling agistri,1,11,9.09%,5.82
άμμος του μουλά φωτογραφίες,1,11,9.09%,6.27
lefkada beaches for kids,1,11,9.09%,6.73
vlycha spiaggia,1,11,9.09%,7.09
varsamos beach samos,1,11,9.09%,7.18
παραλία αστέρια,1,11,9.09%,8.45
παραλια καλαμοσ πηλιο,1,11,9.09%,9.09
παραλια λιμνοπουλα ναυπακτοσ,1,11,9.09%,9.27
παραλιεσ λευκαδα οργανωμενεσ,1,11,9.09%,9.27
aegina sandy beaches,1,11,9.09%,9.45
παραλία αγία βάσω πήλιο,1,11,9.09%,9.55
beach bar ζακυνθοσ,1,11,9.09%,9.82
γλυφονέρι θάσοσ,1,11,9.09%,10.09
παραλιες γυμνιστων χανια,1,11,9.09%,10.18
παραλιες τελενδος,1,11,9.09%,10.18
calma beach samos,1,11,9.09%,12.45
φυριπλάκα,1,11,9.09%,13.73
μουροσ αμοργοσ,1,11,9.09%,14.55
χίος παραλίες,1,11,9.09%,18.45
λεροσ παραλιεσ,1,11,9.09%,19.36
paros,1,10,10%,1.6
ερεικουσα παραλιεσ,1,10,10%,3.4
απανεμεσ παραλιεσ ανδροσ,1,10,10%,3.7
μεγαλη παου πηλιο,1,10,10%,4.1
παραλια παρθενι ικαρια,1,10,10%,4.3
chelonaria beach,1,10,10%,4.8
mandrakia beach zante,1,10,10%,5
meltemi serifos,1,10,10%,5.8
παραλία με άμμο κοντά μου,1,10,10%,7.1
paralia gialos beach,1,10,10%,7.4
ampovos beach,1,10,10%,8
παραλια γρεγολιμανο ευβοια,1,10,10%,9.8
best snorkelling rhodes,1,10,10%,9.9
καλαμιτσα παραλια σκυροσ,1,10,10%,9.9
naxos plage sans vent,1,10,10%,10.3
μαρκεσι παραλια,1,9,11.11%,2.11
παραλια λαιμοσ,1,9,11.11%,3
beach conditions,1,9,11.11%,4.78
psathi milos,1,9,11.11%,5.67
beach flags greece,1,9,11.11%,6.56
καιροσ αρετεσ χαλκιδικη,1,9,11.11%,6.67
παραλια λιολιου σχοινουσα,1,9,11.11%,6.67
παραλια θαψα ευβοια καιροσ,1,9,11.11%,6.78
paralia mavros molos,1,9,11.11%,6.89
beach bars tinos,1,9,11.11%,7.67
παραλια σκουροσ κρητη,1,9,11.11%,7.67
κατεργακι παραλια,1,9,11.11%,8.11
klima bay samos,1,9,11.11%,8.56
παπακωστα παραλια λαρισα,1,9,11.11%,8.56
κρυονερι μεσολογγι παραλια,1,9,11.11%,8.67
μυκονιάτικα χαλκιδική,1,9,11.11%,8.67
lygia lefkada beach,1,9,11.11%,8.89
μικρή τριόπετρα,1,9,11.11%,9.11
beaches kythnos,1,9,11.11%,9.22
λευκαδα παραλιεσ χωρισ κυμα,1,9,11.11%,9.33
chavouli beach,1,9,11.11%,9.78
greece beaches map,1,9,11.11%,10
beach bars chania,1,9,11.11%,10.44
snorkelling in rhodes,1,9,11.11%,10.67
beach bar σκιαθοσ,1,9,11.11%,10.89
παραλιεσ φωκιδασ,1,9,11.11%,12.44
παραλια βουνακι μεσσηνιασ,1,8,12.5%,4.38
paralia lares,1,8,12.5%,5.12
ματι παραλια μεσσηνιασ,1,8,12.5%,5.38
meltemi syros,1,8,12.5%,6.25
kefala beach,1,8,12.5%,6.88
αγια βασω,1,8,12.5%,7.38
platanakia beach,1,8,12.5%,7.62
spiagge kos riparate dal vento,1,8,12.5%,7.62
παραλια σαλαντι,1,8,12.5%,7.62
marathias beach zante,1,8,12.5%,8.25
skiathos quiet beaches,1,8,12.5%,8.62
meltemi mykonos,1,8,12.5%,9.12
paralia mazida ammos,1,8,12.5%,10.38
βλυχαδα κυθηρα,1,8,12.5%,10.38
skopelos snorkeling,1,8,12.5%,10.5
παραλία αλυκό,1,8,12.5%,11.12
plage faliraki rhodes,1,8,12.5%,12.12
best beaches aegina,1,8,12.5%,16.5
aegina best beaches,1,8,12.5%,16.88
παραλιεσ λεροσ,1,8,12.5%,19.38
beaches tomorrow,1,7,14.29%,3.14
selina beach zakynthos,1,7,14.29%,3.86
παραλια μαραθιασ χαλκιδικη,1,7,14.29%,5.14
wellengang kreta rethymnon,1,7,14.29%,5.86
preveli beach live cam,1,7,14.29%,6.29
ηλιοβασιλεμα φολεγανδροσ,1,7,14.29%,7.14
αχλαδα χαλκιδικη,1,7,14.29%,7.57
waves today,1,7,14.29%,8.14
spiaggia di polyrizos,1,7,14.29%,8.29
παραλια βρωμονερι μεσσηνια,1,7,14.29%,8.43
λαιμοσ παραλια,1,7,14.29%,8.57
ηλιοβασιλεμα κυθνος,1,7,14.29%,8.71
beach bar ναξος,1,7,14.29%,8.86
meteo kedrodasos,1,7,14.29%,9.29
plaja myrtos vreme,1,7,14.29%,9.43
kavala city beach,1,7,14.29%,10
δαρδιζα παραλια beach bar,1,7,14.29%,10.14
καιροσ δαμνονι,1,7,14.29%,10.14
micro ammoudi,1,7,14.29%,10.43
αγκαθωπέσ σύροσ,1,7,14.29%,12.43
kalavarda,1,7,14.29%,12.86
snorkelen corfu,1,7,14.29%,18.57
vathi sifnos,1,7,14.29%,26.43
σκυρος παραλιες,1,7,14.29%,27.14
ευβοια,1,6,16.67%,1.17
απανεμεσ παραλιεσ πρεβεζα,1,6,16.67%,2.67
παραλια φαλαρη ηλειασ,1,6,16.67%,3.33
paralia psilos volakas,1,6,16.67%,4
ηλιοβασιλεμα ιθακη,1,6,16.67%,5.33
παραλια κατσουνι,1,6,16.67%,5.67
beach status near me,1,6,16.67%,5.83
matala live webcam,1,6,16.67%,6.17
snorkeling cefalonia,1,6,16.67%,6.17
kanaki naxos,1,6,16.67%,6.33
παραλια βαρσαμο σαμοσ,1,6,16.67%,6.83
beach bars thessaloniki,1,6,16.67%,7
mavros kavos rhodes,1,6,16.67%,7.17
παραλια νεα φλογητα,1,6,16.67%,7.33
mikro fanaraki beach,1,6,16.67%,7.5
παραλία αγίου σπυρίδωνα πόρτο ράφτη,1,6,16.67%,7.5
διαπορτι χαλκιδικη,1,6,16.67%,7.67
spiagge attrezzate santorini,1,6,16.67%,7.83
macherida beach crete,1,6,16.67%,8
skala serifos,1,6,16.67%,8.17
μαρκεσι σκύροσ,1,6,16.67%,8.17
kapros milos,1,6,16.67%,8.33
paralia tholos beach,1,6,16.67%,9.17
mikro aselinos skiathos,1,6,16.67%,9.33
οργανωμενες παραλιες κιμωλος,1,6,16.67%,9.33
πατμοσ οργανωμενεσ παραλιεσ,1,6,16.67%,9.33
charaki,1,6,16.67%,9.5
παξοι με παιδια,1,6,16.67%,9.67
quiet beach zakynthos,1,6,16.67%,10
παραλία λιβαδόστρας,1,6,16.67%,10
beach bar ανατολικη αττικη,1,6,16.67%,10.5
μουντα,1,6,16.67%,10.67
παραλια κιρρα φωκιδασ,1,6,16.67%,12
telendos beach,1,6,16.67%,13.67
χαραμιδα μυτιληνη,1,6,16.67%,15.83
λεσβοσ παραλιεσ,1,6,16.67%,22
παραλιεσ ζακυνθου,1,6,16.67%,29.67
ano,1,5,20%,1.2
με παιδιά,1,5,20%,2.4
μηλοσ παραλιεσ για παιδια,1,5,20%,2.6
almirichi beach evia,1,5,20%,3.4
ναξοσ απανεμεσ παραλιεσ,1,5,20%,4
wind beach,1,5,20%,4.8
swimming conditions today near me,1,5,20%,5
best snorkeling in lefkada,1,5,20%,6.6
ellinika beach kefalonia,1,5,20%,6.8
falassarna beach conditions,1,5,20%,7
waves beach,1,5,20%,7.2
maridaki beach,1,5,20%,7.4
best beaches in pieria greece,1,5,20%,7.8
ja graag,1,5,20%,8.2
beaches in poros greece,1,5,20%,8.4
samos klima beach,1,5,20%,9
achivadolimni beach milos,1,5,20%,9.2
kamari spiaggia santorini,1,5,20%,9.2
beaches chios,1,5,20%,9.6
varkes beach bar,1,5,20%,10.8
dafni beach zakynthos route,1,5,20%,11
kamari beach lefkada,1,5,20%,11
παραλια κοτσικιας,1,5,20%,11
xi beach parking,1,5,20%,11.2
agni korfu,1,5,20%,11.6
katsiki,1,5,20%,11.6
κυθνος παραλιες οργανωμενες,1,5,20%,12.2
παραλιεσ παροσ,1,5,20%,13.6
creta,1,4,25%,1
ναι.,1,4,25%,1
agkali beach evia,1,4,25%,3.25
neos marmaras live,1,4,25%,4.25
family beach lefkada,1,4,25%,4.75
παραλία γυμνιστών χανιά,1,4,25%,6.75
meltemi lemnos,1,4,25%,7
dove fare snorkeling a corfu,1,4,25%,7.5
vento agios prokopios,1,4,25%,7.5
plage falasarna,1,4,25%,7.75
vroskopos beach kea,1,4,25%,7.75
παραλία γαλλίδα,1,4,25%,7.75
παραλία καλάμι εύβοια,1,4,25%,7.75
τσιλια,1,4,25%,8
plage d'issos corfou,1,4,25%,8.25
snorkeling beach near me,1,4,25%,8.25
λιμανακια γυμνισμος,1,4,25%,8.75
αλοννησοσ οργανωμενεσ παραλιεσ,1,4,25%,9.25
spiagge attrezzate a cefalonia,1,4,25%,10.5
platia ammos kefalonia,1,4,25%,11.75
οργανωμενεσ παραλιεσ χιου,1,4,25%,11.75
sonnenuntergang naxos,1,4,25%,12
spiagge attrezzate a milos,1,4,25%,12
παραλιες πιερια,1,4,25%,12.25
gerania,1,4,25%,13
falasarna live camera,1,4,25%,16.5
αρχαμπολη,1,4,25%,23.5
katigiorgis,1,4,25%,25.25
schnorcheln korfu,1,4,25%,26.5
παραλιεσ κιμωλοσ,1,4,25%,31.25
parga,1,3,33.33%,1
άλλη,1,3,33.33%,1.33
kreta,1,3,33.33%,2
today,1,3,33.33%,2.33
εχει κυμα?,1,3,33.33%,2.33
το πρώτο,1,3,33.33%,2.33
φαπρικεζαινα,1,3,33.33%,2.67
πρεβεζα,1,3,33.33%,3
ρέθυμνο,1,3,33.33%,3.67
stabilimento balneare vicino a me,1,3,33.33%,4
athens beach sunset,1,3,33.33%,4.33
τηνος παραλιες για παιδια,1,3,33.33%,4.67
spiagge kos,1,3,33.33%,5.67
beach checker,1,3,33.33%,6.67
best beach bars near thessaloniki,1,3,33.33%,7
kastani beach sunset,1,3,33.33%,7.33
kolympisionas beach milos,1,3,33.33%,7.33
plage de krios paros,1,3,33.33%,7.33
secluded beach near me,1,3,33.33%,7.33
snorkeling samos greece,1,3,33.33%,7.33
paralia kalogria,1,3,33.33%,7.67
paralia plage,1,3,33.33%,7.67
paralia salanti,1,3,33.33%,7.67
best snorkeling zakynthos map,1,3,33.33%,8
schnorcheln naxos,1,3,33.33%,8
καλαμιτσα beach bar,1,3,33.33%,8
παραλια κιμηλια κεφαλονιά,1,3,33.33%,8
παραλιεσ κοντα στην χαλκιδα,1,3,33.33%,8.33
psathi beach milos,1,3,33.33%,8.67
παραλία κουνουπέλι,1,3,33.33%,8.67
παραλία ζούμπερι αξιολογήσεισ,1,3,33.33%,9
καμερα καθισμα λευκαδα,1,3,33.33%,9.33
webcam karpathos pigadia,1,3,33.33%,9.67
naxos windig,1,3,33.33%,10.33
τσονια καιροσ,1,3,33.33%,10.67
kalamaki beach zakynthos,1,3,33.33%,11.33
αιτωλοακαρνανία παραλίεσ,1,3,33.33%,12
παραλιεσ κοντα στην αρτα,1,3,33.33%,15.33
mikri santa maria beach paros,1,3,33.33%,16.33
οβριοσ πηλιο,1,3,33.33%,16.67
παραλιες σκυρος,1,3,33.33%,19
lefokastro,1,3,33.33%,24.67
παραλιες πορος,1,3,33.33%,28
glifoneri beach thassos,1,3,33.33%,32.33
in grecia,1,2,50%,1
samotraki,1,2,50%,1
αγιοσ βασιλειοσ βοιωτιασ,1,2,50%,1
αυριο?,1,2,50%,1
κολύμπι,1,2,50%,1
παραλιες κοντα,1,2,50%,1
σιφνοσ παραλιεσ χωρισ αερα,1,2,50%,1
sim,1,2,50%,1.5
calmest beaches,1,2,50%,2
for swimming,1,2,50%,2.5
λουτρα αιδηψου,1,2,50%,3.5
agios nikolaos ammos beach,1,2,50%,4
is today a good beach day near me,1,2,50%,4
tourkou ammos beach paros,1,2,50%,4
what about antiparos,1,2,50%,4
weather beach,1,2,50%,4.5
calm weather,1,2,50%,5
lichadonisia,1,2,50%,5
απανεμες παραλιες ναξου,1,2,50%,5
αμονι κορινθιασ,1,2,50%,5.5
paralia episkopos,1,2,50%,6
spiagge attrezzate qui vicino,1,2,50%,6
παραλια κλωσσου πηλιο,1,2,50%,6
alexantra,1,2,50%,6.5
lolantonis,1,2,50%,6.5
spiagge di sabbia,1,2,50%,6.5
γυαλια παραλια,1,2,50%,6.5
best beaches andros greece,1,2,50%,7
episkopi beach kythnos sunbeds,1,2,50%,7
malli beach tinos,1,2,50%,7
non windy beaches near me,1,2,50%,7
best calm beach near me,1,2,50%,8
paralia daskalopetra,1,2,50%,8
rethymnon snorkling,1,2,50%,8
souloudrania beach,1,2,50%,8
ναξοσ παραλιεσ beach bar,1,2,50%,8
paralia elinta chios,1,2,50%,8.5
καμινακια παραλια,1,2,50%,8.5
παραλια καθισμα καιροσ,1,2,50%,9
παραλια λυγια,1,2,50%,9.5
mikro stelari beach,1,2,50%,10
παραλια ζουμπερι οδηγιεσ,1,2,50%,10
serifos sunset,1,2,50%,10.5
ηλιοβασιλεμα κεφαλονια,1,2,50%,10.5
spiaggia ermones corfu,1,2,50%,11
χερομυλος ευβοια καιρος,1,2,50%,11
kokkini beach tilos,1,2,50%,11.5
πλαζ βούλας,1,2,50%,11.5
best beaches near rethymno,1,2,50%,16.5
seralia beach sifnos,1,2,50%,17.5
meteo laganas,1,2,50%,20
μπατσι αποθηκεσ αποσταση,1,2,50%,20.5
παραλιες ιθακη,1,2,50%,30
παραλιες ανδρος,1,2,50%,32
plages de rhodes,1,2,50%,35.5
παραλιες σκυρου,1,2,50%,35.5
beaches rethymno,1,2,50%,42
andros quiet beach,1,1,100%,1
beach warnings today,1,1,100%,1
beach wind,1,1,100%,1
calm water beaches,1,1,100%,1
check beach conditions,1,1,100%,1
how can i check this online,1,1,100%,1
huurauto,1,1,100%,1
imeros beach greece,1,1,100%,1
is it safe to swim today near me,1,1,100%,1
organomenes paralies,1,1,100%,1
perama,1,1,100%,1
più vicina,1,1,100%,1
schöne strände in der nähe,1,1,100%,1
sheltered bays,1,1,100%,1
sivota map,1,1,100%,1
synaxi plajı,1,1,100%,1
w grecji,1,1,100%,1
website to check,1,1,100%,1
yes check the forecast,1,1,100%,1
ακριβής τοποθεσία,1,1,100%,1
αλλο,1,1,100%,1
αυτοκίνητα,1,1,100%,1
ερημίτησ,1,1,100%,1
ευβοια παραλιες χαρτης,1,1,100%,1
ικαρια παραλιεσ χωρισ κυμα,1,1,100%,1
ιρια,1,1,100%,1
καλαμος ευβοια,1,1,100%,1
κασσιόπη κερκυρα,1,1,100%,1
καταρράκτεσ πετρασ αλιαρτοσ,1,1,100%,1
λαψαρνα,1,1,100%,1
λουτρα κυθνος,1,1,100%,1
παραλιεσ κοντα στο γαλαξιδι,1,1,100%,1
προτινε,1,1,100%,1
σήμερα εννοώ,1,1,100%,1
σαλαμίνα,1,1,100%,1
beach flag status near me,1,1,100%,2
beach flag tracker,1,1,100%,2
beach safety today,1,1,100%,2
beach swimming conditions,1,1,100%,2
da gde,1,1,100%,2
keress,1,1,100%,2
winds,1,1,100%,2
απο ξανθη,1,1,100%,2
κεντρικη ευβοια αξιοθεατα,1,1,100%,2
κλιμάκιο,1,1,100%,2
μεγαλοσ μουρτιασ αλοννησοσ,1,1,100%,2
ναι πρότεινε,1,1,100%,2
πώς πάμε,1,1,100%,2
altri siti,1,1,100%,3
beach weather conditions,1,1,100%,3
calmer beaches near me,1,1,100%,3
nipsia beach,1,1,100%,3
santorineika beach sikinos,1,1,100%,3
συμβατικο,1,1,100%,3
χρυση αμμο,1,1,100%,3
beach bar vicino a me,1,1,100%,4
und für morgen ?,1,1,100%,4
ειναι κλειστο,1,1,100%,4
μπατσί,1,1,100%,4
παραλια βαθυ τηνοσ,1,1,100%,4
χωρίς κύμα,1,1,100%,4
lampes beach messinia,1,1,100%,5
plakes kastellorizo,1,1,100%,5
wann ist die goldene stunde,1,1,100%,5
κρινακια παραλια,1,1,100%,5
λιολιου παραλια σχοινουσα,1,1,100%,5
barnevennlige aktiviteter,1,1,100%,6
beides,1,1,100%,6
best beach,1,1,100%,6
calm waters,1,1,100%,6
can i swim today near me,1,1,100%,6
agistri webcam,1,1,100%,7
sifnos vroulidia beach,1,1,100%,7
wo kann man schnorcheln,1,1,100%,7
αγιοσ νικητασ λευκαδα οργανωμενη παραλια,1,1,100%,7
κρήτη,1,1,100%,7
kythnos webcam,1,1,100%,8
patmos webcam,1,1,100%,8
plages,1,1,100%,8
αλωνακι φαναριου πρεβεζα,1,1,100%,8
παραλια καλαμακι καλαματα,1,1,100%,8
agios ioannis beach lefkada sunbeds,1,1,100%,9
agios nikolaos symi,1,1,100%,9
άγιοσ νικόλαοσ βοιωτίασ,1,1,100%,9
παραλία λεπτοκαρυάς,1,1,100%,9
τσουκαλια παρος,1,1,100%,9
καιρός καβούρι,1,1,100%,10
πορτο τηνοσ beach bar,1,1,100%,10
αστυπαλαια οργανωμενεσ παραλιεσ,1,1,100%,11
κινι συροσ ηλιοβασιλεμα,1,1,100%,11
παραλίες στη ζάκυνθο,1,1,100%,11
οργανωμενεσ παραλιεσ κερκυρα,1,1,100%,13
snorkeling chania crete,1,1,100%,15
beach bar αυλακι,1,1,100%,16
quiet seclusion,1,1,100%,16
spiaggia di agios stefanos kos,1,1,100%,17
σκοπελος παραλίες,1,1,100%,18
στελιδα ναξοσ παραλια,1,1,100%,18
best beach today near me,1,1,100%,20
παραλιες λερου,1,1,100%,20