Δημοφιλέστερες σελίδες,Κλικ,Εμφανίσεις,CTR,Θέση
https://calmbeach.gr/,2098,22685,9.25%,6.65
https://calmbeach.gr/el/family-beaches/evia/,209,5246,3.98%,6.84
https://calmbeach.gr/snorkeling-beaches/halkidiki/,150,2900,5.17%,7.56
https://calmbeach.gr/snorkeling-beaches/lemnos/,130,1000,13%,6.56
https://calmbeach.gr/el/beaches/skyros/335-markesi/,122,760,16.05%,4.96
https://calmbeach.gr/el/organized-beaches/aegina/,114,4174,2.73%,8.35
https://calmbeach.gr/el/beaches/kavala/790-paralia-gymniston/,114,574,19.86%,4.25
https://calmbeach.gr/beaches/lefkada/1160-kathisma/,105,4292,2.45%,8.17
https://calmbeach.gr/el/beaches/pieria/510-skotina/,105,1831,5.73%,8.79
https://calmbeach.gr/el/sheltered-beaches/andros/,95,1463,6.49%,6.12
https://calmbeach.gr/beaches/kythira/,76,241,31.54%,5.06
https://calmbeach.gr/snorkeling-beaches/syros/,74,515,14.37%,4.58
https://calmbeach.gr/el/organized-beaches/lefkada/,73,1986,3.68%,7.9
https://calmbeach.gr/el/secluded-beaches/halkidiki/,70,1066,6.57%,10.32
https://calmbeach.gr/snorkeling-beaches/samos/,70,780,8.97%,6.89
https://calmbeach.gr/organized-beaches/lefkada/,68,3059,2.22%,8.15
https://calmbeach.gr/sheltered-beaches/kythira/,64,1029,6.22%,6.82
https://calmbeach.gr/snorkeling-beaches/alonissos/,63,778,8.1%,6.83
https://calmbeach.gr/beaches/kefalonia/1113-myrtos/,60,2493,2.41%,8.04
https://calmbeach.gr/el/organized-beaches/kythnos/,59,917,6.43%,8.68
https://calmbeach.gr/snorkeling-beaches/rethymno/,58,1074,5.4%,7.66
https://calmbeach.gr/el/family-beaches/kavala/,58,796,7.29%,7.75
https://calmbeach.gr/snorkeling-beaches/lesvos/,58,635,9.13%,7.29
https://calmbeach.gr/secluded-beaches/zakynthos/,54,904,5.97%,8.09
https://calmbeach.gr/el/beaches/kefalonia/1072-mounta-gymniston/,53,485,10.93%,7.54
https://calmbeach.gr/secluded-beaches/skiathos/,51,906,5.63%,7.77
https://calmbeach.gr/el/beaches/evia/223-thapsa/,51,790,6.46%,7.4
https://calmbeach.gr/beaches/lefkada/1157-gialos/,47,1907,2.46%,8.54
https://calmbeach.gr/el/sheltered-beaches/serifos/,47,377,12.47%,4.34
https://calmbeach.gr/sheltered-beaches/sifnos/,46,929,4.95%,6.77
https://calmbeach.gr/el/sheltered-beaches/kythnos/,46,510,9.02%,4.04
https://calmbeach.gr/snorkeling-beaches/evia/,46,436,10.55%,5.63
https://calmbeach.gr/el/sheltered-beaches/amorgos/,46,387,11.89%,5.76
https://calmbeach.gr/el/sheltered-beaches/zakynthos/,45,1417,3.18%,7.41
https://calmbeach.gr/el/secluded-beaches/evia/,45,867,5.19%,8.58
https://calmbeach.gr/el/organized-beaches/chios/,43,750,5.73%,8.22
https://calmbeach.gr/beaches/milos/1922-sarakiniko/,40,1462,2.74%,6.3
https://calmbeach.gr/secluded-beaches/lefkada/,39,720,5.42%,9.56
https://calmbeach.gr/beaches/kefalonia/1124-petani/,37,722,5.12%,7.11
https://calmbeach.gr/el/organized-beaches/milos/,37,516,7.17%,7.74
https://calmbeach.gr/snorkeling-beaches/kefalonia/,36,1679,2.14%,8.72
https://calmbeach.gr/el/beaches/kythira/,35,172,20.35%,5.55
https://calmbeach.gr/el/sunset-beaches/skyros/,34,508,6.69%,7.18
https://calmbeach.gr/el/sunset-beaches/thasos/,34,472,7.2%,6.74
https://calmbeach.gr/snorkeling-beaches/rhodes/,33,2953,1.12%,9.86
https://calmbeach.gr/snorkeling-beaches/naxos/,33,1317,2.51%,8.4
https://calmbeach.gr/snorkeling-beaches/preveza/,33,482,6.85%,7.6
https://calmbeach.gr/el/sheltered-beaches/skopelos/,33,467,7.07%,6.98
https://calmbeach.gr/organized-beaches/sifnos/,32,738,4.34%,10.29
https://calmbeach.gr/secluded-beaches/evia/,30,723,4.15%,7.27
https://calmbeach.gr/el/sunset-beaches/lemnos/,30,704,4.26%,8.62
https://calmbeach.gr/beaches/santorini/2061-kamari/,30,699,4.29%,7.69
https://calmbeach.gr/el/,30,208,14.42%,4.05
https://calmbeach.gr/el/beaches/evia/235-korasida/,29,644,4.5%,7.76
https://calmbeach.gr/el/beaches-near-me/,29,640,4.53%,7.49
https://calmbeach.gr/snorkeling-beaches/chios/,29,555,5.23%,6.96
https://calmbeach.gr/secluded-beaches/andros/,29,457,6.35%,8.78
https://calmbeach.gr/snorkeling-beaches/kalymnos/,29,276,10.51%,4.97
https://calmbeach.gr/beaches/kavala/787-vrasidas/,28,2556,1.1%,8.46
https://calmbeach.gr/secluded-beaches/halkidiki/,28,573,4.89%,7.83
https://calmbeach.gr/snorkeling-beaches/heraklion/,28,568,4.93%,7.73
https://calmbeach.gr/el/sheltered-beaches/kimolos/,28,272,10.29%,5.97
https://calmbeach.gr/it/organized-beaches/milos/,27,671,4.02%,11.19
https://calmbeach.gr/beaches/preveza/870-monolithi/,27,537,5.03%,8.05
https://calmbeach.gr/sunset-beaches/skopelos/,27,515,5.24%,7.14
https://calmbeach.gr/el/sunset-beaches/serifos/,27,439,6.15%,7.77
https://calmbeach.gr/el/secluded-beaches/zakynthos/,27,352,7.67%,9.06
https://calmbeach.gr/el/beaches/viotia/374-laimos/,27,301,8.97%,4.39
https://calmbeach.gr/snorkeling-beaches/corfu/,26,1564,1.66%,10.2
https://calmbeach.gr/el/beaches/evia/226-kakolimano/,26,1343,1.94%,7.3
https://calmbeach.gr/family-beaches/lefkada/,26,1053,2.47%,7.87
https://calmbeach.gr/el/organized-beaches/skyros/,26,628,4.14%,10.31
https://calmbeach.gr/snorkeling-beaches/ithaca/,26,333,7.81%,7
https://calmbeach.gr/el/family-beaches/pieria/,26,276,9.42%,6.1
https://calmbeach.gr/de/sheltered-beaches/naxos/,26,268,9.7%,6
https://calmbeach.gr/fr/sheltered-beaches/naxos/,25,603,4.15%,8.24
https://calmbeach.gr/snorkeling-beaches/skopelos/,25,492,5.08%,7.52
https://calmbeach.gr/el/sheltered-beaches/sifnos/,25,269,9.29%,5.4
https://calmbeach.gr/family-beaches/preveza/,24,2083,1.15%,9.12
https://calmbeach.gr/beaches/rethymno/704-preveli/,24,794,3.02%,8.56
https://calmbeach.gr/el/secluded-beaches/kea/,24,620,3.87%,8.26
https://calmbeach.gr/el/organized-beaches/kimolos/,24,549,4.37%,7.57
https://calmbeach.gr/secluded-beaches/karpathos/,24,396,6.06%,7.15
https://calmbeach.gr/el/sheltered-beaches/preveza/,24,309,7.77%,6.82
https://calmbeach.gr/sheltered-beaches/serifos/,23,672,3.42%,5.12
https://calmbeach.gr/sunset-beaches/tinos/,23,523,4.4%,6.69
https://calmbeach.gr/el/sunset-beaches/kythira/,23,501,4.59%,8.09
https://calmbeach.gr/snorkeling-beaches/karpathos/,23,415,5.54%,6.91
https://calmbeach.gr/it/secluded-beaches/lefkada/,23,356,6.46%,7.43
https://calmbeach.gr/it/sheltered-beaches/sifnos/,23,175,13.14%,4.08
https://calmbeach.gr/el/beaches/pieria/507-panteleimonas/,23,122,18.85%,7.75
https://calmbeach.gr/family-beaches/evia/,22,1188,1.85%,6.98
https://calmbeach.gr/el/family-beaches/corfu/,22,1109,1.98%,7.87
https://calmbeach.gr/it/sheltered-beaches/paros/,22,909,2.42%,6.53
https://calmbeach.gr/beaches/tinos/,22,809,2.72%,6.66
https://calmbeach.gr/el/organized-beaches/skiathos/,22,441,4.99%,7.37
https://calmbeach.gr/it/sheltered-beaches/ios/,22,342,6.43%,6.75
https://calmbeach.gr/el/sheltered-beaches/naxos/,22,271,8.12%,4.75
https://calmbeach.gr/it/snorkeling-beaches/corfu/,22,195,11.28%,5.86
https://calmbeach.gr/snorkeling-beaches/tinos/,22,194,11.34%,4.56
https://calmbeach.gr/el/beaches/ileia/2579-falari/,22,116,18.97%,3.91
https://calmbeach.gr/el/beaches/east-attica/34-paralia-zoumperi/,21,1016,2.07%,7.34
https://calmbeach.gr/family-beaches/rethymno/,21,552,3.8%,7.76
https://calmbeach.gr/el/organized-beaches/tinos/,21,533,3.94%,11.63
https://calmbeach.gr/it/sheltered-beaches/naxos/,21,454,4.63%,6.48
https://calmbeach.gr/de/beaches/rethymno/704-preveli/,21,311,6.75%,9.38
https://calmbeach.gr/beaches/milos/1927-fyriplaka/,20,3016,0.66%,8.2
https://calmbeach.gr/el/beaches/telendos/,20,992,2.02%,9.15
https://calmbeach.gr/it/sunset-beaches/kefalonia/,20,941,2.13%,7.85
https://calmbeach.gr/el/family-beaches/rethymno/,20,700,2.86%,7.78
https://calmbeach.gr/sunset-beaches/chios/,20,451,4.43%,6.49
https://calmbeach.gr/beaches/naxos/,20,397,5.04%,8.22
https://calmbeach.gr/el/beaches/evia/3062-almyrichi/,20,389,5.14%,5.48
https://calmbeach.gr/el/sheltered-beaches/lakonia/,20,342,5.85%,8.46
https://calmbeach.gr/sheltered-beaches/amorgos/,20,300,6.67%,4.97
https://calmbeach.gr/sunset-beaches/serifos/,20,280,7.14%,7.51
https://calmbeach.gr/el/beaches/kythira/126-paralia-lygia/,20,120,16.67%,3.94
https://calmbeach.gr/snorkeling-beaches/kythira/,20,116,17.24%,5.42
https://calmbeach.gr/el/sheltered-beaches/agistri/,20,48,41.67%,9.65
https://calmbeach.gr/sheltered-beaches/naxos/,19,1709,1.11%,6.97
https://calmbeach.gr/beaches/lemnos/1449-keros/,19,907,2.09%,8.36
https://calmbeach.gr/el/beaches/thesprotia/918-paralia-navtilos/,19,726,2.62%,7.57
https://calmbeach.gr/el/sheltered-beaches/kefalonia/,19,581,3.27%,8.01
https://calmbeach.gr/beaches/karpathos/2275-apella/,19,280,6.79%,6.82
https://calmbeach.gr/beaches/kavala/786-ammolofi/,19,125,15.2%,6.16
https://calmbeach.gr/family-beaches/athens-area/,18,2005,0.9%,8.76
https://calmbeach.gr/family-beaches/lemnos/,18,1267,1.42%,7.92
https://calmbeach.gr/beaches/heraklion/646-malia/,18,620,2.9%,7.76
https://calmbeach.gr/el/organized-beaches/rethymno/,18,494,3.64%,8.06
https://calmbeach.gr/family-beaches/kythira/,18,445,4.04%,8.21
https://calmbeach.gr/secluded-beaches/samos/,18,381,4.72%,7.92
https://calmbeach.gr/beaches/andros/,18,371,4.85%,6.27
https://calmbeach.gr/it/organized-beaches/naxos/,18,341,5.28%,11.55
https://calmbeach.gr/el/sheltered-beaches/samos/,18,328,5.49%,6.77
https://calmbeach.gr/el/sunset-beaches/amorgos/,18,199,9.05%,8.17
https://calmbeach.gr/snorkeling-beaches/agistri/,18,161,11.18%,5.14
https://calmbeach.gr/el/beaches/lefkada/1160-kathisma/,18,147,12.24%,6.89
https://calmbeach.gr/el/beaches/lakonia/1549-anepisimi-gymnistiki-paralia/,18,65,27.69%,7.23
https://calmbeach.gr/it/beaches/lefkada/1147-avali/,17,2047,0.83%,6.91
https://calmbeach.gr/sunset-beaches/rhodes/,17,827,2.06%,13.15
https://calmbeach.gr/sheltered-beaches/andros/,17,715,2.38%,5.43
https://calmbeach.gr/organized-beaches/aegina/,17,509,3.34%,9.84
https://calmbeach.gr/el/organized-beaches/andros/,17,469,3.62%,10.77
https://calmbeach.gr/el/sheltered-beaches/patmos/,17,340,5%,8.48
https://calmbeach.gr/it/family-beaches/lefkada/,17,306,5.56%,7.65
https://calmbeach.gr/snorkeling-beaches/andros/,17,285,5.96%,6.87
https://calmbeach.gr/el/secluded-beaches/kefalonia/,17,230,7.39%,7.97
https://calmbeach.gr/el/sunset-beaches/skiathos/,17,200,8.5%,8.2
https://calmbeach.gr/el/beaches/lesvos/1348-niselia/,17,121,14.05%,5.12
https://calmbeach.gr/de/secluded-beaches/lefkada/,17,110,15.45%,7.24
https://calmbeach.gr/el/beaches/heraklion/634-karteros/,17,61,27.87%,6.1
https://calmbeach.gr/el/beaches/halkidiki/462-paralia-stratoni/,17,48,35.42%,8.98
https://calmbeach.gr/el/beaches/lesvos/1376-charamida/,16,1355,1.18%,9.19
https://calmbeach.gr/beaches/chania/596-falasarna/,16,951,1.68%,7.8
https://calmbeach.gr/sheltered-beaches/milos/,16,718,2.23%,6.64
https://calmbeach.gr/snorkeling-beaches/lefkada/,16,654,2.45%,10.5
https://calmbeach.gr/secluded-beaches/corfu/,16,650,2.46%,9.92
https://calmbeach.gr/beaches/lemnos/,16,630,2.54%,6.63
https://calmbeach.gr/el/sheltered-beaches/salamina/,16,513,3.12%,10.13
https://calmbeach.gr/snorkeling-beaches/chania/,16,472,3.39%,8.38
https://calmbeach.gr/el/beaches/athens-area/23-limanakia-vouliagmenis-gymniston/,16,309,5.18%,7.48
https://calmbeach.gr/it/secluded-beaches/corfu/,16,307,5.21%,9.04
https://calmbeach.gr/de/secluded-beaches/zakynthos/,16,266,6.02%,5.46
https://calmbeach.gr/best-beaches-milos-today/,16,234,6.84%,7.63
https://calmbeach.gr/beaches/astypalaia/2240-magazaki/,16,180,8.89%,6.02
https://calmbeach.gr/organized-beaches/amorgos/,16,128,12.5%,9.65
https://calmbeach.gr/beaches/paros/2051-santa-maria/,15,1010,1.49%,8.24
https://calmbeach.gr/beaches/karpathos/2314-paralia-diakoftis/,15,977,1.54%,8.88
https://calmbeach.gr/el/beaches/evia/291-porto-pevko/,15,900,1.67%,6.52
https://calmbeach.gr/family-beaches/kavala/,15,886,1.69%,10.27
https://calmbeach.gr/el/family-beaches/chios/,15,542,2.77%,9.76
https://calmbeach.gr/el/sheltered-beaches/pieria/,15,506,2.96%,7.04
https://calmbeach.gr/el/beaches/lemnos/1456-neftina/,15,443,3.39%,8.46
https://calmbeach.gr/el/organized-beaches/thasos/,15,432,3.47%,7.8
https://calmbeach.gr/el/organized-beaches/evia/,15,420,3.57%,8.36
https://calmbeach.gr/el/secluded-beaches/tinos/,15,388,3.87%,13.69
https://calmbeach.gr/el/beaches/evia/280-paralia-tsirmokokkala/,15,226,6.64%,4.11
https://calmbeach.gr/de/snorkeling-beaches/zakynthos/,15,210,7.14%,5.38
https://calmbeach.gr/el/sheltered-beaches/ios/,15,143,10.49%,4.7
https://calmbeach.gr/snorkeling-beaches/kea/,15,122,12.3%,5.33
https://calmbeach.gr/el/beaches/kalymnos/2257-tichi/,15,79,18.99%,6.22
https://calmbeach.gr/family-beaches/aegina/,14,1188,1.18%,8.44
https://calmbeach.gr/family-beaches/lesvos/,14,680,2.06%,8.78
https://calmbeach.gr/beaches/rethymno/678-damnoni/,14,625,2.24%,7.99
https://calmbeach.gr/el/beaches/magnesia-pelion/2701-nea-agchialos/,14,554,2.53%,7.76
https://calmbeach.gr/it/sheltered-beaches/santorini/,14,512,2.73%,5.81
https://calmbeach.gr/it/organized-beaches/lefkada/,14,509,2.75%,10.01
https://calmbeach.gr/beaches/halkidiki/404-kalamitsi/,14,468,2.99%,7.68
https://calmbeach.gr/it/organized-beaches/paros/,14,468,2.99%,9.4
https://calmbeach.gr/sheltered-beaches/santorini/,14,423,3.31%,6.18
https://calmbeach.gr/sheltered-beaches/ios/,14,401,3.49%,5.26
https://calmbeach.gr/it/beaches/rhodes/2457-prasonisi/,14,391,3.58%,10.23
https://calmbeach.gr/organized-beaches/kythnos/,14,373,3.75%,7.21
https://calmbeach.gr/sunset-beaches/kythnos/,14,288,4.86%,7.06
https://calmbeach.gr/el/sunset-beaches/skopelos/,14,284,4.93%,9.39
https://calmbeach.gr/el/organized-beaches/ithaca/,14,265,5.28%,10.97
https://calmbeach.gr/el/beaches/paros/2024-aspros-gremos/,14,252,5.56%,3.77
https://calmbeach.gr/el/sheltered-beaches/kalymnos/,14,225,6.22%,7.57
https://calmbeach.gr/snorkeling-beaches/paxos/,14,217,6.45%,7.65
https://calmbeach.gr/el/beaches/kefalonia/1085-agia-sotira/,14,189,7.41%,4.96
https://calmbeach.gr/el/secluded-beaches/astypalaia/,14,160,8.75%,8.66
https://calmbeach.gr/el/beaches/salamina/163-mikro-lamprano/,14,147,9.52%,5.79
https://calmbeach.gr/snorkeling-beaches/ikaria/,14,132,10.61%,8.49
https://calmbeach.gr/el/beaches/magnesia-pelion/2723-ftelia/,14,125,11.2%,5.54
https://calmbeach.gr/el/secluded-beaches/chania/,14,71,19.72%,7.52
https://calmbeach.gr/beach-guides/,13,928,1.4%,5.01
https://calmbeach.gr/beaches/samos/1413-potami/,13,750,1.73%,9.31
https://calmbeach.gr/it/beaches/kefalonia/1068-fteri/,13,703,1.85%,8.8
https://calmbeach.gr/el/beaches/preveza/887-kerentza/,13,646,2.01%,8.14
https://calmbeach.gr/el/beaches/messinia/1626-mati/,13,640,2.03%,7.09
https://calmbeach.gr/sheltered-beaches/kavala/,13,637,2.04%,9.36
https://calmbeach.gr/el/beaches/viotia/376-paralia-livadostras/,13,535,2.43%,9.81
https://calmbeach.gr/el/organized-beaches/paros/,13,519,2.5%,9.25
https://calmbeach.gr/el/organized-beaches/poros/,13,485,2.68%,12.33
https://calmbeach.gr/it/organized-beaches/kefalonia/,13,474,2.74%,11.3
https://calmbeach.gr/beaches/milos/1911-kampanes/,13,457,2.84%,4.59
https://calmbeach.gr/beaches/milos/1919-plathiena/,13,379,3.43%,7.7
https://calmbeach.gr/el/sunset-beaches/syros/,13,354,3.67%,8.68
https://calmbeach.gr/sheltered-beaches/samos/,13,300,4.33%,6.36
https://calmbeach.gr/el/sunset-beaches/preveza/,13,293,4.44%,11.56
https://calmbeach.gr/el/organized-beaches/korinthia/,13,253,5.14%,9.41
https://calmbeach.gr/it/secluded-beaches/kefalonia/,13,186,6.99%,6.75
https://calmbeach.gr/it/snorkeling-beaches/lefkada/,13,164,7.93%,10.74
https://calmbeach.gr/el/family-beaches/milos/,13,117,11.11%,8.21
https://calmbeach.gr/el/beaches/lesvos/1354-paralia-gymniston-eresou/,13,104,12.5%,5.78
https://calmbeach.gr/fr/snorkeling-beaches/chania/,13,94,13.83%,7.54
https://calmbeach.gr/fr/organized-beaches/milos/,13,90,14.44%,7.7
https://calmbeach.gr/snorkeling-beaches/messinia/,13,88,14.77%,5.91
https://calmbeach.gr/beaches/lasithi/752-mazida-ammos/,12,725,1.66%,7.88
https://calmbeach.gr/beaches/skiathos/2629-lalaria/,12,577,2.08%,7.36
https://calmbeach.gr/el/beach-bars/aegina/,12,522,2.3%,9.11
https://calmbeach.gr/sandy-beaches/evia/,12,477,2.52%,7.06
https://calmbeach.gr/el/family-beaches/skopelos/,12,373,3.22%,9.68
https://calmbeach.gr/it/sheltered-beaches/mykonos/,12,363,3.31%,8.4
https://calmbeach.gr/el/beaches/kefalonia/1078-xi/,12,327,3.67%,9.46
https://calmbeach.gr/el/secluded-beaches/skiathos/,12,311,3.86%,10.89
https://calmbeach.gr/el/organized-beaches/skopelos/,12,305,3.93%,8.54
https://calmbeach.gr/sheltered-beaches/kimolos/,12,253,4.74%,5.57
https://calmbeach.gr/el/sheltered-beaches/lesvos/,12,243,4.94%,7.06
https://calmbeach.gr/sheltered-beaches/skopelos/,12,239,5.02%,7.33
https://calmbeach.gr/de/beaches/heraklion/646-malia/,12,238,5.04%,9.34
https://calmbeach.gr/beaches/lefkada/,12,237,5.06%,7.27
https://calmbeach.gr/family-beaches/skiathos/,12,208,5.77%,7.73
https://calmbeach.gr/el/family-beaches/skyros/,12,183,6.56%,8.62
https://calmbeach.gr/el/organized-beaches/spetses/,12,143,8.39%,9.52
https://calmbeach.gr/de/snorkeling-beaches/rethymno/,12,139,8.63%,6.53
https://calmbeach.gr/el/beaches/chania/578-sougia-gymniston/,12,120,10%,7.88
https://calmbeach.gr/el/sheltered-beaches/tinos/,12,102,11.76%,4.57
https://calmbeach.gr/el/beaches/evia/228-kalamitsi/,12,76,15.79%,6.21
https://calmbeach.gr/beaches/larissa-coast-agia-kissavos/2731-paralia-papakosta/,12,51,23.53%,5.59
https://calmbeach.gr/beaches/sifnos/,12,23,52.17%,8.7
https://calmbeach.gr/sheltered-beaches/mykonos/,11,1317,0.84%,6.91
https://calmbeach.gr/el/beaches/west-attica/191-prosili/,11,1299,0.85%,8.84
https://calmbeach.gr/sheltered-beaches/paros/,11,1103,1%,7.64
https://calmbeach.gr/beaches/paros/2039-monastiri/,11,651,1.69%,7.87
https://calmbeach.gr/family-beaches/chios/,11,646,1.7%,7.72
https://calmbeach.gr/el/beaches/halkidiki/501-paralia-aretes/,11,489,2.25%,8.21
https://calmbeach.gr/sunset-beaches/karpathos/,11,468,2.35%,10.13
https://calmbeach.gr/el/organized-beaches/karpathos/,11,280,3.93%,9.05
https://calmbeach.gr/el/beaches/magnesia-pelion/2696-melani/,11,275,4%,7.52
https://calmbeach.gr/it/organized-beaches/ios/,11,261,4.21%,10.3
https://calmbeach.gr/el/beaches/corfu/946-maltas-beach/,11,208,5.29%,5.27
https://calmbeach.gr/el/organized-beaches/kalymnos/,11,207,5.31%,9.86
https://calmbeach.gr/el/organized-beaches/hydra/,11,195,5.64%,10.38
https://calmbeach.gr/el/beaches/fthiotida/3169-liasiki/,11,187,5.88%,5.99
https://calmbeach.gr/el/sheltered-beaches/rethymno/,11,163,6.75%,6.23
https://calmbeach.gr/el/sheltered-beaches/achaia/,11,141,7.8%,6.39
https://calmbeach.gr/el/secluded-beaches/karpathos/,11,141,7.8%,10.87
https://calmbeach.gr/el/family-beaches/samos/,11,114,9.65%,6.56
https://calmbeach.gr/fr/snorkeling-beaches/kefalonia/,11,100,11%,7.83
https://calmbeach.gr/el/beaches/astypalaia/2241-mamounia/,11,99,11.11%,4.4
https://calmbeach.gr/snorkeling-beaches/korinthia/,11,84,13.1%,5.87
https://calmbeach.gr/fr/snorkeling-beaches/milos/,11,56,19.64%,5.66
https://calmbeach.gr/sunset-beaches/lefkada/,10,865,1.16%,8.06
https://calmbeach.gr/sunset-beaches/thasos/,10,571,1.75%,8.01
https://calmbeach.gr/snorkeling-beaches/skiathos/,10,542,1.85%,8.9
https://calmbeach.gr/el/beaches/east-attica/3006-porto-rafti-avlaki/,10,457,2.19%,8.93
https://calmbeach.gr/sheltered-beaches/chios/,10,409,2.44%,6.77
https://calmbeach.gr/el/beaches/rethymno/678-damnoni/,10,406,2.46%,8.17
https://calmbeach.gr/el/beaches/athens-area/15-mikro-kavouri/,10,394,2.54%,6.61
https://calmbeach.gr/snorkeling-beaches/mykonos/,10,374,2.67%,13.56
https://calmbeach.gr/el/organized-beaches/fokida/,10,358,2.79%,10.4
https://calmbeach.gr/el/organized-beaches/kea/,10,349,2.87%,8.78
https://calmbeach.gr/it/sunset-beaches/paros/,10,339,2.95%,7.78
https://calmbeach.gr/secluded-beaches/kalymnos/,10,328,3.05%,9.38
https://calmbeach.gr/sunset-beaches/andros/,10,326,3.07%,6.67
https://calmbeach.gr/beaches/lefkada/1171-porto-katsiki/,10,296,3.38%,6.91
https://calmbeach.gr/de/snorkeling-beaches/corfu/,10,287,3.48%,8.01
https://calmbeach.gr/el/beaches/achaia/2510-paralia-gianiskari/,10,265,3.77%,7.38
https://calmbeach.gr/el/beaches/aetolia-acarnania/2526-agrilia/,10,224,4.46%,7.22
https://calmbeach.gr/beach-bars/preveza/,10,223,4.48%,7.56
https://calmbeach.gr/el/sunset-beaches/ithaca/,10,198,5.05%,9.65
https://calmbeach.gr/el/sunset-beaches/kythnos/,10,188,5.32%,8.25
https://calmbeach.gr/beaches/lesvos/1348-niselia/,10,183,5.46%,6.34
https://calmbeach.gr/el/sunset-beaches/evia/,10,167,5.99%,7.33
https://calmbeach.gr/el/sheltered-beaches/halkidiki/,10,156,6.41%,5.29
https://calmbeach.gr/el/sheltered-beaches/ikaria/,10,153,6.54%,7.35
https://calmbeach.gr/organized-beaches/kimolos/,10,148,6.76%,7.57
https://calmbeach.gr/el/sheltered-beaches/syros/,10,139,7.19%,4.68
https://calmbeach.gr/el/sheltered-beaches/chios/,10,130,7.69%,4.74
https://calmbeach.gr/de/organized-beaches/lefkada/,10,130,7.69%,18.71
https://calmbeach.gr/el/sheltered-beaches/lasithi/,10,127,7.87%,6.88
https://calmbeach.gr/el/beaches/fthiotida/3063-faprikezaina/,10,45,22.22%,3.02
https://calmbeach.gr/beaches/lefkada/1140-desimi/,9,2411,0.37%,8.87
https://calmbeach.gr/el/beaches/salamina/3055-dimitrani/,9,943,0.95%,8.3
https://calmbeach.gr/beach-bars/kavala/,9,759,1.19%,8.77
https://calmbeach.gr/it/beaches/zakynthos/1193-porto-limnionas/,9,742,1.21%,10.81
https://calmbeach.gr/beaches/mykonos/1964-ornos/,9,611,1.47%,8.46
https://calmbeach.gr/sunset-beaches/athens-area/,9,563,1.6%,7.33
https://calmbeach.gr/sandy-beaches/preveza/,9,544,1.65%,8.56
https://calmbeach.gr/beaches/kefalonia/3105-skala-kefalonia/,9,513,1.75%,7.54
https://calmbeach.gr/el/beaches/kythnos/1897-flampouria/,9,500,1.8%,8.27
https://calmbeach.gr/snorkeling-beaches/zakynthos/,9,447,2.01%,12.35
https://calmbeach.gr/sheltered-beaches/kythnos/,9,433,2.08%,4.94
https://calmbeach.gr/snorkeling-beaches/thasos/,9,408,2.21%,8.5
https://calmbeach.gr/el/sandy-beaches/thasos/,9,382,2.36%,8.75
https://calmbeach.gr/snorkeling-beaches/paros/,9,382,2.36%,15.15
https://calmbeach.gr/el/beaches/halkidiki/412-komitsa/,9,360,2.5%,9.18
https://calmbeach.gr/organized-beaches/zakynthos/,9,348,2.59%,9.39
https://calmbeach.gr/el/organized-beaches/argolida/,9,343,2.62%,11.99
https://calmbeach.gr/beaches/evia/248-limnionaki/,9,318,2.83%,6.51
https://calmbeach.gr/secluded-beaches/chania/,9,286,3.15%,8.58
https://calmbeach.gr/el/sandy-beaches/chios/,9,284,3.17%,9.19
https://calmbeach.gr/el/family-beaches/thasos/,9,255,3.53%,8.39
https://calmbeach.gr/el/organized-beaches/lemnos/,9,252,3.57%,11.52
https://calmbeach.gr/sheltered-beaches/antiparos/,9,250,3.6%,6.67
https://calmbeach.gr/fr/beaches/sifnos/,9,247,3.64%,8.87
https://calmbeach.gr/el/family-beaches/argolida/,9,238,3.78%,11.54
https://calmbeach.gr/sunset-beaches/samos/,9,220,4.09%,6.9
https://calmbeach.gr/it/beaches/lasithi/733-voulisma/,9,215,4.19%,5.58
https://calmbeach.gr/beaches/halkidiki/3125-paralia-neos-marmaras/,9,209,4.31%,8.79
https://calmbeach.gr/beaches/chania/539-marathi/,9,199,4.52%,6.66
https://calmbeach.gr/sheltered-beaches/astypalaia/,9,196,4.59%,6.91
https://calmbeach.gr/el/beaches/kythira/136-paralia-kaladi/,9,183,4.92%,6.19
https://calmbeach.gr/el/beaches/fokida/351-paralia-asteri/,9,149,6.04%,2.98
https://calmbeach.gr/organized-beaches/kythira/,9,147,6.12%,8.87
https://calmbeach.gr/el/beaches/evia/217-giannitsi/,9,145,6.21%,6.67
https://calmbeach.gr/el/beaches/telendos/2496-paralia-potha/,9,143,6.29%,4.52
https://calmbeach.gr/el/sunset-beaches/chios/,9,105,8.57%,7.06
https://calmbeach.gr/it/beaches/lasithi/730-vai/,9,94,9.57%,5.94
https://calmbeach.gr/el/beaches/amorgos/1667-finikies/,9,92,9.78%,7.43
https://calmbeach.gr/de/snorkeling-beaches/naxos/,9,89,10.11%,6.53
https://calmbeach.gr/el/beaches/kastellorizo/2319-plakes/,9,80,11.25%,7.76
https://calmbeach.gr/el/sunset-beaches/samos/,9,71,12.68%,5.86
https://calmbeach.gr/beaches/heraklion/635-agia-pelagia/,9,59,15.25%,5.78
https://calmbeach.gr/el/beaches/lesvos/1366-tilegrafos/,9,55,16.36%,3.67
https://calmbeach.gr/el/beaches/magnesia-pelion/3151-kamari-keramidiou/,9,52,17.31%,13.69
https://calmbeach.gr/fr/family-beaches/rethymno/,9,37,24.32%,6.81
https://calmbeach.gr/beaches/lefkada/1147-avali/,8,1585,0.5%,8.95
https://calmbeach.gr/el/beaches/syros/2125-agkathopes/,8,961,0.83%,10.1
https://calmbeach.gr/beaches/heraklion/626-matala/,8,875,0.91%,7.57
https://calmbeach.gr/it/beaches/santorini/2061-kamari/,8,710,1.13%,8.88
https://calmbeach.gr/family-beaches/patmos/,8,602,1.33%,9.74
https://calmbeach.gr/it/beaches/milos/1919-plathiena/,8,559,1.43%,8.57
https://calmbeach.gr/beaches/lemnos/1433-gomati/,8,548,1.46%,8.03
https://calmbeach.gr/beaches/halkidiki/3018-nea-flogita/,8,529,1.51%,8.87
https://calmbeach.gr/el/sandy-beaches/preveza/,8,312,2.56%,13.96
https://calmbeach.gr/el/sheltered-beaches/kavala/,8,297,2.69%,10.93
https://calmbeach.gr/el/beaches/lesvos/1360-paralia-tsonia/,8,272,2.94%,9.32
https://calmbeach.gr/de/sheltered-beaches/kos/,8,248,3.23%,13.25
https://calmbeach.gr/snorkeling-beaches/east-attica/,8,247,3.24%,6.69
https://calmbeach.gr/el/family-beaches/zakynthos/,8,238,3.36%,7.97
https://calmbeach.gr/it/sheltered-beaches/kos/,8,233,3.43%,8.52
https://calmbeach.gr/family-beaches/mykonos/,8,233,3.43%,8.59
https://calmbeach.gr/organized-beaches/chios/,8,227,3.52%,7.12
https://calmbeach.gr/beaches/paros/2047-parasporos/,8,221,3.62%,7.59
https://calmbeach.gr/el/family-beaches/paxos/,8,218,3.67%,12.72
https://calmbeach.gr/fr/beaches/chania/596-falasarna/,8,201,3.98%,13.02
https://calmbeach.gr/el/beaches/erikoussa/1059-bragkini/,8,193,4.15%,4.63
https://calmbeach.gr/el/beaches/fthiotida/3064-dermaria/,8,162,4.94%,5.36
https://calmbeach.gr/el/sandy-beaches/thesprotia/,8,162,4.94%,8.15
https://calmbeach.gr/el/beaches/evia/193-agia-irini-karystou/,8,160,5%,6.58
https://calmbeach.gr/el/sunset-beaches/rhodes/,8,156,5.13%,9.06
https://calmbeach.gr/it/beaches/rethymno/678-damnoni/,8,154,5.19%,9.42
https://calmbeach.gr/el/beaches/ileia/2569-matzakoura/,8,153,5.23%,7.46
https://calmbeach.gr/el/beaches/skyros/317-kalamitsa/,8,148,5.41%,8.79
https://calmbeach.gr/snorkeling-beaches/ios/,8,146,5.48%,9.45
https://calmbeach.gr/organized-beaches/kefalonia/,8,143,5.59%,7.13
https://calmbeach.gr/secluded-beaches/tinos/,8,143,5.59%,8.94
https://calmbeach.gr/organized-beaches/skiathos/,8,140,5.71%,8.48
https://calmbeach.gr/it/sheltered-beaches/milos/,8,139,5.76%,6.81
https://calmbeach.gr/el/beaches/thesprotia/903-mikro-drafi/,8,130,6.15%,4.82
https://calmbeach.gr/sheltered-beaches/folegandros/,8,130,6.15%,5.24
https://calmbeach.gr/organized-beaches/paros/,8,128,6.25%,8.34
https://calmbeach.gr/el/organized-beaches/leros/,8,126,6.35%,10.62
https://calmbeach.gr/el/beaches/east-attica/3026-kaav-agios-andreas/,8,124,6.45%,6.89
https://calmbeach.gr/el/sunset-beaches/ios/,8,120,6.67%,8.91
https://calmbeach.gr/secluded-beaches/ithaca/,8,117,6.84%,8.73
https://calmbeach.gr/el/family-beaches/tinos/,8,116,6.9%,10.82
https://calmbeach.gr/el/sandy-beaches/lipsi/,8,114,7.02%,8.43
https://calmbeach.gr/el/family-beaches/ileia/,8,106,7.55%,10.55
https://calmbeach.gr/el/beaches/kythira/127-paralia-diporos/,8,100,8%,7.45
https://calmbeach.gr/sandy-beaches/antiparos/,8,96,8.33%,12.89
https://calmbeach.gr/fr/sheltered-beaches/paros/,8,95,8.42%,7.25
https://calmbeach.gr/el/beaches/lemnos/1434-karvounolakka/,8,89,8.99%,6.28
https://calmbeach.gr/de/family-beaches/lefkada/,8,89,8.99%,23.33
https://calmbeach.gr/el/beaches/magnesia-pelion/2689-komos/,8,84,9.52%,5.21
https://calmbeach.gr/fr/secluded-beaches/milos/,8,81,9.88%,9.26
https://calmbeach.gr/secluded-beaches/lesvos/,8,70,11.43%,5.53
https://calmbeach.gr/el/sunset-beaches/naxos/,8,69,11.59%,7.74
https://calmbeach.gr/el/beaches/andros/1725-tis-grias-to-pidima/,8,54,14.81%,6.26
https://calmbeach.gr/beaches/kimolos/1855-prassa-agios-georgios/,8,49,16.33%,6.47
https://calmbeach.gr/fr/snorkeling-beaches/lefkada/,8,26,30.77%,4.12
https://calmbeach.gr/beach-bars/rethymno/,7,757,0.92%,9.77
https://calmbeach.gr/el/beaches/evia/311-chiliadou/,7,721,0.97%,9.74
https://calmbeach.gr/el/beaches/lemnos/1470-chavouli/,7,550,1.27%,7.89
https://calmbeach.gr/beaches/chania/585-afrata/,7,531,1.32%,9.86
https://calmbeach.gr/beaches/evia/223-thapsa/,7,470,1.49%,6.61
https://calmbeach.gr/family-beaches/tinos/,7,455,1.54%,8.12
https://calmbeach.gr/beaches/evia/252-magiras/,7,391,1.79%,6.29
https://calmbeach.gr/beaches/samos/1416-tsamadou/,7,374,1.87%,7.31
https://calmbeach.gr/el/beach-bars/lefkada/,7,367,1.91%,9.68
https://calmbeach.gr/el/organized-beaches/kythira/,7,357,1.96%,12.33
https://calmbeach.gr/el/beaches/aetolia-acarnania/2553-paralia-limnopoula/,7,338,2.07%,6.61
https://calmbeach.gr/beaches/heraklion/,7,319,2.19%,7.78
https://calmbeach.gr/el/beaches/lakonia/3109-karavostasi-plytra/,7,318,2.2%,9.58
https://calmbeach.gr/sheltered-beaches/syros/,7,300,2.33%,6.05
https://calmbeach.gr/el/sunset-beaches/messinia/,7,279,2.51%,13.59
https://calmbeach.gr/el/sheltered-beaches/west-attica/,7,245,2.86%,6.17
https://calmbeach.gr/el/beaches/evia/309-tsokaiti/,7,242,2.89%,8.24
https://calmbeach.gr/el/beaches/santorini/2067-perivolos/,7,239,2.93%,10.67
https://calmbeach.gr/el/beaches/salamina/3060-porto-fino/,7,238,2.94%,7.34
https://calmbeach.gr/el/organized-beaches/messinia/,7,229,3.06%,14.93
https://calmbeach.gr/el/beaches/achaia/2508-paralia-akratas/,7,224,3.12%,8.11
https://calmbeach.gr/el/beaches/rethymno/687-mikri-triopetra/,7,209,3.35%,8.28
https://calmbeach.gr/el/sunset-beaches/andros/,7,181,3.87%,9.44
https://calmbeach.gr/snorkeling-beaches/athens-area/,7,180,3.89%,6.92
https://calmbeach.gr/el/beaches/aetolia-acarnania/3017-mesolongi-tourlida/,7,167,4.19%,7.62
https://calmbeach.gr/secluded-beaches/milos/,7,167,4.19%,8.87
https://calmbeach.gr/organized-beaches/paxos/,7,164,4.27%,7.87
https://calmbeach.gr/el/sunset-beaches/spetses/,7,157,4.46%,8.73
https://calmbeach.gr/beaches/samos/3107-plaka-samos/,7,150,4.67%,6.57
https://calmbeach.gr/el/sheltered-beaches/evia/,7,147,4.76%,5.38
https://calmbeach.gr/beaches/skiathos/2622-agia-eleni/,7,146,4.79%,6.03
https://calmbeach.gr/el/beaches/chania/573-pachia-ammos-stavrou/,7,146,4.79%,7.29
https://calmbeach.gr/sunset-beaches/lesvos/,7,143,4.9%,7.6
https://calmbeach.gr/calm-beaches-greece-windy-day/,7,139,5.04%,7.71
https://calmbeach.gr/el/organized-beaches/kefalonia/,7,139,5.04%,8.21
https://calmbeach.gr/beaches/karpathos/3183-pigadia/,7,132,5.3%,6.91
https://calmbeach.gr/el/sheltered-beaches/santorini/,7,131,5.34%,5.75
https://calmbeach.gr/el/organized-beaches/astypalaia/,7,121,5.79%,8.53
https://calmbeach.gr/snorkeling-beaches/lipsi/,7,120,5.83%,7.23
https://calmbeach.gr/snorkeling-beaches/methana/,7,118,5.93%,7.89
https://calmbeach.gr/el/beaches/fthiotida/364-paralia-agiou-serafim/,7,115,6.09%,7.82
https://calmbeach.gr/el/sheltered-beaches/leros/,7,106,6.6%,9.3
https://calmbeach.gr/beaches/karpathos/2272-achata/,7,102,6.86%,4.7
https://calmbeach.gr/el/sheltered-beaches/fokida/,7,96,7.29%,9.11
https://calmbeach.gr/organized-beaches/patmos/,7,95,7.37%,9.31
https://calmbeach.gr/organized-beaches/karpathos/,7,93,7.53%,12.26
https://calmbeach.gr/de/secluded-beaches/kefalonia/,7,83,8.43%,8.57
https://calmbeach.gr/el/beaches/milos/1911-kampanes/,7,66,10.61%,3.44
https://calmbeach.gr/el/sheltered-beaches/antiparos/,7,64,10.94%,5.66
https://calmbeach.gr/el/beaches/folegandros/,7,57,12.28%,6.95
https://calmbeach.gr/it/snorkeling-beaches/paros/,7,55,12.73%,5.73
https://calmbeach.gr/it/sunset-beaches/chania/,7,55,12.73%,5.87
https://calmbeach.gr/fr/organized-beaches/sifnos/,7,52,13.46%,7.48
https://calmbeach.gr/beaches/paros/,7,44,15.91%,8.16
https://calmbeach.gr/beaches/magnesia-pelion/3146-agia-vaso/,7,38,18.42%,4.68
https://calmbeach.gr/el/beaches/corfu/950-paramonas/,7,31,22.58%,10.13
https://calmbeach.gr/it/beaches/paros/,7,9,77.78%,1.89
https://calmbeach.gr/el/beaches/lipsi/2373-katsadia/,6,1004,0.6%,7.03
https://calmbeach.gr/beaches/skiathos/2617-mandraki/,6,832,0.72%,9.83
https://calmbeach.gr/el/beaches/kythira/140-melidoni/,6,755,0.79%,7.72
https://calmbeach.gr/beaches/serifos/2078-ganema/,6,751,0.8%,7.71
https://calmbeach.gr/beaches/kythira/140-melidoni/,6,660,0.91%,8.3
https://calmbeach.gr/beaches/corfu/940-issos-beach/,6,653,0.92%,8.4
https://calmbeach.gr/beaches/halkidiki/,6,602,1%,10.31
https://calmbeach.gr/family-beaches/halkidiki/,6,579,1.04%,7.91
https://calmbeach.gr/family-beaches/thasos/,6,485,1.24%,7.22
https://calmbeach.gr/fr/beaches/santorini/2068-perissa/,6,450,1.33%,8.21
https://calmbeach.gr/sunset-beaches/skiathos/,6,447,1.34%,8.53
https://calmbeach.gr/el/family-beaches/chania/,6,437,1.37%,8.08
https://calmbeach.gr/faq/,6,412,1.46%,4.24
https://calmbeach.gr/el/beaches/magnesia-pelion/2702-damouchari/,6,403,1.49%,6.76
https://calmbeach.gr/it/secluded-beaches/chania/,6,373,1.61%,5.93
https://calmbeach.gr/el/beaches/halkidiki/3088-mykoniatika/,6,372,1.61%,9.44
https://calmbeach.gr/beaches/thesprotia/899-karavostasi/,6,359,1.67%,8.03
https://calmbeach.gr/organized-beaches/preveza/,6,357,1.68%,11.28
https://calmbeach.gr/el/beaches/evia/290-porto-lafia/,6,321,1.87%,9.06
https://calmbeach.gr/el/beaches/kos/2324-lagkada/,6,320,1.88%,8.01
https://calmbeach.gr/sunset-beaches/heraklion/,6,310,1.94%,8.39
https://calmbeach.gr/el/beaches/aetolia-acarnania/2551-paralia-katergaki/,6,303,1.98%,7.18
https://calmbeach.gr/sheltered-beaches/kea/,6,298,2.01%,6.9
https://calmbeach.gr/it/beaches/chania/528-voulolimni/,6,297,2.02%,6.54
https://calmbeach.gr/family-beaches/lakonia/,6,275,2.18%,9.53
https://calmbeach.gr/el/beach-bars/argolida/,6,257,2.33%,12.99
https://calmbeach.gr/el/sandy-beaches/aegina/,6,254,2.36%,8.71
https://calmbeach.gr/it/beaches/heraklion/670-sarantari/,6,253,2.37%,7.44
https://calmbeach.gr/el/organized-beaches/syros/,6,250,2.4%,9.76
https://calmbeach.gr/beaches/evia/3062-almyrichi/,6,247,2.43%,4.16
https://calmbeach.gr/el/beaches/kythira/131-diakofti/,6,238,2.52%,9.03
https://calmbeach.gr/el/sunset-beaches/tinos/,6,236,2.54%,10.24
https://calmbeach.gr/el/beaches/rodopi/798-paralia-imerou/,6,235,2.55%,6.95
https://calmbeach.gr/family-beaches/poros/,6,233,2.58%,7.9
https://calmbeach.gr/el/beaches/west-attica/192-psatha/,6,232,2.59%,9.61
https://calmbeach.gr/el/beaches/ikaria/1300-livadi/,6,231,2.6%,8.81
https://calmbeach.gr/beaches/paxos/1027-erimitis/,6,215,2.79%,8.25
https://calmbeach.gr/el/beaches/messinia/1648-romanos/,6,214,2.8%,8.34
https://calmbeach.gr/el/beaches/chios/3082-ag-eleni/,6,208,2.88%,5.03
https://calmbeach.gr/el/sunset-beaches/kimolos/,6,207,2.9%,8.71
https://calmbeach.gr/el/beaches/arkadia/1506-ammos-tou-moula/,6,206,2.91%,6.22
https://calmbeach.gr/el/beaches/kasos/2489-ammoua/,6,205,2.93%,8.4
https://calmbeach.gr/el/beaches/skyros/319-acherounes/,6,193,3.11%,8.82
https://calmbeach.gr/el/sheltered-beaches/anafi/,6,191,3.14%,10.91
https://calmbeach.gr/el/beaches/kythnos/1865-alyki/,6,181,3.31%,6.24
https://calmbeach.gr/secluded-beaches/antipaxos/,6,178,3.37%,10.26
https://calmbeach.gr/el/organized-beaches/patmos/,6,178,3.37%,10.83
https://calmbeach.gr/el/beaches/athens-area/17-megalo-kavouri/,6,175,3.43%,8.11
https://calmbeach.gr/el/beaches/lefkada/3098-ai-giannis-levkada/,6,175,3.43%,8.73
https://calmbeach.gr/family-beaches/rhodes/,6,172,3.49%,10.04
https://calmbeach.gr/el/beaches/rethymno/677-geropotamos/,6,161,3.73%,7.61
https://calmbeach.gr/it/beaches/lefkada/1165-lygia/,6,160,3.75%,7.38
https://calmbeach.gr/sandy-beaches/rethymno/,6,160,3.75%,18.03
https://calmbeach.gr/beaches/meganisi/1175-ampelakia/,6,155,3.87%,8.38
https://calmbeach.gr/beaches/athens-area/19-astir-beach-asteras-vouliagmenis/,6,150,4%,8.84
https://calmbeach.gr/el/beaches/corfu/932-benitses-beach/,6,147,4.08%,7.35
https://calmbeach.gr/el/beaches/salamina/3057-kyriza/,6,145,4.14%,7.49
https://calmbeach.gr/sunset-beaches/aegina/,6,141,4.26%,16.36
https://calmbeach.gr/el/secluded-beaches/kalymnos/,6,139,4.32%,11.76
https://calmbeach.gr/el/sunset-beaches/mykonos/,6,135,4.44%,7.67
https://calmbeach.gr/el/secluded-beaches/samos/,6,134,4.48%,7.59
https://calmbeach.gr/el/secluded-beaches/ios/,6,130,4.62%,8.84
https://calmbeach.gr/el/beaches/halkidiki/424-marathias/,6,129,4.65%,5.15
https://calmbeach.gr/de/secluded-beaches/corfu/,6,126,4.76%,7.52
https://calmbeach.gr/fr/snorkeling-beaches/rhodes/,6,124,4.84%,8.02
https://calmbeach.gr/el/beaches/santorini/2060-gymnistiki-paralia-vlychada/,6,124,4.84%,12.64
https://calmbeach.gr/el/beaches/evia/234-kokkinias/,6,123,4.88%,7.88
https://calmbeach.gr/el/beaches/lakonia/1569-bozas/,6,119,5.04%,8.18
https://calmbeach.gr/el/beaches/magnesia-pelion/3146-agia-vaso/,6,118,5.08%,7.27
https://calmbeach.gr/el/beaches/lemnos/1458-thanos/,6,118,5.08%,7.29
https://calmbeach.gr/beaches/pieria/510-skotina/,6,118,5.08%,7.36
https://calmbeach.gr/el/beaches/east-attica/68-skalakia-anavyssou/,6,116,5.17%,6.53
https://calmbeach.gr/it/family-beaches/naxos/,6,115,5.22%,8.03
https://calmbeach.gr/el/beach-bars/naxos/,6,115,5.22%,9.17
https://calmbeach.gr/beaches/evia/226-kakolimano/,6,111,5.41%,5.86
https://calmbeach.gr/el/beaches/rethymno/702-polyrizos/,6,106,5.66%,7.59
https://calmbeach.gr/el/beaches/magnesia-pelion/2671-plakes-volos/,6,97,6.19%,7.28
https://calmbeach.gr/beaches/gavdos/614-potamos/,6,96,6.25%,6.55
https://calmbeach.gr/secluded-beaches/koufonisia/,6,95,6.32%,10.76
https://calmbeach.gr/el/beaches/east-attica/44-paralia-agiou-spyridona/,6,94,6.38%,6.4
https://calmbeach.gr/el/organized-beaches/corfu/,6,91,6.59%,9.65
https://calmbeach.gr/el/beaches/aegina/87-paralia-zinovi/,6,86,6.98%,3.08
https://calmbeach.gr/el/beaches/andros/1703-nimporio/,6,79,7.59%,7.25
https://calmbeach.gr/el/beaches/kythnos/1890-pontikia/,6,73,8.22%,4.45
https://calmbeach.gr/it/family-beaches/rethymno/,6,64,9.38%,7.19
https://calmbeach.gr/snorkeling-beaches/skyros/,6,63,9.52%,8.3
https://calmbeach.gr/sunset-beaches/lipsi/,6,60,10%,5.63
https://calmbeach.gr/el/beaches/kythnos/1886-mikro-livadaki/,6,56,10.71%,4.45
https://calmbeach.gr/snorkeling-beaches/argolida/,6,55,10.91%,8.33
https://calmbeach.gr/el/beaches/tinos/2180-piso-dialiskar/,6,51,11.76%,4.12
https://calmbeach.gr/sunset-beaches/east-attica/,6,51,11.76%,6.59
https://calmbeach.gr/el/beaches/lakonia/1592-poulia/,6,45,13.33%,3.69
https://calmbeach.gr/snorkeling-beaches/spetses/,6,44,13.64%,3.68
https://calmbeach.gr/el/beaches/magnesia-pelion/2688-klossou/,6,43,13.95%,6.12
https://calmbeach.gr/el/secluded-beaches/lasithi/,6,43,13.95%,11.19
https://calmbeach.gr/el/beaches/kythnos/,6,42,14.29%,6.36
https://calmbeach.gr/el/beaches/thessaloniki-area/513-paralia-agias-triadas/,6,40,15%,18.88
https://calmbeach.gr/el/beaches/ikaria/1308-syrtiko/,6,36,16.67%,3.17
https://calmbeach.gr/el/beaches/kea/1814-kastriani/,6,31,19.35%,4.87
https://calmbeach.gr/el/beaches/chania/548-paralia-agion-apostolon/,6,27,22.22%,7.48
https://calmbeach.gr/el/sheltered-beaches/ileia/,6,24,25%,6.33
https://calmbeach.gr/el/beaches/paros/,6,17,35.29%,5.82
https://calmbeach.gr/beach-camping-greece/,5,1165,0.43%,10
https://calmbeach.gr/beaches/zakynthos/1186-dafni/,5,894,0.56%,9.31
https://calmbeach.gr/beaches/halkidiki/384-babylon/,5,725,0.69%,7.71
https://calmbeach.gr/el/family-beaches/lesvos/,5,484,1.03%,9.05
https://calmbeach.gr/sandy-beaches/poros/,5,419,1.19%,9.7
https://calmbeach.gr/el/beaches/lakonia/3071-paralia-dirou/,5,384,1.3%,9.32
https://calmbeach.gr/el/beach-bars/preveza/,5,377,1.33%,9.72
https://calmbeach.gr/sunset-beaches/lemnos/,5,368,1.36%,7.6
https://calmbeach.gr/el/beaches/east-attica/75-charakas/,5,342,1.46%,7.85
https://calmbeach.gr/beaches/antipaxos/1055-vrika/,5,321,1.56%,9.21
https://calmbeach.gr/el/beaches/ios/1778-manganari/,5,315,1.59%,7.92
https://calmbeach.gr/el/beaches/east-attica/3028-oropos-skala-oropou/,5,308,1.62%,7.73
https://calmbeach.gr/beaches/santorini/2068-perissa/,5,292,1.71%,6.72
https://calmbeach.gr/el/beaches/lesvos/1327-apergousa/,5,276,1.81%,6.58
https://calmbeach.gr/el/beaches/evia/218-gregolimano/,5,269,1.86%,10.06
https://calmbeach.gr/el/beaches/evia/282-paralia-figia/,5,263,1.9%,7.96
https://calmbeach.gr/beaches/rethymno/679-kalypso/,5,259,1.93%,7.51
https://calmbeach.gr/el/beaches/korinthia/1528-lychnari/,5,256,1.95%,6.77
https://calmbeach.gr/el/beaches/lefkada/1169-pevkoulia/,5,246,2.03%,6.95
https://calmbeach.gr/el/sandy-beaches/samos/,5,242,2.07%,9.97
https://calmbeach.gr/sheltered-beaches/kalymnos/,5,235,2.13%,8.11
https://calmbeach.gr/sandy-beaches/andros/,5,231,2.16%,8.37
https://calmbeach.gr/el/beach-bars/east-attica/,5,229,2.18%,10.17
https://calmbeach.gr/el/organized-beaches/paxos/,5,229,2.18%,11.72
https://calmbeach.gr/el/beaches/arkadia/1508-viles/,5,228,2.19%,8.34
https://calmbeach.gr/el/beaches/magnesia-pelion/3149-kala-nera/,5,227,2.2%,13.56
https://calmbeach.gr/el/beaches/athens-area/9-paralia-glyfadas-akti-v/,5,226,2.21%,6.39
https://calmbeach.gr/el/secluded-beaches/ithaca/,5,223,2.24%,11.31
https://calmbeach.gr/sheltered-beaches/zakynthos/,5,217,2.3%,5.31
https://calmbeach.gr/el/beaches/andros/1704-kourtali/,5,217,2.3%,6.24
https://calmbeach.gr/sheltered-beaches/lemnos/,5,212,2.36%,5.72
https://calmbeach.gr/el/beaches/rethymno/707-spilies/,5,212,2.36%,8.38
https://calmbeach.gr/de/beaches/corfu/947-marathias-beach/,5,192,2.6%,12.28
https://calmbeach.gr/beaches/evia/234-kokkinias/,5,191,2.62%,6.35
https://calmbeach.gr/beaches/evia/291-porto-pevko/,5,176,2.84%,6.1
https://calmbeach.gr/organized-beaches/andros/,5,176,2.84%,7.06
https://calmbeach.gr/de/organized-beaches/zakynthos/,5,175,2.86%,30.69
https://calmbeach.gr/sunset-beaches/kimolos/,5,167,2.99%,6.62
https://calmbeach.gr/it/beaches/sifnos/2097-vathi/,5,159,3.14%,8.19
https://calmbeach.gr/el/beaches/lemnos/1457-evgatis/,5,157,3.18%,6.76
https://calmbeach.gr/el/sunset-beaches/sifnos/,5,144,3.47%,9.45
https://calmbeach.gr/beach-bars/alonissos/,5,141,3.55%,7.7
https://calmbeach.gr/el/sunset-beaches/zakynthos/,5,141,3.55%,8.81
https://calmbeach.gr/el/beaches/viotia/371-agios-nikolaos/,5,139,3.6%,9.19
https://calmbeach.gr/beaches/kefalonia/1104-lagkadakia/,5,133,3.76%,7.06
https://calmbeach.gr/el/beaches/messinia/1653-chelonaria/,5,132,3.79%,7.02
https://calmbeach.gr/el/beaches/kefalonia/1115-paliostafida/,5,131,3.82%,6.49
https://calmbeach.gr/el/beaches/aegina/3024-aigina-ag-vasilios/,5,129,3.88%,7.36
https://calmbeach.gr/el/beaches/rhodes/2419-paralia-afantou/,5,127,3.94%,9.53
https://calmbeach.gr/de/beaches/rethymno/710-triopetra/,5,126,3.97%,9.26
https://calmbeach.gr/el/secluded-beaches/magnesia-pelion/,5,125,4%,8.71
https://calmbeach.gr/el/organized-beaches/heraklion/,5,125,4%,9.22
https://calmbeach.gr/el/beaches/halkidiki/452-varkes/,5,124,4.03%,6.94
https://calmbeach.gr/el/beaches/preveza/862-artolithia-beach/,5,120,4.17%,8.38
https://calmbeach.gr/el/organized-beaches/mykonos/,5,120,4.17%,9.84
https://calmbeach.gr/el/beaches/magnesia-pelion/3111-ai-giannis-keramidi-pilio/,5,117,4.27%,7.49
https://calmbeach.gr/beaches/samos/1396-varsamo/,5,115,4.35%,6.7
https://calmbeach.gr/sheltered-beaches/aegina/,5,115,4.35%,7.72
https://calmbeach.gr/el/beaches/east-attica/46-avlaki/,5,114,4.39%,7.32
https://calmbeach.gr/el/beaches/east-attica/50-lomparda-mojito-bay/,5,111,4.5%,7.17
https://calmbeach.gr/el/beaches/evia/286-petali/,5,110,4.55%,6.14
https://calmbeach.gr/el/beaches/tinos/2188-tsampia/,5,110,4.55%,6.6
https://calmbeach.gr/it/beaches/rethymno/679-kalypso/,5,110,4.55%,10.51
https://calmbeach.gr/beaches/milos/1905-gerania/,5,109,4.59%,7.88
https://calmbeach.gr/fr/sheltered-beaches/milos/,5,107,4.67%,8.15
https://calmbeach.gr/secluded-beaches/kythnos/,5,103,4.85%,8.59
https://calmbeach.gr/snorkeling-beaches/symi/,5,101,4.95%,5.96
https://calmbeach.gr/de/beaches/kefalonia/1113-myrtos/,5,101,4.95%,14.49
https://calmbeach.gr/beaches/paros/2029-kalogeros/,5,97,5.15%,13.38
https://calmbeach.gr/el/beaches/lakonia/1595-pyla/,5,96,5.21%,6.2
https://calmbeach.gr/de/sheltered-beaches/paros/,5,94,5.32%,6.81
https://calmbeach.gr/el/beaches/pieria/505-paralia-leptokaryas/,5,93,5.38%,11.25
https://calmbeach.gr/sunset-beaches/spetses/,5,92,5.43%,11.45
https://calmbeach.gr/el/beaches/evia/269-paralia-dafnis/,5,89,5.62%,7.25
https://calmbeach.gr/fr/family-beaches/rhodes/,5,86,5.81%,10.38
https://calmbeach.gr/beaches/halkidiki/415-lagomandra/,5,85,5.88%,5.34
https://calmbeach.gr/secluded-beaches/magnesia-pelion/,5,82,6.1%,7.16
https://calmbeach.gr/sunset-beaches/kea/,5,82,6.1%,7.94
https://calmbeach.gr/el/beaches/magnesia-pelion/2703-paltsi/,5,81,6.17%,5.74
https://calmbeach.gr/el/sunset-beaches/patmos/,5,81,6.17%,9.83
https://calmbeach.gr/beaches/naxos/2019-hawaii/,5,78,6.41%,6.83
https://calmbeach.gr/el/beaches/lemnos/1463-plaka/,5,75,6.67%,8.83
https://calmbeach.gr/beaches/magnesia-pelion/2717-potistika/,5,69,7.25%,4.29
https://calmbeach.gr/el/snorkeling-beaches/kythira/,5,68,7.35%,6.34
https://calmbeach.gr/el/sheltered-beaches/astypalaia/,5,67,7.46%,6.88
https://calmbeach.gr/snorkeling-beaches/kimolos/,5,66,7.58%,7.38
https://calmbeach.gr/el/sunset-beaches/magnesia-pelion/,5,66,7.58%,8.88
https://calmbeach.gr/el/beaches/messinia/1631-paralia-vounaki/,5,65,7.69%,7.03
https://calmbeach.gr/el/sheltered-beaches/lemnos/,5,64,7.81%,6.02
https://calmbeach.gr/el/beaches/evia/204-akti-vouvali/,5,63,7.94%,5.95
https://calmbeach.gr/el/sheltered-beaches/donousa/,5,62,8.06%,7.16
https://calmbeach.gr/it/beaches/lasithi/747-kolokytha/,5,61,8.2%,9.31
https://calmbeach.gr/beaches/evia/306-schinodavlia/,5,56,8.93%,4.07
https://calmbeach.gr/el/sheltered-beaches/folegandros/,5,52,9.62%,3.56
https://calmbeach.gr/el/beaches/arkadia/1512-lygaria/,5,52,9.62%,6.71
https://calmbeach.gr/el/beaches/evia/214-gaidaros/,5,50,10%,4.68
https://calmbeach.gr/el/sheltered-beaches/lefkada/,5,50,10%,8.72
https://calmbeach.gr/el/beaches/samos/1416-tsamadou/,5,44,11.36%,6.18
https://calmbeach.gr/beaches/kavala/790-paralia-gymniston/,5,44,11.36%,6.68
https://calmbeach.gr/beaches/karpathos/2287-lares/,5,43,11.63%,2.79
https://calmbeach.gr/beaches/heraklion/634-karteros/,5,43,11.63%,5.49
https://calmbeach.gr/el/sunset-beaches/kea/,5,43,11.63%,10.86
https://calmbeach.gr/beaches/paros/2055-farangas/,5,38,13.16%,6.55
https://calmbeach.gr/el/beaches/antiparos/1733-livadia/,5,38,13.16%,6.95
https://calmbeach.gr/fr/secluded-beaches/corfu/,5,38,13.16%,8.79
https://calmbeach.gr/el/beaches/evia/3121-paralia-pili/,5,36,13.89%,9.89
https://calmbeach.gr/el/beaches/aetolia-acarnania/2534-marathaki/,5,31,16.13%,2.87
https://calmbeach.gr/snorkeling-beaches/tilos/,5,31,16.13%,8.13
https://calmbeach.gr/de/organized-beaches/sifnos/,5,30,16.67%,7.9
https://calmbeach.gr/el/beaches/paxos/1041-soulanena/,5,26,19.23%,3.92
https://calmbeach.gr/el/beaches/fokida/343-kentri/,5,23,21.74%,5.26
https://calmbeach.gr/el/beaches/kea/,5,18,27.78%,10.78
https://calmbeach.gr/beaches/amorgos/,5,16,31.25%,5
https://calmbeach.gr/beaches/serifos/,5,13,38.46%,4.08
https://calmbeach.gr/sandy-beaches/kavala/,4,760,0.53%,8.63
https://calmbeach.gr/sandy-beaches/rhodes/,4,682,0.59%,16.24
https://calmbeach.gr/el/beaches/evia/261-nisiotissa/,4,541,0.74%,9.37
https://calmbeach.gr/it/beaches/kefalonia/1096-kaminia/,4,522,0.77%,9.63
https://calmbeach.gr/sunset-beaches/zakynthos/,4,520,0.77%,9.42
https://calmbeach.gr/sheltered-beaches-meltemi/,4,461,0.87%,6.53
https://calmbeach.gr/el/beaches/evia/229-kalamos/,4,420,0.95%,8.26
https://calmbeach.gr/beaches/halkidiki/498-paralia-koviou/,4,364,1.1%,7.37
https://calmbeach.gr/it/beaches/lefkada/1154-afteli/,4,349,1.15%,7.21
https://calmbeach.gr/sandy-beaches/samos/,4,345,1.16%,11.7
https://calmbeach.gr/beaches/skiathos/2633-mikros-aselinos/,4,336,1.19%,8.12
https://calmbeach.gr/it/beaches/corfu/949-nissaki-beach/,4,314,1.27%,8.51
https://calmbeach.gr/it/beaches/kefalonia/1100-koroni/,4,309,1.29%,7.46
https://calmbeach.gr/sandy-beaches/zakynthos/,4,307,1.3%,13.12
https://calmbeach.gr/sheltered-beaches/patmos/,4,304,1.32%,6.65
https://calmbeach.gr/it/beaches/lefkada/1157-gialos/,4,304,1.32%,10.24
https://calmbeach.gr/beaches/xanthi/,4,284,1.41%,8.4
https://calmbeach.gr/sunset-beaches/kos/,4,266,1.5%,10.09
https://calmbeach.gr/el/beaches/evia/255-mavrikas/,4,265,1.51%,7.59
https://calmbeach.gr/el/beaches/othonoi/1058-aspri-ammos/,4,264,1.52%,8.57
https://calmbeach.gr/it/beaches/heraklion/626-matala/,4,263,1.52%,8.7
https://calmbeach.gr/sunset-beaches/syros/,4,255,1.57%,8.61
https://calmbeach.gr/beach-bars/tinos/,4,251,1.59%,8.42
https://calmbeach.gr/beach-bars/lesvos/,4,245,1.63%,8
https://calmbeach.gr/family-beaches/samos/,4,238,1.68%,6.87
https://calmbeach.gr/el/beaches/magnesia-pelion/2691-lagoudi/,4,233,1.72%,7.7
https://calmbeach.gr/el/beaches/kavala/791-paralia-karianis/,4,229,1.75%,8.25
https://calmbeach.gr/it/beaches/zakynthos/1194-porto-roxa/,4,229,1.75%,8.75
https://calmbeach.gr/secluded-beaches/mykonos/,4,228,1.75%,9.41
https://calmbeach.gr/sheltered-beaches/preveza/,4,228,1.75%,10.54
https://calmbeach.gr/el/beaches/athens-area/14-v-plaz-voulas/,4,225,1.78%,10.2
https://calmbeach.gr/el/beaches/syros/2144-paralia-galissa/,4,222,1.8%,10.15
https://calmbeach.gr/el/beaches/ithaca/1226-paralia-filiatro/,4,217,1.84%,9.97
https://calmbeach.gr/organized-beaches/milos/,4,207,1.93%,7.17
https://calmbeach.gr/el/snorkeling-beaches/kimolos/,4,199,2.01%,9.24
https://calmbeach.gr/el/secluded-beaches/corfu/,4,199,2.01%,9.9
https://calmbeach.gr/it/beaches/kos/2328-marmari/,4,194,2.06%,11.45
https://calmbeach.gr/it/snorkeling-beaches/mykonos/,4,191,2.09%,10.9
https://calmbeach.gr/el/beaches/evia/258-mnimata/,4,190,2.11%,7.34
https://calmbeach.gr/it/beaches/kefalonia/1086-agia-kyriaki/,4,190,2.11%,8.68
https://calmbeach.gr/el/beach-bars/tinos/,4,190,2.11%,13.51
https://calmbeach.gr/el/beaches/magnesia-pelion/3084-kalamies/,4,182,2.2%,7.14
https://calmbeach.gr/sunset-beaches/folegandros/,4,181,2.21%,9.03
https://calmbeach.gr/el/sunset-beaches/paros/,4,180,2.22%,6.77
https://calmbeach.gr/el/beaches/tilos/2475-eristos/,4,180,2.22%,10.89
https://calmbeach.gr/snorkeling-beaches/piraeus-area/,4,177,2.26%,8.64
https://calmbeach.gr/it/beaches/paros/2029-kalogeros/,4,170,2.35%,7.8
https://calmbeach.gr/el/beaches/chania/539-marathi/,4,169,2.37%,7.83
https://calmbeach.gr/el/organized-beaches/lesvos/,4,167,2.4%,8.89
https://calmbeach.gr/beaches/zakynthos/1216-porto-vromi/,4,164,2.44%,8.81
https://calmbeach.gr/sunset-beaches/messinia/,4,162,2.47%,7.52
https://calmbeach.gr/beaches/kavala/796-psatha/,4,161,2.48%,8.61
https://calmbeach.gr/family-beaches/milos/,4,157,2.55%,6.63
https://calmbeach.gr/sunset-beaches/chania/,4,157,2.55%,8.28
https://calmbeach.gr/family-beaches/syros/,4,155,2.58%,8.51
https://calmbeach.gr/beaches/rodopi/3034-komotini-paralia-kryoneriou-maronia/,4,154,2.6%,6.23
https://calmbeach.gr/beaches/halkidiki/446-tigania/,4,153,2.61%,6.37
https://calmbeach.gr/beaches/preveza/884-limnionas/,4,151,2.65%,6.27
https://calmbeach.gr/el/beaches/pieria/3097-ammos-alyki-kitrous-pieria/,4,148,2.7%,7.77
https://calmbeach.gr/family-beaches/paros/,4,143,2.8%,8.11
https://calmbeach.gr/beaches/magnesia-pelion/3096-olive-bay/,4,141,2.84%,7.02
https://calmbeach.gr/beaches/karpathos/,4,140,2.86%,6.28
https://calmbeach.gr/beaches/karpathos/3182-diafani/,4,139,2.88%,7.36
https://calmbeach.gr/el/beaches/kythira/138-komponada/,4,137,2.92%,7.71
https://calmbeach.gr/el/beaches/corfu/1010-paralia-chalikouna/,4,136,2.94%,9.22
https://calmbeach.gr/beaches/ikaria/1302-nas/,4,131,3.05%,7.84
https://calmbeach.gr/sandy-beaches/messinia/,4,131,3.05%,10.96
https://calmbeach.gr/beaches/chios/1248-bella-vista/,4,125,3.2%,6.3
https://calmbeach.gr/sunset-beaches/mykonos/,4,122,3.28%,7.86
https://calmbeach.gr/beaches/chania/532-kalyvaki/,4,121,3.31%,7.67
https://calmbeach.gr/it/secluded-beaches/ios/,4,115,3.48%,7.47
https://calmbeach.gr/organized-beaches/syros/,4,115,3.48%,7.78
https://calmbeach.gr/it/beaches/lasithi/752-mazida-ammos/,4,112,3.57%,7.61
https://calmbeach.gr/fr/sunset-beaches/paros/,4,111,3.6%,7.76
https://calmbeach.gr/organized-beaches/kalymnos/,4,110,3.64%,15.6
https://calmbeach.gr/it/beaches/kefalonia/1092-gradakia/,4,108,3.7%,7.79
https://calmbeach.gr/beaches/kythira/131-diakofti/,4,107,3.74%,7.09
https://calmbeach.gr/el/beaches/tinos/2164-kantani/,4,106,3.77%,4.52
https://calmbeach.gr/beaches/patmos/2403-psili-ammos/,4,106,3.77%,6.95
https://calmbeach.gr/beaches/naxos/2003-lionas/,4,104,3.85%,8.24
https://calmbeach.gr/beaches/rhodes/2440-tsampika/,4,101,3.96%,6.59
https://calmbeach.gr/el/beaches/fthiotida/367-paralia-traganas/,4,101,3.96%,6.76
https://calmbeach.gr/el/beaches/lakonia/1602-charakia/,4,100,4%,7.71
https://calmbeach.gr/sheltered-beaches/karpathos/,4,99,4.04%,6.28
https://calmbeach.gr/el/beaches/evia/232-kefala/,4,98,4.08%,6.99
https://calmbeach.gr/fr/organized-beaches/heraklion/,4,97,4.12%,10.66
https://calmbeach.gr/organized-beaches/tinos/,4,96,4.17%,7.44
https://calmbeach.gr/beaches/magnesia-pelion/3152-katigiorgis/,4,96,4.17%,8.8
https://calmbeach.gr/organized-beaches/naxos/,4,96,4.17%,9.24
https://calmbeach.gr/sunset-beaches/ithaca/,4,96,4.17%,11.36
https://calmbeach.gr/sunset-beaches/kalymnos/,4,95,4.21%,6.55
https://calmbeach.gr/el/beaches/halkidiki/387-brounou/,4,94,4.26%,6.11
https://calmbeach.gr/beaches/magnesia-pelion/3151-kamari-keramidiou/,4,93,4.3%,6.06
https://calmbeach.gr/de/sunset-beaches/corfu/,4,92,4.35%,7.09
https://calmbeach.gr/de/sandy-beaches/heraklion/,4,90,4.44%,38.69
https://calmbeach.gr/it/beaches/kefalonia/1107-lourdata/,4,87,4.6%,7.93
https://calmbeach.gr/el/beaches/viotia/3031-tanagra-dilesi/,4,85,4.71%,6.68
https://calmbeach.gr/it/sunset-beaches/ios/,4,85,4.71%,6.78
https://calmbeach.gr/beaches/pieria/508-paralia-katerinis/,4,84,4.76%,8.19
https://calmbeach.gr/el/family-beaches/messinia/,4,81,4.94%,9.17
https://calmbeach.gr/el/sheltered-beaches/argolida/,4,81,4.94%,13.02
https://calmbeach.gr/el/beaches/halkidiki/496-paralia-pyrgou/,4,80,5%,6.47
https://calmbeach.gr/it/sunset-beaches/rhodes/,4,78,5.13%,7.35
https://calmbeach.gr/el/sheltered-beaches/thessaloniki-area/,4,78,5.13%,9.95
https://calmbeach.gr/el/beaches/naxos/1982-agiassos/,4,77,5.19%,9.31
https://calmbeach.gr/el/sunset-beaches/achaia/,4,77,5.19%,9.35
https://calmbeach.gr/el/beaches/halkidiki/468-paralia-tristinika/,4,76,5.26%,7.7
https://calmbeach.gr/el/beaches/evia/3117-kastri/,4,74,5.41%,6.41
https://calmbeach.gr/de/sunset-beaches/rhodes/,4,69,5.8%,5.57
https://calmbeach.gr/el/beaches/lakonia/1563-kochylas/,4,69,5.8%,7.36
https://calmbeach.gr/el/family-beaches/skiathos/,4,69,5.8%,8.51
https://calmbeach.gr/el/beaches/kimolos/1840-athinia/,4,68,5.88%,3.97
https://calmbeach.gr/el/beaches/lesvos/1368-tsilia/,4,68,5.88%,7.29
https://calmbeach.gr/el/organized-beaches/ileia/,4,67,5.97%,13.63
https://calmbeach.gr/beaches/kythnos/1896-styfos/,4,66,6.06%,5.47
https://calmbeach.gr/el/beaches/mykonos/1953-kalo-livadi/,4,66,6.06%,9.29
https://calmbeach.gr/el/beaches/methana/180-votsalakia/,4,66,6.06%,10
https://calmbeach.gr/it/beaches/milos/1903-achivadolimni/,4,66,6.06%,10.68
https://calmbeach.gr/el/sunset-beaches/aegina/,4,65,6.15%,7.71
https://calmbeach.gr/el/beaches/argolida/1487-paralia-kantias/,4,65,6.15%,9.12
https://calmbeach.gr/beaches/naxos/1997-kastraki/,4,64,6.25%,7.62
https://calmbeach.gr/el/beaches/kefalonia/1075-sissia/,4,61,6.56%,5.74
https://calmbeach.gr/fr/sunset-beaches/zakynthos/,4,61,6.56%,7.31
https://calmbeach.gr/beaches/east-attica/3029-oropos-chalkoutsi/,4,60,6.67%,6.78
https://calmbeach.gr/el/beaches/magnesia-pelion/2673-agii-saranta/,4,56,7.14%,7.75
https://calmbeach.gr/el/beaches/corfu/977-notos/,4,56,7.14%,7.84
https://calmbeach.gr/fr/snorkeling-beaches/santorini/,4,54,7.41%,10.2
https://calmbeach.gr/el/sheltered-beaches/koufonisia/,4,53,7.55%,5.4
https://calmbeach.gr/de/organized-beaches/milos/,4,53,7.55%,6.91
https://calmbeach.gr/el/beaches/antiparos/1731-kaloudia/,4,52,7.69%,3.6
https://calmbeach.gr/fr/snorkeling-beaches/naxos/,4,52,7.69%,7.4
https://calmbeach.gr/beaches/chania/594-chrysi-akti/,4,50,8%,5.32
https://calmbeach.gr/beaches/fokida/350-paralia-chiliadou/,4,50,8%,7.04
https://calmbeach.gr/snorkeling-beaches/magnesia-pelion/,4,49,8.16%,5.63
https://calmbeach.gr/it/snorkeling-beaches/milos/,4,49,8.16%,5.94
https://calmbeach.gr/el/beaches/rethymno/675-varkotopos/,4,49,8.16%,6.69
https://calmbeach.gr/de/sunset-beaches/milos/,4,49,8.16%,10.24
https://calmbeach.gr/el/secluded-beaches/lefkada/,4,49,8.16%,14.84
https://calmbeach.gr/beaches/rethymno/697-paralia-rethymnou/,4,47,8.51%,8.32
https://calmbeach.gr/beaches/messinia/1622-lampes/,4,44,9.09%,7.23
https://calmbeach.gr/beaches/evia/270-paralia-eva/,4,43,9.3%,6.4
https://calmbeach.gr/el/organized-beaches/naxos/,4,43,9.3%,8.37
https://calmbeach.gr/el/sandy-beaches/kimolos/,4,43,9.3%,12.37
https://calmbeach.gr/el/beaches/lesvos/1343-makara/,4,42,9.52%,5.29
https://calmbeach.gr/el/beaches/amorgos/3083-megali-vlychada/,4,42,9.52%,7.07
https://calmbeach.gr/el/secluded-beaches/skyros/,4,37,10.81%,21.92
https://calmbeach.gr/el/beaches/ithaca/1242-limenia/,4,36,11.11%,5.83
https://calmbeach.gr/fr/beaches/milos/1909-katergo/,4,36,11.11%,7.78
https://calmbeach.gr/el/beaches/messinia/1608-vidokilia/,4,35,11.43%,5.94
https://calmbeach.gr/beaches/antipaxos/1046-skidi/,4,34,11.76%,4.09
https://calmbeach.gr/beaches/kefalonia/1110-makrys-gialos/,4,34,11.76%,6.94
https://calmbeach.gr/el/beaches/heraklion/623-karavovrysi/,4,32,12.5%,4.62
https://calmbeach.gr/de/organized-beaches/chania/,4,32,12.5%,9.78
https://calmbeach.gr/beaches/rodopi/800-synaxi/,4,30,13.33%,4.4
https://calmbeach.gr/el/beaches/rethymno/689-paligkremnos/,4,30,13.33%,5.93
https://calmbeach.gr/organized-beaches/kos/,4,28,14.29%,8.25
https://calmbeach.gr/el/sheltered-beaches/magnesia-pelion/,4,27,14.81%,4.41
https://calmbeach.gr/beaches/rhodes/2416-paralia-agathi/,4,25,16%,6
https://calmbeach.gr/beaches/zakynthos/1203-kamaroti/,4,24,16.67%,4.62
https://calmbeach.gr/el/beaches/kimolos/1848-lakos/,4,23,17.39%,3.17
https://calmbeach.gr/el/beaches/kythnos/1869-vasiliko/,4,20,20%,3.35
https://calmbeach.gr/el/beaches/oinousses/1286-fasoli/,4,20,20%,3.75
https://calmbeach.gr/el/sunset-beaches/lasithi/,4,20,20%,9.55
https://calmbeach.gr/beaches/kythira/126-paralia-lygia/,4,19,21.05%,3.79
https://calmbeach.gr/el/beaches/chios/1246-paralia-pyrgia-notios-ormos/,4,19,21.05%,7
https://calmbeach.gr/el/beaches/argolida/1486-paralia-vagionia/,4,17,23.53%,6.35
https://calmbeach.gr/el/beaches/messinia/1645-paralia-chomati/,4,14,28.57%,7.57
https://calmbeach.gr/el/beaches/alonissos/2591-kalyvia-stamatiou/,4,12,33.33%,4.08
https://calmbeach.gr/beaches/rethymno/714-livadi-beach/,4,12,33.33%,4.92
https://calmbeach.gr/beaches/mykonos/1958-lia/,3,983,0.31%,8.03
https://calmbeach.gr/el/beaches/salamina/,3,763,0.39%,10.39
https://calmbeach.gr/family-beaches/corfu/,3,711,0.42%,8.41
https://calmbeach.gr/it/beaches/lefkada/1166-mikros-gialos/,3,690,0.43%,9.16
https://calmbeach.gr/sunset-beaches/corfu/,3,606,0.5%,8.32
https://calmbeach.gr/sandy-beaches/aegina/,3,526,0.57%,11.41
https://calmbeach.gr/el/beach-bars/athens-area/,3,503,0.6%,8.76
https://calmbeach.gr/family-beaches/zakynthos/,3,459,0.65%,10.69
https://calmbeach.gr/beaches/chania/,3,410,0.73%,11.11
https://calmbeach.gr/sandy-beaches/kefalonia/,3,408,0.74%,14.45
https://calmbeach.gr/beaches/lasithi/747-kolokytha/,3,407,0.74%,8.29
https://calmbeach.gr/el/organized-beaches/kavala/,3,392,0.77%,11.27
https://calmbeach.gr/beaches/lefkada/1155-vasiliki/,3,391,0.77%,9.49
https://calmbeach.gr/it/beaches/chania/539-marathi/,3,389,0.77%,13.46
https://calmbeach.gr/it/beaches/corfu/940-issos-beach/,3,351,0.85%,7.85
https://calmbeach.gr/beaches/evia/235-korasida/,3,351,0.85%,8.36
https://calmbeach.gr/beach-bars/evia/,3,326,0.92%,6.01
https://calmbeach.gr/beach-bars/thessaloniki-area/,3,310,0.97%,9.04
https://calmbeach.gr/beach-bars/lefkada/,3,305,0.98%,11.24
https://calmbeach.gr/sheltered-beaches/spetses/,3,301,1%,9.79
https://calmbeach.gr/beaches/heraklion/642-gouves/,3,294,1.02%,17.27
https://calmbeach.gr/it/beaches/chania/544-nea-chora/,3,287,1.05%,8.47
https://calmbeach.gr/beach-bars/aegina/,3,278,1.08%,8.2
https://calmbeach.gr/beaches/rhodes/2441-faliraki/,3,276,1.09%,6.41
https://calmbeach.gr/beach-bars/andros/,3,269,1.12%,8.65
https://calmbeach.gr/beaches/kefalonia/1078-xi/,3,262,1.15%,7.74
https://calmbeach.gr/el/beaches/lakonia/3091-paralia-kato-mezapos/,3,261,1.15%,8.45
https://calmbeach.gr/el/beaches/kefalonia/1069-kimilia/,3,258,1.16%,7.4
https://calmbeach.gr/beaches/kavala/3134-paralia-palio/,3,254,1.18%,7.74
https://calmbeach.gr/el/beaches/chios/1261-komi/,3,247,1.21%,8.01
https://calmbeach.gr/it/beaches/chania/602-kalathas/,3,243,1.23%,9.31
https://calmbeach.gr/sandy-beaches/thessaloniki-area/,3,240,1.25%,18.21
https://calmbeach.gr/it/beaches/corfu/1009-paralia-sidari/,3,239,1.26%,8.67
https://calmbeach.gr/family-beaches/kos/,3,236,1.27%,8.56
https://calmbeach.gr/it/beaches/lefkada/1160-kathisma/,3,229,1.31%,9.59
https://calmbeach.gr/beaches/east-attica/,3,223,1.35%,7.19
https://calmbeach.gr/el/beach-bars/larissa-coast-agia-kissavos/,3,218,1.38%,8.16
https://calmbeach.gr/it/beaches/mykonos/1947-agrari/,3,218,1.38%,9.05
https://calmbeach.gr/el/family-beaches/kefalonia/,3,217,1.38%,9.05
https://calmbeach.gr/el/beach-bars/skiathos/,3,217,1.38%,11.48
https://calmbeach.gr/it/organized-beaches/santorini/,3,215,1.4%,12.7
https://calmbeach.gr/el/beaches/halkidiki/406-kalopigado/,3,211,1.42%,6.43
https://calmbeach.gr/beaches/halkidiki/421-linaraki/,3,210,1.43%,8.46
https://calmbeach.gr/organized-beaches/hydra/,3,210,1.43%,10.4
https://calmbeach.gr/it/sunset-beaches/milos/,3,209,1.44%,8.07
https://calmbeach.gr/el/beaches/lesvos/1373-fara/,3,208,1.44%,8.84
https://calmbeach.gr/el/beaches/halkidiki/435-plagia-flogita/,3,205,1.46%,7.78
https://calmbeach.gr/el/beaches/ileia/2568-kounoupeli/,3,205,1.46%,8.27
https://calmbeach.gr/el/sunset-beaches/rethymno/,3,198,1.52%,7.97
https://calmbeach.gr/family-beaches/karpathos/,3,197,1.52%,9.6
https://calmbeach.gr/it/beaches/paros/2050-pyrgaki/,3,196,1.53%,9.49
https://calmbeach.gr/el/beaches/kythnos/1863-agia-irini/,3,194,1.55%,9.39
https://calmbeach.gr/sunset-beaches/amorgos/,3,192,1.56%,8.04
https://calmbeach.gr/where-to-swim-in-greece-when-the-meltemi-blows/,3,185,1.62%,7.52
https://calmbeach.gr/sunset-beaches/paros/,3,182,1.65%,8.88
https://calmbeach.gr/el/beaches/ikaria/1298-kerame/,3,181,1.66%,8.13
https://calmbeach.gr/family-beaches/pieria/,3,173,1.73%,6.89
https://calmbeach.gr/el/beaches/chania/601-kalami/,3,171,1.75%,8
https://calmbeach.gr/beaches/milos/1904-gerontas/,3,171,1.75%,8.76
https://calmbeach.gr/el/beaches/chania/585-afrata/,3,171,1.75%,9.49
https://calmbeach.gr/it/beaches/kefalonia/1088-antisamos/,3,167,1.8%,9.87
https://calmbeach.gr/beaches/east-attica/75-charakas/,3,166,1.81%,6.73
https://calmbeach.gr/el/family-beaches/mykonos/,3,165,1.82%,17.79
https://calmbeach.gr/el/beaches/aetolia-acarnania/3144-paralia-kryoneri/,3,164,1.83%,7.66
https://calmbeach.gr/sunset-beaches/evia/,3,163,1.84%,7.44
https://calmbeach.gr/el/secluded-beaches/andros/,3,157,1.91%,15.2
https://calmbeach.gr/de/snorkeling-beaches/chania/,3,155,1.94%,5.75
https://calmbeach.gr/el/beaches/east-attica/33-paralia-marathona/,3,155,1.94%,8.55
https://calmbeach.gr/el/beaches/thasos/839-glyfoneri/,3,155,1.94%,10.76
https://calmbeach.gr/el/secluded-beaches/mykonos/,3,155,1.94%,20.52
https://calmbeach.gr/it/sunset-beaches/heraklion/,3,154,1.95%,6.61
https://calmbeach.gr/sandy-beaches/heraklion/,3,154,1.95%,8.47
https://calmbeach.gr/it/beaches/corfu/975-boukari/,3,153,1.96%,9.08
https://calmbeach.gr/el/beach-bars/messinia/,3,152,1.97%,8.59
https://calmbeach.gr/de/sunset-beaches/lefkada/,3,149,2.01%,11.4
https://calmbeach.gr/it/beaches/rhodes/2404-paralia-stegna-grande-blue/,3,147,2.04%,6.48
https://calmbeach.gr/el/sandy-beaches/kefalonia/,3,147,2.04%,9.61
https://calmbeach.gr/el/sandy-beaches/rhodes/,3,146,2.05%,9.34
https://calmbeach.gr/el/organized-beaches/preveza/,3,146,2.05%,10.87
https://calmbeach.gr/beaches/heraklion/643-analipsi/,3,145,2.07%,6.65
https://calmbeach.gr/el/beaches/kythnos/1888-paralia-kolona/,3,145,2.07%,8
https://calmbeach.gr/beaches/lesvos/,3,143,2.1%,10.69
https://calmbeach.gr/organized-beaches/spetses/,3,143,2.1%,14.29
https://calmbeach.gr/it/secluded-beaches/milos/,3,142,2.11%,11.56
https://calmbeach.gr/el/beaches/syros/2129-ampela/,3,141,2.13%,6.91
https://calmbeach.gr/el/beaches/corfu/959-arillas/,3,141,2.13%,8.55
https://calmbeach.gr/el/beaches/lakonia/1552-viandini-vourkos/,3,139,2.16%,9.03
https://calmbeach.gr/it/snorkeling-beaches/kefalonia/,3,137,2.19%,7.47
https://calmbeach.gr/organized-beaches/athens-area/,3,136,2.21%,8.89
https://calmbeach.gr/beaches/skyros/326-molos/,3,134,2.24%,7.27
https://calmbeach.gr/de/snorkeling-beaches/rhodes/,3,134,2.24%,9.46
https://calmbeach.gr/el/beaches/anafi/1676-katsouni/,3,133,2.26%,9.22
https://calmbeach.gr/el/beaches/kefalonia/1135-giagana/,3,132,2.27%,3.98
https://calmbeach.gr/beaches/kefalonia/,3,129,2.33%,10.16
https://calmbeach.gr/el/organized-beaches/amorgos/,3,128,2.34%,9.27
https://calmbeach.gr/beaches/naxos/2012-plaka/,3,127,2.36%,7.91
https://calmbeach.gr/el/beaches/ithaca/1229-paralia-skinos/,3,127,2.36%,8.09
https://calmbeach.gr/el/organized-beaches/santorini/,3,126,2.38%,9.58
https://calmbeach.gr/fr/beaches/rhodes/2441-faliraki/,3,125,2.4%,9.92
https://calmbeach.gr/el/beaches/lemnos/1466-saravari/,3,123,2.44%,7.93
https://calmbeach.gr/el/beaches/magnesia-pelion/3086-paralia-nies/,3,123,2.44%,8.48
https://calmbeach.gr/el/beaches/argolida/1501-kounoupi/,3,122,2.46%,13.93
https://calmbeach.gr/beaches/karpathos/2308-kyra-panagia/,3,121,2.48%,6.31
https://calmbeach.gr/organized-beaches/leros/,3,120,2.5%,7.69
https://calmbeach.gr/el/beaches/kea/1815-koundouros/,3,119,2.52%,6.24
https://calmbeach.gr/el/family-beaches/magnesia-pelion/,3,116,2.59%,7.18
https://calmbeach.gr/el/beaches/fthiotida/359-karavomylos/,3,116,2.59%,8.22
https://calmbeach.gr/el/sunset-beaches/thessaloniki-area/,3,116,2.59%,9.31
https://calmbeach.gr/de/beaches/corfu/949-nissaki-beach/,3,115,2.61%,15.91
https://calmbeach.gr/el/beaches/chania/602-kalathas/,3,114,2.63%,6.96
https://calmbeach.gr/sandy-beaches/magnesia-pelion/,3,114,2.63%,9.11
https://calmbeach.gr/el/sandy-beaches/messinia/,3,114,2.63%,27.12
https://calmbeach.gr/fr/beaches/chania/604-kedrodasos/,3,113,2.65%,9.56
https://calmbeach.gr/el/beaches/lefkada/1154-afteli/,3,112,2.68%,8.22
https://calmbeach.gr/el/organized-beaches/halkidiki/,3,112,2.68%,8.66
https://calmbeach.gr/it/beaches/paros/2020-agia-irini/,3,111,2.7%,8.98
https://calmbeach.gr/el/beaches/evia/227-kalami/,3,110,2.73%,8.4
https://calmbeach.gr/de/beaches/rhodes/2440-tsampika/,3,110,2.73%,11.35
https://calmbeach.gr/beaches/chania/579-stavros/,3,106,2.83%,5.44
https://calmbeach.gr/el/beaches/arkadia/1516-paralia-thiopavto/,3,106,2.83%,7.8
https://calmbeach.gr/organized-beaches/symi/,3,106,2.83%,8.53
https://calmbeach.gr/el/beaches/kefalonia/1091-vrachinari/,3,105,2.86%,6.65
https://calmbeach.gr/family-beaches/kalymnos/,3,105,2.86%,9.22
https://calmbeach.gr/de/sheltered-beaches/heraklion/,3,105,2.86%,18.06
https://calmbeach.gr/beaches/halkidiki/412-komitsa/,3,103,2.91%,7.75
https://calmbeach.gr/el/sandy-beaches/chania/,3,103,2.91%,8.47
https://calmbeach.gr/el/beaches/halkidiki/470-paralia-kastri/,3,102,2.94%,7.18
https://calmbeach.gr/beaches/leros/,3,101,2.97%,13.61
https://calmbeach.gr/el/sunset-beaches/karpathos/,3,100,3%,10.14
https://calmbeach.gr/it/family-beaches/kos/,3,99,3.03%,16.33
https://calmbeach.gr/el/sheltered-beaches/poros/,3,97,3.09%,6.02
https://calmbeach.gr/el/sheltered-beaches/alonissos/,3,96,3.12%,7.42
https://calmbeach.gr/secluded-beaches/ios/,3,96,3.12%,9.78
https://calmbeach.gr/el/family-beaches/andros/,3,94,3.19%,9.43
https://calmbeach.gr/it/beaches/corfu/967-kardaki/,3,93,3.23%,5.91
https://calmbeach.gr/beaches/skopelos/2648-limnonari/,3,92,3.26%,5.68
https://calmbeach.gr/el/beaches/samos/1398-kakorema/,3,91,3.3%,5.37
https://calmbeach.gr/fr/beaches/naxos/1995-paralia-kalantos/,3,90,3.33%,8.93
https://calmbeach.gr/el/beaches/kasos/2487-mikro-avlaki/,3,89,3.37%,7.19
https://calmbeach.gr/el/beach-bars/achaia/,3,89,3.37%,8.53
https://calmbeach.gr/organized-beaches/kea/,3,87,3.45%,10.01
https://calmbeach.gr/beaches/zakynthos/1214-paralia-selinas-filippon/,3,86,3.49%,6.94
https://calmbeach.gr/el/beaches/larissa-coast-agia-kissavos/2731-paralia-papakosta/,3,85,3.53%,8.69
https://calmbeach.gr/it/beaches/milos/1934-voudia/,3,85,3.53%,8.71
https://calmbeach.gr/el/organized-beaches/east-attica/,3,85,3.53%,9.61
https://calmbeach.gr/it/beaches/rethymno/704-preveli/,3,84,3.57%,7.36
https://calmbeach.gr/fr/beaches/lefkada/1160-kathisma/,3,84,3.57%,7.64
https://calmbeach.gr/el/beaches/chania/541-machairida/,3,83,3.61%,8.66
https://calmbeach.gr/el/beaches/aetolia-acarnania/2533-louros/,3,82,3.66%,7.71
https://calmbeach.gr/el/sheltered-beaches/kos/,3,81,3.7%,7.2
https://calmbeach.gr/it/sunset-beaches/sifnos/,3,81,3.7%,7.74
https://calmbeach.gr/el/beaches/halkidiki/430-oneiro/,3,80,3.75%,5.74
https://calmbeach.gr/de/beaches/rethymno/707-spilies/,3,80,3.75%,6.89
https://calmbeach.gr/organized-beaches/alonissos/,3,79,3.8%,6.78
https://calmbeach.gr/el/beaches/aegina/,3,79,3.8%,14.09