id,beach,region,file,license,author,sourcePageUrl,imageUrl,metadataStatus,batch,verificationNote
36,Plaz Rafinas,East Attica,Rafina - panoramio - Jan M.jpg,CC BY-SA 3.0,Jan M,https://commons.wikimedia.org/wiki/File%3ARafina%20-%20panoramio%20-%20Jan%20M.jpg,https://commons.wikimedia.org/w/index.php?title=Special:Redirect/file/Rafina%20-%20panoramio%20-%20Jan%20M.jpg&width=800,candidate-report-verified,twenty-fifth-pass,Commons geotag is 110m from Plaz Rafinas and title identifies Rafina; visual QA shows the organized beach.
48,Kakia Thalassa,East Attica,Kakia Thalassa Keratea.jpg,CC BY-SA 3.0,Gepsimos,https://commons.wikimedia.org/wiki/File%3AKakia%20Thalassa%20Keratea.jpg,https://commons.wikimedia.org/w/index.php?title=Special:Redirect/file/Kakia%20Thalassa%20Keratea.jpg&width=800,candidate-report-verified,seventh-pass,"Exact Commons title identifies Kakia Thalassa at Keratea; visual QA shows the beach/cove, not a generic nearby landmark."
71,Pounta Zeza,East Attica,LavrioPountaZeza.jpg,Attribution,The original uploader was Apanag at Greek Wikipedia.,https://commons.wikimedia.org/wiki/File%3ALavrioPountaZeza.jpg,https://commons.wikimedia.org/w/index.php?title=Special:Redirect/file/LavrioPountaZeza.jpg&width=800,candidate-report-verified,sixteenth-pass,Commons description identifies Pounta Zeza beach in Laurium; visual QA shows the cove/beach.
81,Agia Marina,Aegina,Παραλία Αγίας Μαρίνας Αιγίνης,by-sa 4.0,Dimorsitanos,https://commons.wikimedia.org/w/index.php?curid=3720006,https://upload.wikimedia.org/wikipedia/commons/1/1b/%CE%A0%CE%B1%CF%81%CE%B1%CE%BB%CE%AF%CE%B1_%CE%91%CE%B3%CE%AF%CE%B1%CF%82_%CE%9C%CE%B1%CF%81%CE%AF%CE%BD%CE%B1%CF%82_%CE%91%CE%B9%CE%B3%CE%AF%CE%BD%CE%B7%CF%82.jpg,candidate-report-verified,sixth-pass,Exact Wikimedia/Openverse title identifies the sandy beach of Agia Marina at Aegina; visual QA shows the beach.
96,Dragonera,Agistri,20090517 Dragonera Angistri island Greece 1.jpg,CC BY-SA 3.0,Ggia,https://commons.wikimedia.org/wiki/File%3A20090517%20Dragonera%20Angistri%20island%20Greece%201.jpg,https://commons.wikimedia.org/w/index.php?title=Special:Redirect/file/20090517%20Dragonera%20Angistri%20island%20Greece%201.jpg&width=800,candidate-report-verified,sixth-pass,Exact Commons title identifies Dragonera on Angistri; Commons geotag is 30m from the beach record and visual QA shows the beach.
99,Skliri,Agistri,IMG Skliri Beach Agkistri.jpg,CC BY-SA 4.0,Pavlos1988,https://commons.wikimedia.org/wiki/File:IMG_Skliri_Beach_Agkistri.jpg,https://commons.wikimedia.org/w/index.php?title=Special:Redirect/file/IMG%20Skliri%20Beach%20Agkistri.jpg&width=800,commons-api,,"Exact Commons file title and page description identify Skliri Beach, Agkistri; visual QA tile shows the beach."
100,Chalikiada,Agistri,Chalikiada - Agkistri.jpg,CC BY-SA 4.0,Pavlos1988,https://commons.wikimedia.org/wiki/File%3AChalikiada%20-%20Agkistri.jpg,https://commons.wikimedia.org/w/index.php?title=Special:Redirect/file/Chalikiada%20-%20Agkistri.jpg&width=800,candidate-report-verified,fifteenth-pass,Commons Greek description identifies Chalikiada beach on Agkistri; visual QA shows the beach cove.
101,Agios Nikolaos,Hydra,"Aerial Nikolaos Beach Hydra, Greece (43058504740).jpg",CC BY 2.0,dronepicr,https://commons.wikimedia.org/wiki/File%3AAerial%20Nikolaos%20Beach%20Hydra%2C%20Greece%20(43058504740).jpg,https://commons.wikimedia.org/w/index.php?title=Special:Redirect/file/Aerial%20Nikolaos%20Beach%20Hydra%2C%20Greece%20(43058504740).jpg&width=800,candidate-report-verified,twenty-fifth-pass,Commons Beaches of Hydra category and exact Nikolaos Beach Hydra title identify Agios Nikolaos; visual QA shows the beach.
102,Avlaki,Hydra,Swimming On Hydra - panoramio.jpg,CC BY-SA 3.0,Neil Aitkenhead,https://commons.wikimedia.org/wiki/File%3ASwimming%20On%20Hydra%20-%20panoramio.jpg,https://commons.wikimedia.org/w/index.php?title=Special:Redirect/file/Swimming%20On%20Hydra%20-%20panoramio.jpg&width=800,candidate-report-verified,twenty-fifth-pass,Commons geotag is 40m from Avlaki Hydra; visual QA shows the rocky swimming beach/cove.
108,Plakes,Hydra,Plakes Beach Hydra (43058008620).jpg,CC BY 2.0,dronepicr,https://commons.wikimedia.org/wiki/File%3APlakes%20Beach%20Hydra%20(43058008620).jpg,https://commons.wikimedia.org/w/index.php?title=Special:Redirect/file/Plakes%20Beach%20Hydra%20(43058008620).jpg&width=800,candidate-report-verified,sixth-pass,Exact Commons title identifies Plakes Beach Hydra; Commons geotag is 55m from the beach record and visual QA shows the beach.
111,Kalami,Kythira,Kalami beach in Kythira.jpg,CC BY-SA 4.0,Alexey Komarov,https://commons.wikimedia.org/wiki/File%3AKalami%20beach%20in%20Kythira.jpg,https://commons.wikimedia.org/w/index.php?title=Special:Redirect/file/Kalami%20beach%20in%20Kythira.jpg&width=800,candidate-report-verified,tenth-pass,Exact Commons title identifies Kalami beach in Kythira; visual QA shows the beach cove.
144,Kapsali,Kythira,KYTHIRA Kapsali.jpg,CC BY-SA 4.0,Ioannis Fakis,https://commons.wikimedia.org/wiki/File%3AKYTHIRA%20Kapsali.jpg,https://commons.wikimedia.org/w/index.php?title=Special:Redirect/file/KYTHIRA%20Kapsali.jpg&width=800,candidate-report-verified,twenty-fourth-pass,Commons categories identify Kapsali (Kythira); visual QA shows the beach and Kapsali settlement.
149,Paralia Chalkos,Kythira,Beach - Chalkos - Kythira - Greece - 2018.09.01 17.35.05.518 001.JPG,CC BY-SA 4.0,Dionisio Calucci,https://commons.wikimedia.org/wiki/File%3ABeach%20-%20Chalkos%20-%20Kythira%20-%20Greece%20-%202018.09.01%2017.35.05.518%20001.JPG,https://commons.wikimedia.org/w/index.php?title=Special:Redirect/file/Beach%20-%20Chalkos%20-%20Kythira%20-%20Greece%20-%202018.09.01%2017.35.05.518%20001.JPG&width=800,candidate-report-verified,twenty-fourth-pass,Commons description/title identify Beach - Chalkos - Kythira; visual QA shows the beach.
156,Vagionia,Poros,Vagionia beach - View from Sanctuary of Poseidon Kalaureia.JPG,CC BY-SA 4.0,Schuppi,https://commons.wikimedia.org/wiki/File:Vagionia_beach_-_View_from_Sanctuary_of_Poseidon_Kalaureia.JPG,https://commons.wikimedia.org/w/index.php?title=Special:Redirect/file/Vagionia%20beach%20-%20View%20from%20Sanctuary%20of%20Poseidon%20Kalaureia.JPG&width=800,commons-api,,Exact Commons file title identifies Vagionia beach; visual QA shows the bay/beach.
168,Agii Anargyri,Spetses,"Agioi Anargyri Beach on Spetses island, Greece (48760371697).jpg",CC BY 2.0,dronepicr,https://commons.wikimedia.org/wiki/File%3AAgioi%20Anargyri%20Beach%20on%20Spetses%20island%2C%20Greece%20(48760371697).jpg,https://commons.wikimedia.org/w/index.php?title=Special:Redirect/file/Agioi%20Anargyri%20Beach%20on%20Spetses%20island%2C%20Greece%20(48760371697).jpg&width=800,candidate-report-verified,sixth-pass,Exact Commons title identifies Agioi Anargyri Beach on Spetses; Commons geotag is 75m from the beach record and visual QA shows the beach.
176,Mikri Zogeria,Spetses,"Top-down aerial of Zogeria Beach on Spetses, Greece (48759807103).jpg",CC BY 2.0,dronepicr,https://commons.wikimedia.org/wiki/File%3ATop-down%20aerial%20of%20Zogeria%20Beach%20on%20Spetses%2C%20Greece%20(48759807103).jpg,https://commons.wikimedia.org/w/index.php?title=Special:Redirect/file/Top-down%20aerial%20of%20Zogeria%20Beach%20on%20Spetses%2C%20Greece%20(48759807103).jpg&width=800,candidate-report-verified,sixth-pass,Commons title identifies Zogeria Beach on Spetses; Commons geotag is 45m from the Mikri Zogeria record and visual QA shows the cove/beach.
249,Limnionas Psachnon,Evia,XEN LIMNIONAS.jpg,CC BY-SA 4.0,Billy xen,https://commons.wikimedia.org/wiki/File%3AXEN%20LIMNIONAS.jpg,https://commons.wikimedia.org/w/index.php?title=Special:Redirect/file/XEN%20LIMNIONAS.jpg&width=800,candidate-report-verified,twenty-eighth-pass,"Commons Beaches of Dirfys-Messapia category and title identify Limnionas in central/north Evia; app record sources identify Limnionas Psachnon in this municipality, and visual QA shows the cove/shoreline."
292,Potami Karystou,Evia,Potami beach.jpeg,CC BY-SA 3.0,Aragoz,https://commons.wikimedia.org/wiki/File%3APotami%20beach.jpeg,https://commons.wikimedia.org/w/index.php?title=Special:Redirect/file/Potami%20beach.jpeg&width=800,candidate-report-verified,thirteenth-pass,Commons Greek description identifies Potami beach in southern Euboea; visual QA shows the beach.
357,Vivos,Fthiotida,Ο Βίβος.jpg,CC BY-SA 3.0,Ηλίας Κ. Καρέντζος,https://commons.wikimedia.org/wiki/File%3A%CE%9F%20%CE%92%CE%AF%CE%B2%CE%BF%CF%82.jpg,https://commons.wikimedia.org/w/index.php?title=Special:Redirect/file/%CE%9F%20%CE%92%CE%AF%CE%B2%CE%BF%CF%82.jpg&width=800,candidate-report-verified,twenty-fifth-pass,Commons category Proskynas is under Phthiotis Regional Unit; visual QA shows the Vivos shoreline/beach.
379,Agios Georgios,Ammouliani / Halkidiki,Ammouliani Agios Georgios,by-sa 2.0,dimsis,https://www.flickr.com/photos/62001345@N00/3696698003,https://live.staticflickr.com/3557/3696698003_021dbf57af_b.jpg,candidate-report-verified,second-pass,Openverse/Flickr CC photo title identifies Ammouliani Agios Georgios; visual QA shows the beach.
380,Agios Nikolaos,Halkidiki,Pirgos Beach Agios Nikolaos Chalkidiki 001.jpg,CC BY-SA 3.0,Christaras A,https://commons.wikimedia.org/wiki/File%3APirgos%20Beach%20Agios%20Nikolaos%20Chalkidiki%20001.jpg,https://commons.wikimedia.org/w/index.php?title=Special:Redirect/file/Pirgos%20Beach%20Agios%20Nikolaos%20Chalkidiki%20001.jpg&width=800,candidate-report-verified,twenty-seventh-pass,"Commons Beaches of Chalkidiki category and exact title identify Pirgos Beach at Agios Nikolaos, Chalkidiki; visual QA shows the beach."
393,Dimotiki Plaz 3,Ierissos / Halkidiki,Јерисос - panoramio.jpg,CC BY 3.0,Саша Шљукић,https://commons.wikimedia.org/wiki/File%3A%D0%88%D0%B5%D1%80%D0%B8%D1%81%D0%BE%D1%81%20-%20panoramio.jpg,https://commons.wikimedia.org/w/index.php?title=Special:Redirect/file/%D0%88%D0%B5%D1%80%D0%B8%D1%81%D0%BE%D1%81%20-%20panoramio.jpg&width=800,candidate-report-verified,second-pass,Commons geotag 120m at Ierissos municipal beach area; visual QA shows the shoreline.
425,Megali Ammos,Halkidiki,"Megali Ammos Beach, Ammouliani.jpg",CC BY-SA 4.0,DocWoKav,https://commons.wikimedia.org/wiki/File%3AMegali%20Ammos%20Beach%2C%20Ammouliani.jpg,https://commons.wikimedia.org/w/index.php?title=Special:Redirect/file/Megali%20Ammos%20Beach%2C%20Ammouliani.jpg&width=800,candidate-report-verified,fourteenth-pass,"Commons title and description identify Megali Ammos Beach, Ammouliani; visual QA shows the beach."
448,Tourkolimnionas,Halkidiki,"Tourkolimano Beach, Sykia, Chalkidiki, Greece.jpg",CC BY-SA 2.0,ale3andro,https://commons.wikimedia.org/wiki/File%3ATourkolimano%20Beach%2C%20Sykia%2C%20Chalkidiki%2C%20Greece.jpg,https://commons.wikimedia.org/w/index.php?title=Special:Redirect/file/Tourkolimano%20Beach%2C%20Sykia%2C%20Chalkidiki%2C%20Greece.jpg&width=800,candidate-report-verified,fourteenth-pass,"Commons description identifies Tourkolimano Beach, Sykia, Chalkidiki; matched to Tourkolimnionas and visual QA shows the beach."
454,Voulitsa,Halkidiki,102 voulitsa.JPG,Public domain,Chryspan at English Wikipedia,https://commons.wikimedia.org/wiki/File%3A102%20voulitsa.JPG,https://commons.wikimedia.org/w/index.php?title=Special:Redirect/file/102%20voulitsa.JPG&width=800,candidate-report-verified,fourteenth-pass,"Commons filename identifies Voulitsa and description places the beach at Nea Roda, Chalkidiki; visual QA shows the sandy beach."
467,Paralia Toronis,Halkidiki,La spiaggia - panoramio (10).jpg,CC BY 3.0,Itto Ogami,https://commons.wikimedia.org/wiki/File%3ALa%20spiaggia%20-%20panoramio%20(10).jpg,https://commons.wikimedia.org/w/index.php?title=Special:Redirect/file/La%20spiaggia%20-%20panoramio%20(10).jpg&width=800,candidate-report-verified,second-pass,Commons geotag 311m on Toroni beach strip; visual QA shows the Toroni shoreline.
479,Paralia Agiou Mama,Halkidiki,"Agios Mamas beach, May 2015.jpg",CC BY-SA 3.0,Aristolaos,https://commons.wikimedia.org/wiki/File%3AAgios%20Mamas%20beach%2C%20May%202015.jpg,https://commons.wikimedia.org/w/index.php?title=Special:Redirect/file/Agios%20Mamas%20beach%2C%20May%202015.jpg&width=800,candidate-report-verified,fourteenth-pass,Commons description identifies Agios Mamas beach in Chalkidiki; visual QA shows the beach skyline.
594,Chrysi Akti,Chania,Παραλία Χρυσή Ακτή Χανίων.jpg,CC BY-SA 4.0,Cretan2014,https://commons.wikimedia.org/wiki/File%3A%CE%A0%CE%B1%CF%81%CE%B1%CE%BB%CE%AF%CE%B1%20%CE%A7%CF%81%CF%85%CF%83%CE%AE%20%CE%91%CE%BA%CF%84%CE%AE%20%CE%A7%CE%B1%CE%BD%CE%AF%CF%89%CE%BD.jpg,https://commons.wikimedia.org/w/index.php?title=Special:Redirect/file/%CE%A0%CE%B1%CF%81%CE%B1%CE%BB%CE%AF%CE%B1%20%CE%A7%CF%81%CF%85%CF%83%CE%AE%20%CE%91%CE%BA%CF%84%CE%AE%20%CE%A7%CE%B1%CE%BD%CE%AF%CF%89%CE%BD.jpg&width=800,candidate-report-verified,fifteenth-pass,Commons filename/description identify Chrysi Akti beach west of Chania; visual QA shows the sandy beach.
664,Glykos Kolympos,Heraklion / Crete,DRT 0331 Γλυκός Κόλυμπος.jpg,CC BY-SA 4.0,Dretakis Manolis,https://commons.wikimedia.org/wiki/File%3ADRT%200331%20%CE%93%CE%BB%CF%85%CE%BA%CF%8C%CF%82%20%CE%9A%CF%8C%CE%BB%CF%85%CE%BC%CF%80%CE%BF%CF%82.jpg,https://commons.wikimedia.org/w/index.php?title=Special:Redirect/file/DRT%200331%20%CE%93%CE%BB%CF%85%CE%BA%CF%8C%CF%82%20%CE%9A%CF%8C%CE%BB%CF%85%CE%BC%CF%80%CE%BF%CF%82.jpg&width=800,candidate-report-verified,fifth-pass,Exact Greek Commons title Glykos Kolympos; visual QA shows the rocky cove and water.
670,Sarantari,Heraklion / Crete,Hersonisos-25.jpg,CC BY-SA 4.0,Stegop,https://commons.wikimedia.org/wiki/File%3AHersonisos-25.jpg,https://commons.wikimedia.org/w/index.php?title=Special:Redirect/file/Hersonisos-25.jpg&width=800,candidate-report-verified,fifth-pass,Commons page describes a beach north of Limenas Chersonisou with camera coordinates matching Sarantari; visual QA shows the beach.
677,Geropotamos,Rethymno / Crete,"Geropotamos, Greece - panoramio (5).jpg",CC BY 3.0,Daniel Șuteu,https://commons.wikimedia.org/wiki/File%3AGeropotamos%2C%20Greece%20-%20panoramio%20(5).jpg,https://commons.wikimedia.org/w/index.php?title=Special:Redirect/file/Geropotamos%2C%20Greece%20-%20panoramio%20(5).jpg&width=800,candidate-report-verified,fifth-pass,"Commons title Geropotamos, Greece and geotag 216m; visual QA shows the Geropotamos cove/shoreline."
713,Chochlakas,Rethymno / Crete,Παραλία Χοχλακάς.jpg,CC BY-SA 4.0,Eleni Roussou,https://commons.wikimedia.org/wiki/File%3A%CE%A0%CE%B1%CF%81%CE%B1%CE%BB%CE%AF%CE%B1%20%CE%A7%CE%BF%CF%87%CE%BB%CE%B1%CE%BA%CE%AC%CF%82.jpg,https://commons.wikimedia.org/w/index.php?title=Special:Redirect/file/%CE%A0%CE%B1%CF%81%CE%B1%CE%BB%CE%AF%CE%B1%20%CE%A7%CE%BF%CF%87%CE%BB%CE%B1%CE%BA%CE%AC%CF%82.jpg&width=800,candidate-report-verified,fifth-pass,Exact Greek Commons title Paralia Chochlakas; visual QA shows the beach.
714,Livadi beach,Rethymno / Crete,Plage à Bali en Crète.JPG,CC0,Benoît Prieur,https://commons.wikimedia.org/wiki/File%3APlage%20%C3%A0%20Bali%20en%20Cr%C3%A8te.JPG,https://commons.wikimedia.org/w/index.php?title=Special:Redirect/file/Plage%20%C3%A0%20Bali%20en%20Cr%C3%A8te.JPG&width=800,candidate-report-verified,fifth-pass,"Commons geotag 202m in Bali, Rethymno and title Plage ? Bali en Cr?te; visual QA shows the beach corresponding to the Livadi/Bali beach area."
786,Ammolofi,Kavala mainland,Ammolofoi Beach.jpg,CC BY-SA 4.0,Georgios K. Kleitsiotis,https://commons.wikimedia.org/wiki/File:Ammolofoi_Beach.jpg,https://commons.wikimedia.org/w/index.php?title=Special:Redirect/file/Ammolofoi%20Beach.jpg&width=800,commons-api,,Exact Commons file title identifies Ammolofoi Beach; visual QA shows beach dunes and shoreline.
815,Metallia,Thasos,Metalia Beach Thasos.jpg,CC BY-SA 4.0,DocWoKav,https://commons.wikimedia.org/wiki/File%3AMetalia%20Beach%20Thasos.jpg,https://commons.wikimedia.org/w/index.php?title=Special:Redirect/file/Metalia%20Beach%20Thasos.jpg&width=800,candidate-report-verified,twenty-sixth-pass,Commons category Metallia Beach is under Beaches of Thasos / Metallia Bay; visual QA shows the beach.
854,Skala Sotiros,Thasos,Olives trees at Scala Sotiros.jpg,CC BY-SA 4.0,DocWoKav,https://commons.wikimedia.org/wiki/File%3AOlives%20trees%20at%20Scala%20Sotiros.jpg,https://commons.wikimedia.org/w/index.php?title=Special:Redirect/file/Olives%20trees%20at%20Scala%20Sotiros.jpg&width=800,candidate-report-verified,twentieth-pass,"Commons description identifies Beach Scala Sotiros, Thasos; visual QA shows the shoreline/beach."
866,Alonaki Fanariou,Preveza,"Alonaki Beach, Preveza. Photo Harry Gouvas.jpg",CC BY-SA 4.0,Harrygouvas,https://commons.wikimedia.org/wiki/File%3AAlonaki%20Beach%2C%20Preveza.%20Photo%20Harry%20Gouvas.jpg,https://commons.wikimedia.org/w/index.php?title=Special:Redirect/file/Alonaki%20Beach%2C%20Preveza.%20Photo%20Harry%20Gouvas.jpg&width=800,candidate-report-verified,seventeenth-pass,"Commons filename/category identify Alonaki Beach, Preveza; visual QA shows the beach cove."
881,Paralia Mytika,Preveza,"Παραλία Φάρος, Μύτικας Πρέβεζας.jpg",CC BY-SA 4.0,Christina Kalamida,https://commons.wikimedia.org/wiki/File%3A%CE%A0%CE%B1%CF%81%CE%B1%CE%BB%CE%AF%CE%B1%20%CE%A6%CE%AC%CF%81%CE%BF%CF%82%2C%20%CE%9C%CF%8D%CF%84%CE%B9%CE%BA%CE%B1%CF%82%20%CE%A0%CF%81%CE%AD%CE%B2%CE%B5%CE%B6%CE%B1%CF%82.jpg,https://commons.wikimedia.org/w/index.php?title=Special:Redirect/file/%CE%A0%CE%B1%CF%81%CE%B1%CE%BB%CE%AF%CE%B1%20%CE%A6%CE%AC%CF%81%CE%BF%CF%82%2C%20%CE%9C%CF%8D%CF%84%CE%B9%CE%BA%CE%B1%CF%82%20%CE%A0%CF%81%CE%AD%CE%B2%CE%B5%CE%B6%CE%B1%CF%82.jpg&width=800,candidate-report-verified,twenty-fifth-pass,"Commons Beaches of Preveza category and exact Greek title identify Faros beach at Mytikas, Preveza; visual QA shows the beach."
937,Galiskari Beach,Corfu,"Gialiskari Bay and Beach in Corfu, Greece (53698023643).jpg",CC BY 2.0,dronepicr,https://commons.wikimedia.org/wiki/File%3AGialiskari%20Bay%20and%20Beach%20in%20Corfu%2C%20Greece%20(53698023643).jpg,https://commons.wikimedia.org/w/index.php?title=Special:Redirect/file/Gialiskari%20Bay%20and%20Beach%20in%20Corfu%2C%20Greece%20(53698023643).jpg&width=800,candidate-report-verified,thirteenth-pass,Exact Commons title identifies Gialiskari/Galiskari Bay and Beach in Corfu; visual QA shows the beach.
947,Marathias beach,Corfu,Marathias Strand.JPG,CC BY-SA 3.0,Hombre,https://commons.wikimedia.org/wiki/File%3AMarathias%20Strand.JPG,https://commons.wikimedia.org/w/index.php?title=Special:Redirect/file/Marathias%20Strand.JPG&width=800,candidate-report-verified,thirteenth-pass,Commons category and title identify Marathias beach in Corfu; visual QA shows the sandy beach.
948,Moraitika Beach,Corfu,Beachlife Moraitika.JPG,CC BY-SA 3.0,Hombre,https://commons.wikimedia.org/wiki/File%3ABeachlife%20Moraitika.JPG,https://commons.wikimedia.org/w/index.php?title=Special:Redirect/file/Beachlife%20Moraitika.JPG&width=800,candidate-report-verified,thirteenth-pass,Commons description identifies Moraitika Beach beach life; visual QA shows the beach.
954,Agios Stefanos,Corfu,"Agios Stefanos, Korfu.jpg",CC BY 2.5,Ondřej Žváček,https://commons.wikimedia.org/wiki/File%3AAgios%20Stefanos%2C%20Korfu.jpg,https://commons.wikimedia.org/w/index.php?title=Special:Redirect/file/Agios%20Stefanos%2C%20Korfu.jpg&width=800,candidate-report-verified,eighteenth-pass,Commons description/categories identify Agios Stefanos on northwest Corfu and Beaches of Corfu; visual QA shows the beach.
979,Paralia Agios Gordis,Corfu,Corfu Agios Gordis R01.jpg,CC BY 3.0,Marc Ryckaert (MJJR),https://commons.wikimedia.org/wiki/File%3ACorfu%20Agios%20Gordis%20R01.jpg,https://commons.wikimedia.org/w/index.php?title=Special:Redirect/file/Corfu%20Agios%20Gordis%20R01.jpg&width=800,candidate-report-verified,twenty-first-pass,Commons description/categories identify Agios Gordis/Gordios on Corfu; visual QA shows the beach and settlement.
982,Paralia Ermones,Corfu,Hotel strand ermones corfu - 9.jpg,CC0,Z thomas,https://commons.wikimedia.org/wiki/File%3AHotel%20strand%20ermones%20corfu%20-%209.jpg,https://commons.wikimedia.org/w/index.php?title=Special:Redirect/file/Hotel%20strand%20ermones%20corfu%20-%209.jpg&width=800,candidate-report-verified,second-pass,Commons geotag 39m and title Ermones Corfu beach/strand; visual QA shows Ermones bay beach.
987,Paralia Gardeno,Corfu,Gardeno Sandstrand.jpg,CC BY-SA 4.0,Allesineinem,https://commons.wikimedia.org/wiki/File%3AGardeno%20Sandstrand.jpg,https://commons.wikimedia.org/w/index.php?title=Special:Redirect/file/Gardeno%20Sandstrand.jpg&width=800,candidate-report-verified,thirteenth-pass,"Commons description identifies Gardenos/Gardeno sand beach near Lefkimmi, Corfu; visual QA shows the beach."
990,Paralia Kanoulas,Corfu,1 1 kanoula beach july 2025 u z (1).jpg,CC0,GinoOnassis,https://commons.wikimedia.org/wiki/File%3A1%201%20kanoula%20beach%20july%202025%20u%20z%20(1).jpg,https://commons.wikimedia.org/w/index.php?title=Special:Redirect/file/1%201%20kanoula%20beach%20july%202025%20u%20z%20(1).jpg&width=800,candidate-report-verified,twenty-sixth-pass,Commons category Kanoula Beach is under Lefkimmi (Corfu); visual QA shows the beach.
996,Paralia Longas,Corfu,Corfu September 2009 - Logas Beach - panoramio - maczopikczu (2).jpg,CC BY 3.0,maczopikczu,https://commons.wikimedia.org/wiki/File%3ACorfu%20September%202009%20-%20Logas%20Beach%20-%20panoramio%20-%20maczopikczu%20(2).jpg,https://commons.wikimedia.org/w/index.php?title=Special:Redirect/file/Corfu%20September%202009%20-%20Logas%20Beach%20-%20panoramio%20-%20maczopikczu%20(2).jpg&width=800,candidate-report-verified,second-pass,Commons geotag 30m and title Logas Beach; visual QA shows the Longas/Logas cliff beach.
1003,Paralia Stelari,Corfu,1 stelari beach on july 2025.jpg,CC0,GinoOnassis,https://commons.wikimedia.org/wiki/File%3A1%20stelari%20beach%20on%20july%202025.jpg,https://commons.wikimedia.org/w/index.php?title=Special:Redirect/file/1%20stelari%20beach%20on%20july%202025.jpg&width=800,candidate-report-verified,twenty-sixth-pass,Commons category Stelari beach is under Beaches of Corfu / Palaiokastritsa; visual QA shows the beach.
1007,Paralia Gyali,Corfu,Giali Beach (167655355).jpeg,CC BY 3.0,Romanos Kalamatianos,https://commons.wikimedia.org/wiki/File%3AGiali%20Beach%20(167655355).jpeg,https://commons.wikimedia.org/w/index.php?title=Special:Redirect/file/Giali%20Beach%20(167655355).jpeg&width=800,candidate-report-verified,thirteenth-pass,Commons description identifies Giali Beach on the western shore of Corfu; visual QA shows the beach/cove.
1117,Paralia Agia Ierousalim,Kefalonia,Aghia Jerusalem Fae390.jpg,CC BY-SA 3.0,Fæ,https://commons.wikimedia.org/wiki/File%3AAghia%20Jerusalem%20Fae390.jpg,https://commons.wikimedia.org/w/index.php?title=Special:Redirect/file/Aghia%20Jerusalem%20Fae390.jpg&width=800,candidate-report-verified,third-pass,Commons geotag 62m and Aghia Jerusalem filename match the beach; visual QA shows the shoreline and swimmers.
1146,Agios Ioannis,Lefkada,Lefkada agios ioannis.jpg,Public domain,magrolino[1],https://commons.wikimedia.org/wiki/File%3ALefkada%20agios%20ioannis.jpg,https://commons.wikimedia.org/w/index.php?title=Special:Redirect/file/Lefkada%20agios%20ioannis.jpg&width=800,candidate-report-verified,twenty-second-pass,Commons description/categories identify Agios Ioannis Beach in Lefkada; visual QA shows the beach/coastline.
1161,Kastro,Lefkada,Kastro: beach,by 2.0,markhillary,https://www.flickr.com/photos/56087830@N00/4162987358,https://live.staticflickr.com/2669/4162987358_a7bf26e2de_b.jpg,candidate-report-verified,fourth-pass,Openverse/Flickr title Kastro: beach identifies the target beach area; visual QA shows the Kastro shoreline.
1163,Kaminia,Lefkada,Kaminia beach.JPG,CC BY-SA 4.0,Tony Esopi,https://commons.wikimedia.org/wiki/File%3AKaminia%20beach.JPG,https://commons.wikimedia.org/w/index.php?title=Special:Redirect/file/Kaminia%20beach.JPG&width=800,candidate-report-verified,fourth-pass,Exact Commons title Kaminia beach; visual QA shows the pebbly shoreline and water.
1183,Alykanas,Zakynthos,<div class='fn'> Alykanas Beach Zakynthos</div>,by 3.0,Viktória Nižninská,https://commons.wikimedia.org/w/index.php?curid=71347683,https://upload.wikimedia.org/wikipedia/commons/8/8c/Alykanas_Beach_Zakynthos_%28233823075%29.jpeg,candidate-report-verified,fourth-pass,Exact Openverse/Wikimedia title identifies Alykanas Beach Zakynthos; accepted on source metadata after direct image probe was temporarily rate-limited.
1204,Levki Paralia,Zakynthos,"Unnamed Road, Zakinthos 290 91, Greece - panoramio (9).jpg",CC BY-SA 3.0,Andreas Alexandris,https://commons.wikimedia.org/wiki/File%3AUnnamed%20Road%2C%20Zakinthos%20290%2091%2C%20Greece%20-%20panoramio%20(9).jpg,https://commons.wikimedia.org/w/index.php?title=Special:Redirect/file/Unnamed%20Road%2C%20Zakinthos%20290%2091%2C%20Greece%20-%20panoramio%20(9).jpg&width=800,candidate-report-verified,fourth-pass,Commons geotag 19m at the beach coordinate; visual QA shows the white cliff beach and turquoise water.
1205,Makrys Gialos,Zakynthos,"Unnamed Road, Zakinthos 290 91, Greece - panoramio (6).jpg",CC BY 3.0,Andris Malygin,https://commons.wikimedia.org/wiki/File%3AUnnamed%20Road%2C%20Zakinthos%20290%2091%2C%20Greece%20-%20panoramio%20(6).jpg,https://commons.wikimedia.org/w/index.php?title=Special:Redirect/file/Unnamed%20Road%2C%20Zakinthos%20290%2091%2C%20Greece%20-%20panoramio%20(6).jpg&width=800,candidate-report-verified,fourth-pass,Commons geotag 28m at Makrys Gialos; visual QA shows the beach and shoreline.
1261,Komi,Chios,Komi beach.jpg,CC BY-SA 3.0,Ailinaleixo,https://commons.wikimedia.org/wiki/File%3AKomi%20beach.jpg,https://commons.wikimedia.org/w/index.php?title=Special:Redirect/file/Komi%20beach.jpg&width=800,candidate-report-verified,fifteenth-pass,Exact Commons title identifies Komi beach; Commons category places it under beaches of Chios and visual QA shows the beach.
1293,Aris Potamos,Ikaria,Sunset at Aris Potamos' Beach.jpg,CC BY-SA 4.0,ΖῷονΠολιτικόν,https://commons.wikimedia.org/wiki/File%3ASunset%20at%20Aris%20Potamos'%20Beach.jpg,https://commons.wikimedia.org/w/index.php?title=Special:Redirect/file/Sunset%20at%20Aris%20Potamos'%20Beach.jpg&width=800,candidate-report-verified,second-pass,Exact Commons title identifies Aris Potamos beach; visual QA shows beach shoreline.
1297,Kampos,Ikaria,Kampos Beach Ikaria Island,by 2.0,vasilikitheodoridou,https://www.flickr.com/photos/142059800@N03/28472355085,https://live.staticflickr.com/8865/28472355085_9778b1bd1e_b.jpg,candidate-report-verified,sixth-pass,Openverse/Flickr title identifies Kampos Beach on Ikaria Island; visual QA shows the beach shoreline.
1313,Kasidi,Fournoi,Η παραλία Κασίδι (το μεγάλο Κασίδι) με τα αρμυρίκια του.jpg,CC BY-SA 4.0,PLAKLE,https://commons.wikimedia.org/wiki/File%3A%CE%97%20%CF%80%CE%B1%CF%81%CE%B1%CE%BB%CE%AF%CE%B1%20%CE%9A%CE%B1%CF%83%CE%AF%CE%B4%CE%B9%20(%CF%84%CE%BF%20%CE%BC%CE%B5%CE%B3%CE%AC%CE%BB%CE%BF%20%CE%9A%CE%B1%CF%83%CE%AF%CE%B4%CE%B9)%20%CE%BC%CE%B5%20%CF%84%CE%B1%20%CE%B1%CF%81%CE%BC%CF%85%CF%81%CE%AF%CE%BA%CE%B9%CE%B1%20%CF%84%CE%BF%CF%85.jpg,https://commons.wikimedia.org/w/index.php?title=Special:Redirect/file/%CE%97%20%CF%80%CE%B1%CF%81%CE%B1%CE%BB%CE%AF%CE%B1%20%CE%9A%CE%B1%CF%83%CE%AF%CE%B4%CE%B9%20(%CF%84%CE%BF%20%CE%BC%CE%B5%CE%B3%CE%AC%CE%BB%CE%BF%20%CE%9A%CE%B1%CF%83%CE%AF%CE%B4%CE%B9)%20%CE%BC%CE%B5%20%CF%84%CE%B1%20%CE%B1%CF%81%CE%BC%CF%85%CF%81%CE%AF%CE%BA%CE%B9%CE%B1%20%CF%84%CE%BF%CF%85.jpg&width=800,candidate-report-verified,second-pass,Exact Greek Commons title for Kasidi beach; visual QA shows the beach and bay.
1322,Agios Isidoros,Lesvos,Agios Issidoros - 2004-07-26 - 11.JPG,Public domain,CoStef at English Wikipedia,https://commons.wikimedia.org/wiki/File%3AAgios%20Issidoros%20-%202004-07-26%20-%2011.JPG,https://commons.wikimedia.org/w/index.php?title=Special:Redirect/file/Agios%20Issidoros%20-%202004-07-26%20-%2011.JPG&width=800,candidate-report-verified,thirteenth-pass,Commons description identifies an aerial photo of Agios Isidoros beach in Lesbos; visual QA shows the beach.
1376,Charamida,Lesvos,Charamida beach,by 2.0,kouk,https://www.flickr.com/photos/86261473@N00/3819432321,https://live.staticflickr.com/2583/3819432321_4a97f3c9f0_b.jpg,candidate-report-verified,second-pass,Openverse/Flickr CC photo titled Charamida beach; visual QA shows the actual shoreline.
1386,Pappa,north-aegean-samos,PappaBeach.JPG,CC BY 3.0,Kramer96,https://commons.wikimedia.org/wiki/File%3APappaBeach.JPG,https://commons.wikimedia.org/w/index.php?title=Special:Redirect/file/PappaBeach.JPG&width=800,candidate-report-verified,tenth-pass,Commons metadata places PappaBeach.JPG in Beaches of Samos and describes Pappa Beach in Ireo; visual QA shows the beach.
1397,Gangou,Samos,Samos - panoramio.jpg,CC BY 3.0,Raki_Man,https://commons.wikimedia.org/wiki/File:Samos_-_panoramio.jpg,https://commons.wikimedia.org/w/index.php?title=Special:Redirect/file/Samos%20-%20panoramio.jpg&width=800,commons-api,,Geotagged Commons photo within 19m of the beach; visual QA shows a real beach scene.
1407,Mikro Sitani,Samos,View from Mikro Seitani Beach in Samos - 2.jpg,CC BY-SA 4.0,Samos@Wikipedia Project,https://commons.wikimedia.org/wiki/File%3AView%20from%20Mikro%20Seitani%20Beach%20in%20Samos%20-%202.jpg,https://commons.wikimedia.org/w/index.php?title=Special:Redirect/file/View%20from%20Mikro%20Seitani%20Beach%20in%20Samos%20-%202.jpg&width=800,candidate-report-verified,sixth-pass,Exact Commons title identifies Mikro Seitani Beach in Samos; Commons geotag is 31m from the beach record and visual QA shows the beach.
1433,Gomati,Lemnos,Παραλία Γομάτι.jpg,Attribution,"Kornoslimnos 09:59, 18 Απριλίου 2009 (UTC).

Original uploader was Kornoslimnos at el.wikipedia",https://commons.wikimedia.org/wiki/File%3A%CE%A0%CE%B1%CF%81%CE%B1%CE%BB%CE%AF%CE%B1%20%CE%93%CE%BF%CE%BC%CE%AC%CF%84%CE%B9.jpg,https://commons.wikimedia.org/w/index.php?title=Special:Redirect/file/%CE%A0%CE%B1%CF%81%CE%B1%CE%BB%CE%AF%CE%B1%20%CE%93%CE%BF%CE%BC%CE%AC%CF%84%CE%B9.jpg&width=800,candidate-report-verified,nineteenth-pass,Commons description identifies Gomati beach in Lemnos and visual QA shows the beach/shore.
1441,Parthenomythos,Lemnos,Parthenomitos beach.jpg,Attribution,TB5050,https://commons.wikimedia.org/wiki/File%3AParthenomitos%20beach.jpg,https://commons.wikimedia.org/w/index.php?title=Special:Redirect/file/Parthenomitos%20beach.jpg&width=800,candidate-report-verified,fourteenth-pass,"Commons Greek description identifies Parthenomitos beach at Agia Sofia, Lemnos; matched to Parthenomythos and visual QA shows the beach."
1446,Agios Ioannis,Lemnos,Limnos Agios Giannis 01.JPG,CC BY 3.0,Alessandro Arzilli,https://commons.wikimedia.org/wiki/File%3ALimnos%20Agios%20Giannis%2001.JPG,https://commons.wikimedia.org/w/index.php?title=Special:Redirect/file/Limnos%20Agios%20Giannis%2001.JPG&width=800,candidate-report-verified,nineteenth-pass,Commons description/categories identify Limnos Agios Giannis under Beaches of Lemnos; visual QA shows the beach.
1470,Chavouli,Lemnos,"Havouli beach in Lemnos island, Greece.jpg",Public domain,anthoula24,https://commons.wikimedia.org/wiki/File%3AHavouli%20beach%20in%20Lemnos%20island%2C%20Greece.jpg,https://commons.wikimedia.org/w/index.php?title=Special:Redirect/file/Havouli%20beach%20in%20Lemnos%20island%2C%20Greece.jpg&width=800,candidate-report-verified,fourteenth-pass,Commons title and description identify Havouli/Chavouli beach in Lemnos; visual QA shows the beach.
1478,Lepitsa,Argolida,Kranidi2.jpg,CC BY-SA 3.0,Alexander Gkionis,https://commons.wikimedia.org/wiki/File%3AKranidi2.jpg,https://commons.wikimedia.org/w/index.php?title=Special:Redirect/file/Kranidi2.jpg&width=800,candidate-report-verified,seventeenth-pass,Commons category and description identify Lepitsa Beach; visual QA shows the beach water/shore.
1494,Plaka Drepanou,Argolida,Παραλία Δρέπανου - Drepano Beach 1.jpg,CC BY-SA 4.0,Argymeg,https://commons.wikimedia.org/wiki/File%3A%CE%A0%CE%B1%CF%81%CE%B1%CE%BB%CE%AF%CE%B1%20%CE%94%CF%81%CE%AD%CF%80%CE%B1%CE%BD%CE%BF%CF%85%20-%20Drepano%20Beach%201.jpg,https://commons.wikimedia.org/w/index.php?title=Special:Redirect/file/%CE%A0%CE%B1%CF%81%CE%B1%CE%BB%CE%AF%CE%B1%20%CE%94%CF%81%CE%AD%CF%80%CE%B1%CE%BD%CE%BF%CF%85%20-%20Drepano%20Beach%201.jpg&width=800,candidate-report-verified,twenty-fifth-pass,Commons category Drepano Beach and exact title identify Drepano beach; visual QA shows the shoreline used for Plaka Drepanou.
1502,Chinitsa,Argolida,"Private beach of AKS Hinitsa Bay Resort in Porto Heli, Greece (48760337702).jpg",CC BY 2.0,dronepicr,https://commons.wikimedia.org/wiki/File%3APrivate%20beach%20of%20AKS%20Hinitsa%20Bay%20Resort%20in%20Porto%20Heli%2C%20Greece%20(48760337702).jpg,https://commons.wikimedia.org/w/index.php?title=Special:Redirect/file/Private%20beach%20of%20AKS%20Hinitsa%20Bay%20Resort%20in%20Porto%20Heli%2C%20Greece%20(48760337702).jpg&width=800,candidate-report-verified,twelfth-pass,Commons title identifies the private beach at AKS Hinitsa/Chinitsa Bay in Porto Heli; geotag is close to the beach record and visual QA shows the beach.
1588,Paralia Trinisa,Lakonia,"Gytheio – A small beach next to Trinisa, view from the sea.JPG",CC BY-SA 4.0,Zigomitros Athanasios,https://commons.wikimedia.org/wiki/File%3AGytheio%20%E2%80%93%20A%20small%20beach%20next%20to%20Trinisa%2C%20view%20from%20the%20sea.JPG,https://commons.wikimedia.org/w/index.php?title=Special:Redirect/file/Gytheio%20%E2%80%93%20A%20small%20beach%20next%20to%20Trinisa%2C%20view%20from%20the%20sea.JPG&width=800,candidate-report-verified,twenty-second-pass,Commons description/categories identify a small beach next to Trinisa in Gytheio/Anatoliki Mani; visual QA shows the beach from the sea.
1667,Finikies,south-aegean-amorgos,"Finikies Bay in Amorgos, 180322.jpg",CC BY-SA 4.0,Zde,https://commons.wikimedia.org/wiki/File%3AFinikies%20Bay%20in%20Amorgos%2C%20180322.jpg,https://commons.wikimedia.org/w/index.php?title=Special:Redirect/file/Finikies%20Bay%20in%20Amorgos%2C%20180322.jpg&width=800,candidate-report-verified,tenth-pass,Commons metadata places the file in Beaches of Amorgos / Finikies Bay in Amorgos; visual QA shows the bay/beach.
1699,Zorkos,Andros,Zorgos Beach1.jpg,CC BY-SA 2.0,giacomo.gasperini,https://commons.wikimedia.org/wiki/File%3AZorgos%20Beach1.jpg,https://commons.wikimedia.org/w/index.php?title=Special:Redirect/file/Zorgos%20Beach1.jpg&width=800,candidate-report-verified,twenty-sixth-pass,Commons category Zorgos contains multiple Zorgos Beach files; visual QA shows the beach on Andros.
1739,Agios Georgios,Folegandros,Cyclades Folegandros Agios Georghios Plage - panoramio.jpg,CC BY-SA 3.0,rene boulay,https://commons.wikimedia.org/wiki/File%3ACyclades%20Folegandros%20Agios%20Georghios%20Plage%20-%20panoramio.jpg,https://commons.wikimedia.org/w/index.php?title=Special:Redirect/file/Cyclades%20Folegandros%20Agios%20Georghios%20Plage%20-%20panoramio.jpg&width=800,candidate-report-verified,sixth-pass,Exact Commons title identifies Agios Georgios Plage on Folegandros; Commons geotag is 27m from the beach record and visual QA shows the beach.
1772,Klima,Ios,"Clima, Ios.JPG",Public domain,Rodoyla at Greek Wikipedia,https://commons.wikimedia.org/wiki/File%3AClima%2C%20Ios.JPG,https://commons.wikimedia.org/w/index.php?title=Special:Redirect/file/Clima%2C%20Ios.JPG&width=800,candidate-report-verified,fourteenth-pass,Commons description identifies Clima/Klima beach in Ios; visual QA shows the beach.
1773,Kolitsani,Ios,"Kolitsani, Ios.JPG",Attribution,Thettalos at Greek Wikipedia,https://commons.wikimedia.org/wiki/File%3AKolitsani%2C%20Ios.JPG,https://commons.wikimedia.org/w/index.php?title=Special:Redirect/file/Kolitsani%2C%20Ios.JPG&width=800,candidate-report-verified,fourteenth-pass,"Commons description identifies Kolitsani, Ios; visual QA shows the beach."
1808,Gialiskari,Kea,Κέα-Γυαλισκάρι.jpg,Public domain,dramoumar,https://commons.wikimedia.org/wiki/File%3A%CE%9A%CE%AD%CE%B1-%CE%93%CF%85%CE%B1%CE%BB%CE%B9%CF%83%CE%BA%CE%AC%CF%81%CE%B9.jpg,https://commons.wikimedia.org/w/index.php?title=Special:Redirect/file/%CE%9A%CE%AD%CE%B1-%CE%93%CF%85%CE%B1%CE%BB%CE%B9%CF%83%CE%BA%CE%AC%CF%81%CE%B9.jpg&width=800,candidate-report-verified,seventeenth-pass,Commons description identifies Kea/Gialiskari beach; visual QA shows the beach.
1825,Otzias,Kea,"Otzias, Kea airview.JPG",CC BY-SA 3.0,C messier,"https://commons.wikimedia.org/wiki/File:Otzias,_Kea_airview.JPG",https://commons.wikimedia.org/w/index.php?title=Special:Redirect/file/Otzias%2C%20Kea%20airview.JPG&width=800,commons-api,,"Exact Commons file title identifies Otzias, Kea; visual QA shows the bay/beach."
1863,Agia Irini,Kythnos,Agia Eirini Kythnos 2018.jpg,CC BY-SA 4.0,FocalPoint,https://commons.wikimedia.org/wiki/File%3AAgia%20Eirini%20Kythnos%202018.jpg,https://commons.wikimedia.org/w/index.php?title=Special:Redirect/file/Agia%20Eirini%20Kythnos%202018.jpg&width=800,candidate-report-verified,fourteenth-pass,Exact Commons title identifies Agia Eirini on Kythnos. Commons metadata/description and visual QA confirm the specific beach.
1873,Zogkaki,Kythnos,Ζογκάκι.jpg,CC BY-SA 4.0,DNK GR,https://commons.wikimedia.org/wiki/File%3A%CE%96%CE%BF%CE%B3%CE%BA%CE%AC%CE%BA%CE%B9.jpg,https://commons.wikimedia.org/w/index.php?title=Special:Redirect/file/%CE%96%CE%BF%CE%B3%CE%BA%CE%AC%CE%BA%CE%B9.jpg&width=800,candidate-report-verified,fourteenth-pass,Exact Greek Commons filename identifies Zogkaki beach on Kythnos. Commons metadata/description and visual QA confirm the specific beach.
1881,Levkes,Kythnos,Λεύκες 1.jpg,CC BY-SA 4.0,DNK GR,https://commons.wikimedia.org/wiki/File%3A%CE%9B%CE%B5%CF%8D%CE%BA%CE%B5%CF%82%201.jpg,https://commons.wikimedia.org/w/index.php?title=Special:Redirect/file/%CE%9B%CE%B5%CF%8D%CE%BA%CE%B5%CF%82%201.jpg&width=800,candidate-report-verified,fourteenth-pass,Exact Greek Commons filename identifies Levkes beach. Commons metadata/description and visual QA confirm the specific beach.
1892,Si Mou Si,Kythnos,Παραλία Σιμουσί Κύθνος.jpg,CC BY-SA 4.0,OikEnvGR,https://commons.wikimedia.org/wiki/File%3A%CE%A0%CE%B1%CF%81%CE%B1%CE%BB%CE%AF%CE%B1%20%CE%A3%CE%B9%CE%BC%CE%BF%CF%85%CF%83%CE%AF%20%CE%9A%CF%8D%CE%B8%CE%BD%CE%BF%CF%82.jpg,https://commons.wikimedia.org/w/index.php?title=Special:Redirect/file/%CE%A0%CE%B1%CF%81%CE%B1%CE%BB%CE%AF%CE%B1%20%CE%A3%CE%B9%CE%BC%CE%BF%CF%85%CF%83%CE%AF%20%CE%9A%CF%8D%CE%B8%CE%BD%CE%BF%CF%82.jpg&width=800,candidate-report-verified,fourteenth-pass,Exact Greek Commons filename identifies Simousi beach on Kythnos. Commons metadata/description and visual QA confirm the specific beach.
1894,Sklavos,Kythnos,Παραλία Σκλαβου από το Καστρο Ωριάς.jpg,CC BY-SA 4.0,DNK GR,https://commons.wikimedia.org/wiki/File%3A%CE%A0%CE%B1%CF%81%CE%B1%CE%BB%CE%AF%CE%B1%20%CE%A3%CE%BA%CE%BB%CE%B1%CE%B2%CE%BF%CF%85%20%CE%B1%CF%80%CF%8C%20%CF%84%CE%BF%20%CE%9A%CE%B1%CF%83%CF%84%CF%81%CE%BF%20%CE%A9%CF%81%CE%B9%CE%AC%CF%82.jpg,https://commons.wikimedia.org/w/index.php?title=Special:Redirect/file/%CE%A0%CE%B1%CF%81%CE%B1%CE%BB%CE%AF%CE%B1%20%CE%A3%CE%BA%CE%BB%CE%B1%CE%B2%CE%BF%CF%85%20%CE%B1%CF%80%CF%8C%20%CF%84%CE%BF%20%CE%9A%CE%B1%CF%83%CF%84%CF%81%CE%BF%20%CE%A9%CF%81%CE%B9%CE%AC%CF%82.jpg&width=800,candidate-report-verified,fourteenth-pass,Exact Greek Commons filename identifies Sklavos beach from Kastro Orias. Commons metadata/description and visual QA confirm the specific beach.
1895,Skylou,Kythnos,Παραλία Σκύλου Κύθνος.jpg,CC BY-SA 4.0,OikEnvGR,https://commons.wikimedia.org/wiki/File:%CE%A0%CE%B1%CF%81%CE%B1%CE%BB%CE%AF%CE%B1_%CE%A3%CE%BA%CF%8D%CE%BB%CE%BF%CF%85_%CE%9A%CF%8D%CE%B8%CE%BD%CE%BF%CF%82.jpg,https://commons.wikimedia.org/w/index.php?title=Special:Redirect/file/%CE%A0%CE%B1%CF%81%CE%B1%CE%BB%CE%AF%CE%B1%20%CE%A3%CE%BA%CF%8D%CE%BB%CE%BF%CF%85%20%CE%9A%CF%8D%CE%B8%CE%BD%CE%BF%CF%82.jpg&width=800,commons-api,,"Exact Greek Commons file title identifies Skylou beach, Kythnos; visual QA shows the beach."
1932,Pollonia,Milos,"Pollonia, Milos, 152933q.jpg",CC BY-SA 4.0,Zde,https://commons.wikimedia.org/wiki/File%3APollonia%2C%20Milos%2C%20152933q.jpg,https://commons.wikimedia.org/w/index.php?title=Special:Redirect/file/Pollonia%2C%20Milos%2C%20152933q.jpg&width=800,candidate-report-verified,fifteenth-pass,Commons categories identify Pollonia under Beaches of Milos and visual QA shows the beach/shore.
1939,Agia Anna,Mykonos,Mykonos Agia Anna 01.jpg,CC BY 3.0,Olaf Tausch,https://commons.wikimedia.org/wiki/File%3AMykonos%20Agia%20Anna%2001.jpg,https://commons.wikimedia.org/w/index.php?title=Special:Redirect/file/Mykonos%20Agia%20Anna%2001.jpg&width=800,candidate-report-verified,twenty-sixth-pass,Commons category Agia Anna (Mykonos) and exact file title identify Agia Anna on Mykonos; visual QA shows the bay/beach.
1994,Grotta,Naxos,Naxos Νάξος 2020-08-20 02 Chora Grotta and Vintzi beaches.jpg,CC BY-SA 4.0,Manfred Werner (Tsui),https://commons.wikimedia.org/wiki/File%3ANaxos%20%CE%9D%CE%AC%CE%BE%CE%BF%CF%82%202020-08-20%2002%20Chora%20Grotta%20and%20Vintzi%20beaches.jpg,https://commons.wikimedia.org/w/index.php?title=Special:Redirect/file/Naxos%20%CE%9D%CE%AC%CE%BE%CE%BF%CF%82%202020-08-20%2002%20Chora%20Grotta%20and%20Vintzi%20beaches.jpg&width=800,candidate-report-verified,twenty-third-pass,Commons description/categories explicitly identify Grotta Beach in Chora of Naxos; visual QA shows the coastline/beach area.
2093,Sykamia,Serifos,Συκαμιά Σερίφου 1923.jpg,CC BY-SA 4.0,C messier,https://commons.wikimedia.org/wiki/File%3A%CE%A3%CF%85%CE%BA%CE%B1%CE%BC%CE%B9%CE%AC%20%CE%A3%CE%B5%CF%81%CE%AF%CF%86%CE%BF%CF%85%201923.jpg,https://commons.wikimedia.org/w/index.php?title=Special:Redirect/file/%CE%A3%CF%85%CE%BA%CE%B1%CE%BC%CE%B9%CE%AC%20%CE%A3%CE%B5%CF%81%CE%AF%CF%86%CE%BF%CF%85%201923.jpg&width=800,candidate-report-verified,fourteenth-pass,"Exact Greek Commons filename identifies Sykamia, Serifos. Commons metadata/description and visual QA confirm the specific beach."
2095,Apokofto,Sifnos,Cyclades Sifnos Panagia Chrisopigi Vue Apokofto Plage 09092014 - panoramio.jpg,CC BY-SA 3.0,rene boulay,https://commons.wikimedia.org/wiki/File%3ACyclades%20Sifnos%20Panagia%20Chrisopigi%20Vue%20Apokofto%20Plage%2009092014%20-%20panoramio.jpg,https://commons.wikimedia.org/w/index.php?title=Special:Redirect/file/Cyclades%20Sifnos%20Panagia%20Chrisopigi%20Vue%20Apokofto%20Plage%2009092014%20-%20panoramio.jpg&width=800,candidate-report-verified,sixth-pass,Commons title identifies Apokofto Plage on Sifnos by Panagia Chrisopigi; visual QA shows the beach/bay.
2103,Paralia Fikiada,south-aegean-sifnos,"Fikiada,sifnos.jpg",CC BY-SA 4.0,Iason.nb,https://commons.wikimedia.org/wiki/File%3AFikiada%2Csifnos.jpg,https://commons.wikimedia.org/w/index.php?title=Special:Redirect/file/Fikiada%2Csifnos.jpg&width=800,candidate-report-verified,twelfth-pass,"Commons filename identifies Fikiada, Sifnos with a 94m geotag; visual QA shows the Fikiada bay/beach."
2107,Seralia,Sifnos,Cyclades Sifnos Kastro Seralia - panoramio.jpg,CC BY-SA 3.0,rene boulay,https://commons.wikimedia.org/wiki/File%3ACyclades%20Sifnos%20Kastro%20Seralia%20-%20panoramio.jpg,https://commons.wikimedia.org/w/index.php?title=Special:Redirect/file/Cyclades%20Sifnos%20Kastro%20Seralia%20-%20panoramio.jpg&width=800,candidate-report-verified,twelfth-pass,"Commons title/category identifies Kastro Seralia, Sifnos with an 89m geotag; visual QA shows the Seralia shoreline."
2114,Cherronisos,Sifnos,Cyclades Sifnos Keronisos Port - panoramio.jpg,CC BY-SA 3.0,rene boulay,https://commons.wikimedia.org/wiki/File:Cyclades_Sifnos_Keronisos_Port_-_panoramio.jpg,https://commons.wikimedia.org/w/index.php?title=Special:Redirect/file/Cyclades%20Sifnos%20Keronisos%20Port%20-%20panoramio.jpg&width=800,commons-api,,Geotagged Commons photo 58m from Cherronisos; visual QA shows the beach/port cove.
2126,Azolimnos,Syros,"Trata, Azolimnos beach.jpg",CC BY 3.0 gr,M. Ρούσσα / The original uploader was Ma,https://commons.wikimedia.org/wiki/File%3ATrata%2C%20Azolimnos%20beach.jpg,https://commons.wikimedia.org/w/index.php?title=Special:Redirect/file/Trata%2C%20Azolimnos%20beach.jpg&width=800,candidate-report-verified,eleventh-pass,"Exact Commons title and description identify Azolimnos beach, Syros; visual QA shows the coastal beach/shoreline."
2136,Kini,south-aegean-syros,Kini Syros 3.jpg,CC BY-SA 4.0,FocalPoint,https://commons.wikimedia.org/wiki/File%3AKini%20Syros%203.jpg,https://commons.wikimedia.org/w/index.php?title=Special:Redirect/file/Kini%20Syros%203.jpg&width=800,candidate-report-verified,seventh-pass,"Commons geotag is 33m from the Kini beach record and the title identifies Kini, Syros; visual QA shows the beach/bay."
2140,Megas Gialos,south-aegean-syros,Megas Gyalos Syros 1.jpg,CC BY-SA 4.0,FocalPoint,https://commons.wikimedia.org/wiki/File%3AMegas%20Gyalos%20Syros%201.jpg,https://commons.wikimedia.org/w/index.php?title=Special:Redirect/file/Megas%20Gyalos%20Syros%201.jpg&width=800,candidate-report-verified,seventh-pass,"Commons geotag is 48m from the Megas Gialos beach record and the title identifies Megas Gyalos, Syros; visual QA shows the beach."
2190,Livadi,Donousa,"Livadi beach, Donoussa, Greece",by 2.0,limitsios,https://www.flickr.com/photos/58661913@N00/35572463825,https://live.staticflickr.com/4262/35572463825_a379d1b798_b.jpg,candidate-report-verified,ninth-pass,"Exact Openverse/Flickr title identifies Livadi beach, Donoussa, Greece; visual QA shows the sandy beach and shallow water."
2215,Tsigkouri,Schinoussa,ΠΑΡΑΛΙΑ ΤΣΙΓΚΟΥΡΙ.jpg,CC BY-SA 4.0,ΚΥΡΙΑΚΗ ΤΡΙΠΟΛΙΤΣΙΩΤΗ,https://commons.wikimedia.org/wiki/File%3A%CE%A0%CE%91%CE%A1%CE%91%CE%9B%CE%99%CE%91%20%CE%A4%CE%A3%CE%99%CE%93%CE%9A%CE%9F%CE%A5%CE%A1%CE%99.jpg,https://commons.wikimedia.org/w/index.php?title=Special:Redirect/file/%CE%A0%CE%91%CE%A1%CE%91%CE%9B%CE%99%CE%91%20%CE%A4%CE%A3%CE%99%CE%93%CE%9A%CE%9F%CE%A5%CE%A1%CE%99.jpg&width=800,candidate-report-verified,second-pass,Exact Greek Commons title for Tsigkouri beach; visual QA shows a real beach/cove scene.
2277,Finiki,Karpathos,"Finiki, Karpathos. Greece.jpg",CC BY-SA 3.0,Ввласенко,"https://commons.wikimedia.org/wiki/File:Finiki,_Karpathos._Greece.jpg",https://commons.wikimedia.org/w/index.php?title=Special:Redirect/file/Finiki%2C%20Karpathos.%20Greece.jpg&width=800,commons-api,,"Exact Commons file title identifies Finiki, Karpathos; visual QA/source metadata show the beach settlement."
2286,Lakki,Karpathos,"Lakki, Karpathos.jpg",CC BY 2.0,pastitio,https://commons.wikimedia.org/wiki/File%3ALakki%2C%20Karpathos.jpg,https://commons.wikimedia.org/w/index.php?title=Special:Redirect/file/Lakki%2C%20Karpathos.jpg&width=800,candidate-report-verified,second-pass,"Exact Commons title identifies Lakki, Karpathos; visual QA shows the beach."
2415,Paralia Elli,Rhodes,"Aerial view of Elli Beach and Akti Miaouli Beach, Rhodes, Greece (51698848208).jpg",CC BY 2.0,dronepicr,https://commons.wikimedia.org/wiki/File%3AAerial%20view%20of%20Elli%20Beach%20and%20Akti%20Miaouli%20Beach%2C%20Rhodes%2C%20Greece%20(51698848208).jpg,https://commons.wikimedia.org/w/index.php?title=Special:Redirect/file/Aerial%20view%20of%20Elli%20Beach%20and%20Akti%20Miaouli%20Beach%2C%20Rhodes%2C%20Greece%20(51698848208).jpg&width=800,candidate-report-verified,twenty-sixth-pass,Commons category Elli Beach is under Beaches of Rhodes; visual QA shows Elli Beach from above.
2417,Paralia Agia Marina,Rhodes,Agia Marina Beach Rhodes 22 July 2016.jpg,CC BY-SA 4.0,Pjotr Mahhonin,https://commons.wikimedia.org/wiki/File:Agia_Marina_Beach_Rhodes_22_July_2016.jpg,https://commons.wikimedia.org/w/index.php?title=Special:Redirect/file/Agia%20Marina%20Beach%20Rhodes%2022%20July%202016.jpg&width=800,commons-api,,"Exact Commons file title, description, and category identify Agia Marina Beach, Rhodes; downloaded preview shows the beach."
2420,Paralia Afantou-Kolympia,Rhodes,Rhodos Kolymbia Beach R01.jpg,CC BY 3.0,Marc Ryckaert (MJJR),https://commons.wikimedia.org/wiki/File%3ARhodos%20Kolymbia%20Beach%20R01.jpg,https://commons.wikimedia.org/w/index.php?title=Special:Redirect/file/Rhodos%20Kolymbia%20Beach%20R01.jpg&width=800,candidate-report-verified,second-pass,"Commons title identifies Kolymbia Beach, part of the combined Afantou-Kolympia record; visual QA shows the beach."
2437,Paralia Fourni,Rhodes,Παραλία Φούρνοι - Μονόλιθος.jpg,CC BY-SA 4.0,Giapraki9,https://commons.wikimedia.org/wiki/File%3A%CE%A0%CE%B1%CF%81%CE%B1%CE%BB%CE%AF%CE%B1%20%CE%A6%CE%BF%CF%8D%CF%81%CE%BD%CE%BF%CE%B9%20-%20%CE%9C%CE%BF%CE%BD%CF%8C%CE%BB%CE%B9%CE%B8%CE%BF%CF%82.jpg,https://commons.wikimedia.org/w/index.php?title=Special:Redirect/file/%CE%A0%CE%B1%CF%81%CE%B1%CE%BB%CE%AF%CE%B1%20%CE%A6%CE%BF%CF%8D%CF%81%CE%BD%CE%BF%CE%B9%20-%20%CE%9C%CE%BF%CE%BD%CF%8C%CE%BB%CE%B9%CE%B8%CE%BF%CF%82.jpg&width=800,candidate-report-verified,second-pass,Exact Greek Commons title identifies Fourni beach near Monolithos; visual QA shows the beach.
2449,Paralia Kiotari,Rhodes,Rhodes - Kiotari-01.jpg,CC BY-SA 4.0,Wayne77,https://commons.wikimedia.org/wiki/File%3ARhodes%20-%20Kiotari-01.jpg,https://commons.wikimedia.org/w/index.php?title=Special:Redirect/file/Rhodes%20-%20Kiotari-01.jpg&width=800,candidate-report-verified,twenty-sixth-pass,Commons category Kiotari Beach is under Beaches of Rhodes; visual QA shows the beach.
2450,Paralia Kalathou,Rhodes,SeaP1080527.JPG,CC BY-SA 3.0,User:Piotrus,https://commons.wikimedia.org/wiki/File%3ASeaP1080527.JPG,https://commons.wikimedia.org/w/index.php?title=Special:Redirect/file/SeaP1080527.JPG&width=800,candidate-report-verified,twenty-eighth-pass,"Exact Commons Beach of Kalathos category matches the app alias Kalathos Beach for Paralia Kalathou; visual QA shows the pebbly beach/water, not a generic Rhodes landmark."
2452,Paralia Gennadiou,Rhodes,Παραλία Γενναδίου.jpg,CC BY-SA 4.0,ElenaDAF,https://commons.wikimedia.org/wiki/File:%CE%A0%CE%B1%CF%81%CE%B1%CE%BB%CE%AF%CE%B1_%CE%93%CE%B5%CE%BD%CE%BD%CE%B1%CE%B4%CE%AF%CE%BF%CF%85.jpg,https://commons.wikimedia.org/w/index.php?title=Special:Redirect/file/%CE%A0%CE%B1%CF%81%CE%B1%CE%BB%CE%AF%CE%B1%20%CE%93%CE%B5%CE%BD%CE%BD%CE%B1%CE%B4%CE%AF%CE%BF%CF%85.jpg&width=800,commons-api,,Exact Greek Commons file title/description identify Gennadiou beach; visual QA shows the shoreline.
2474,Agios Sergios,Tilos,Άγιος Σέργιος.jpg,CC BY-SA 4.0,Giannissp,https://commons.wikimedia.org/wiki/File%3A%CE%86%CE%B3%CE%B9%CE%BF%CF%82%20%CE%A3%CE%AD%CF%81%CE%B3%CE%B9%CE%BF%CF%82.jpg,https://commons.wikimedia.org/w/index.php?title=Special:Redirect/file/%CE%86%CE%B3%CE%B9%CE%BF%CF%82%20%CE%A3%CE%AD%CF%81%CE%B3%CE%B9%CE%BF%CF%82.jpg&width=800,candidate-report-verified,eighth-pass,Exact Commons filename identifies Agios Sergios; Commons search/category context ties the file to Tilos and visual QA shows the pebble beach.
2490,Paralia Avlakia,Pserimos,Pserimos 1.jpg,CC BY-SA 3.0,kallerna,https://commons.wikimedia.org/wiki/File%3APserimos%201.jpg,https://commons.wikimedia.org/w/index.php?title=Special:Redirect/file/Pserimos%201.jpg&width=800,candidate-report-verified,twenty-fifth-pass,Commons geotag is 107m from Paralia Avlakia on Pserimos; visual QA shows the beach and bay.
2500,Marathi,Marathi,Kato Marathi - panoramio (9).jpg,CC BY 3.0,Tanya Dedyukhina,https://commons.wikimedia.org/wiki/File%3AKato%20Marathi%20-%20panoramio%20(9).jpg,https://commons.wikimedia.org/w/index.php?title=Special:Redirect/file/Kato%20Marathi%20-%20panoramio%20(9).jpg&width=800,candidate-report-verified,twenty-fifth-pass,"Commons title identifies Kato Marathi; visual QA shows the beach area, not a generic Marathi-language false positive."
2502,Akoli,Achaia,Akoli1.JPG,CC BY-SA 4.0,Tony Esopi,https://commons.wikimedia.org/wiki/File%3AAkoli1.JPG,https://commons.wikimedia.org/w/index.php?title=Special:Redirect/file/Akoli1.JPG&width=800,candidate-report-verified,fifteenth-pass,"Commons description identifies Akoli beach at Rododafni, Achaia; visual QA shows the shore/beach."
2508,Paralia Akratas,Achaia,"Paralia Akratas or Krathi, Achaia, 06-07-2008.jpg",CC BY-SA 4.0,Enpatrais (όνομα χρήστη στη Βικιπαίδεια) / Enpatrais at Greek Wikipedia,https://commons.wikimedia.org/wiki/File%3AParalia%20Akratas%20or%20Krathi%2C%20Achaia%2C%2006-07-2008.jpg,https://commons.wikimedia.org/w/index.php?title=Special:Redirect/file/Paralia%20Akratas%20or%20Krathi%2C%20Achaia%2C%2006-07-2008.jpg&width=800,candidate-report-verified,fifteenth-pass,Commons title and description identify Paralia Akratas/Krathi in Achaia; visual QA shows the beach.
2512,Paralia Kalogrias,Achaia,Παραλία Καλογριάς - Kalogria Beach.jpg,CC BY-SA 4.0,Argymeg,https://commons.wikimedia.org/wiki/File%3A%CE%A0%CE%B1%CF%81%CE%B1%CE%BB%CE%AF%CE%B1%20%CE%9A%CE%B1%CE%BB%CE%BF%CE%B3%CF%81%CE%B9%CE%AC%CF%82%20-%20Kalogria%20Beach.jpg,https://commons.wikimedia.org/w/index.php?title=Special:Redirect/file/%CE%A0%CE%B1%CF%81%CE%B1%CE%BB%CE%AF%CE%B1%20%CE%9A%CE%B1%CE%BB%CE%BF%CE%B3%CF%81%CE%B9%CE%AC%CF%82%20-%20Kalogria%20Beach.jpg&width=800,candidate-report-verified,seventeenth-pass,Commons filename/category identify Paralia Kalogrias / Kalogria Beach; visual QA shows the sandy beach.
2601,Paralia Votsi,Alonissos,"Aerial view of Votsi, Alonnisos, Greece (51695772481).jpg",CC BY 2.0,dronepicr,https://commons.wikimedia.org/wiki/File%3AAerial%20view%20of%20Votsi%2C%20Alonnisos%2C%20Greece%20(51695772481).jpg,https://commons.wikimedia.org/w/index.php?title=Special:Redirect/file/Aerial%20view%20of%20Votsi%2C%20Alonnisos%2C%20Greece%20(51695772481).jpg&width=800,candidate-report-verified,twenty-fifth-pass,"Commons title identifies Votsi, Alonnisos and geotag is near the beach; visual QA shows the cove/beach."
2607,Rousoum Gialos,Alonissos,"Aerial view of Rousoum Gialos Beach, Alonnisos, Greece (51696451089).jpg",CC BY 2.0,dronepicr,https://commons.wikimedia.org/wiki/File%3AAerial%20view%20of%20Rousoum%20Gialos%20Beach%2C%20Alonnisos%2C%20Greece%20(51696451089).jpg,https://commons.wikimedia.org/w/index.php?title=Special:Redirect/file/Aerial%20view%20of%20Rousoum%20Gialos%20Beach%2C%20Alonnisos%2C%20Greece%20(51696451089).jpg&width=800,candidate-report-verified,seventh-pass,"Exact Commons title identifies Rousoum Gialos Beach, Alonnisos and the geotag is close to the beach record; visual QA shows the beach/shoreline."
2672,Sykitsa (Sourpi),Pelion / Magnesia,"Unnamed Road, Almiros 370 08, Greece - panoramio.jpg",CC BY 3.0,Thanos Hrisikos,https://commons.wikimedia.org/wiki/File%3AUnnamed%20Road%2C%20Almiros%20370%2008%2C%20Greece%20-%20panoramio.jpg,https://commons.wikimedia.org/w/index.php?title=Special:Redirect/file/Unnamed%20Road%2C%20Almiros%20370%2008%2C%20Greece%20-%20panoramio.jpg&width=800,candidate-report-verified,third-pass,Commons geotag 17m at the beach coordinate; visual QA shows the small beach/cove rather than a generic inland view.
2673,Agii Saranta,Pelion / Magnesia,Agii Saranta 1.JPG,CC BY-SA 4.0,Andreas Routsias,https://commons.wikimedia.org/wiki/File%3AAgii%20Saranta%201.JPG,https://commons.wikimedia.org/w/index.php?title=Special:Redirect/file/Agii%20Saranta%201.JPG&width=800,candidate-report-verified,third-pass,Exact Commons title Agii Saranta and geotag near the beach; visual QA shows the beach with umbrellas.
2687,Kastri,Magnesia (Pelion),"Floisvos (waves crashing on sand), Kastri, South Pelion.jpg",CC BY-SA 4.0,Jnkar,https://commons.wikimedia.org/wiki/File%3AFloisvos%20(waves%20crashing%20on%20sand)%2C%20Kastri%2C%20South%20Pelion.jpg,https://commons.wikimedia.org/w/index.php?title=Special:Redirect/file/Floisvos%20(waves%20crashing%20on%20sand)%2C%20Kastri%2C%20South%20Pelion.jpg&width=800,candidate-report-verified,thirteenth-pass,"Commons title identifies Kastri, South Pelion and category places it under Beaches of Pelion; visual QA shows the beach shoreline."
2697,Mikro,Pelion,Παραλία Μικρό Πηλίου.jpg,CC BY-SA 4.0,Maria Michali,https://commons.wikimedia.org/wiki/File:%CE%A0%CE%B1%CF%81%CE%B1%CE%BB%CE%AF%CE%B1_%CE%9C%CE%B9%CE%BA%CF%81%CF%8C_%CE%A0%CE%B7%CE%BB%CE%AF%CE%BF%CF%85.jpg,https://commons.wikimedia.org/w/index.php?title=Special:Redirect/file/%CE%A0%CE%B1%CF%81%CE%B1%CE%BB%CE%AF%CE%B1%20%CE%9C%CE%B9%CE%BA%CF%81%CF%8C%20%CE%A0%CE%B7%CE%BB%CE%AF%CE%BF%CF%85.jpg&width=800,fallback-local-candidate-report,,"Exact Greek Commons file title identifies Mikro beach, Pelion; visual QA shows the beach."
2702,Damouchari,Pelion / Magnesia,Παραλία Νταμούχαρη 02.jpg,CC BY-SA 4.0,Spirosparas,https://commons.wikimedia.org/wiki/File%3A%CE%A0%CE%B1%CF%81%CE%B1%CE%BB%CE%AF%CE%B1%20%CE%9D%CF%84%CE%B1%CE%BC%CE%BF%CF%8D%CF%87%CE%B1%CF%81%CE%B7%2002.jpg,https://commons.wikimedia.org/w/index.php?title=Special:Redirect/file/%CE%A0%CE%B1%CF%81%CE%B1%CE%BB%CE%AF%CE%B1%20%CE%9D%CF%84%CE%B1%CE%BC%CE%BF%CF%8D%CF%87%CE%B1%CF%81%CE%B7%2002.jpg&width=800,candidate-report-verified,third-pass,Exact Greek Commons title Paralia Damouchari; visual QA shows the beach and cove.
2725,Chorevto,Pelion / Magnesia,"Horefto, Beach - panoramio.jpg",CC BY-SA 3.0,manfred matticka,https://commons.wikimedia.org/wiki/File%3AHorefto%2C%20Beach%20-%20panoramio.jpg,https://commons.wikimedia.org/w/index.php?title=Special:Redirect/file/Horefto%2C%20Beach%20-%20panoramio.jpg&width=800,candidate-report-verified,third-pass,"Commons title Horefto, Beach identifies Chorevto/Horefto beach; visual QA shows the beach."
3000,Kleftiko,Milos,"Sea caves at Kleftiko on Milos Island, Greece.jpg",CC BY 2.0,dronepicr,https://commons.wikimedia.org/wiki/File%3ASea%20caves%20at%20Kleftiko%20on%20Milos%20Island%2C%20Greece.jpg,https://commons.wikimedia.org/w/index.php?title=Special:Redirect/file/Sea%20caves%20at%20Kleftiko%20on%20Milos%20Island%2C%20Greece.jpg&width=800,candidate-report-verified,sixth-pass,Exact Commons title identifies the sea caves at Kleftiko on Milos; Commons geotag is 185m from the beach/swim-spot record and visual QA shows Kleftiko water and rock formations.
3009,Nea Roda,Halkidiki,Nea Roda beach,by-sa 4.0,Tomisti,https://commons.wikimedia.org/w/index.php?curid=83486790,https://upload.wikimedia.org/wikipedia/commons/6/6d/Nea_Roda_beach.jpg,candidate-report-verified,second-pass,"Wikimedia/Openverse title and Commons page identify Nea Roda beach, Chalkidiki."
3020,Agios Andreas,Messinia,"Agios Andreas, Messinia, Greece.jpg",CC BY-SA 4.0,PetrosZtn,https://commons.wikimedia.org/wiki/File%3AAgios%20Andreas%2C%20Messinia%2C%20Greece.jpg,https://commons.wikimedia.org/w/index.php?title=Special:Redirect/file/Agios%20Andreas%2C%20Messinia%2C%20Greece.jpg&width=800,candidate-report-verified,twenty-second-pass,"Commons title identifies Agios Andreas, Messinia, and visual QA shows the beach/harbor shore at the settlement."
3049,PDE Lakkopetra,Achaia,Lakopetra - panoramio - dims321 (1).jpg,CC BY 3.0,dims321,https://commons.wikimedia.org/wiki/File%3ALakopetra%20-%20panoramio%20-%20dims321%20(1).jpg,https://commons.wikimedia.org/w/index.php?title=Special:Redirect/file/Lakopetra%20-%20panoramio%20-%20dims321%20(1).jpg&width=800,candidate-report-verified,seventeenth-pass,Commons filename/category identify Lakopetra in Dytiki Achaia; visual QA shows the beach.
3055,Dimitrani,Salamina,Dimitrani.jpg,CC BY-SA 3.0,C messier,https://commons.wikimedia.org/wiki/File%3ADimitrani.jpg,https://commons.wikimedia.org/w/index.php?title=Special:Redirect/file/Dimitrani.jpg&width=800,candidate-report-verified,eighth-pass,Exact Commons title identifies Dimitrani; visual QA shows the beach/shoreline at the Dimitrani settlement.
3056,Kaki Vigla,Salamina,Kaki vigla 02.JPG,Public domain,Papatrexas at English Wikipedia,https://commons.wikimedia.org/wiki/File%3AKaki%20vigla%2002.JPG,https://commons.wikimedia.org/w/index.php?title=Special:Redirect/file/Kaki%20vigla%2002.JPG&width=800,candidate-report-verified,eighth-pass,"Commons file description identifies another view of Kaki Vigla Beach, Salamina; visual QA shows the Kaki Vigla shoreline."
3059,Perani,Salamina,"Perani, Salamis.jpg",CC BY-SA 3.0,C messier,https://commons.wikimedia.org/wiki/File%3APerani%2C%20Salamis.jpg,https://commons.wikimedia.org/w/index.php?title=Special:Redirect/file/Perani%2C%20Salamis.jpg&width=800,candidate-report-verified,eighth-pass,"Exact Commons title identifies Perani, Salamis; Commons category context lists it under beaches of Salamina and visual QA shows the beach."
3061,Charoupias,Salamina,Paralia xaroupia - panoramio.jpg,CC BY 3.0,mike-gate-7,https://commons.wikimedia.org/wiki/File:Paralia_xaroupia_-_panoramio.jpg,https://commons.wikimedia.org/w/index.php?title=Special:Redirect/file/Paralia%20xaroupia%20-%20panoramio.jpg&width=800,fallback-local-candidate-report,,Geotagged Commons photo within 17m of the beach and exact beach-like filename; visual QA shows the beach.
3085,Paralia Lalarias,Skiathos,"2012-07-13. Λαλάρια, Σκιάθος (3).jpg",CC BY-SA 4.0,VasilisGkitersos,https://commons.wikimedia.org/wiki/File%3A2012-07-13.%20%CE%9B%CE%B1%CE%BB%CE%AC%CF%81%CE%B9%CE%B1%2C%20%CE%A3%CE%BA%CE%B9%CE%AC%CE%B8%CE%BF%CF%82%20(3).jpg,https://commons.wikimedia.org/w/index.php?title=Special:Redirect/file/2012-07-13.%20%CE%9B%CE%B1%CE%BB%CE%AC%CF%81%CE%B9%CE%B1%2C%20%CE%A3%CE%BA%CE%B9%CE%AC%CE%B8%CE%BF%CF%82%20(3).jpg&width=800,candidate-report-verified,twenty-fifth-pass,Commons category Lalaria Beach (Skiathos) and exact Greek title identify Lalaria; visual QA shows the beach and cliffs.
3087,Chrysi Milia,Alonissos,"Top-down aerial of Chrisi Milia Beach, Alonnisos, Greece (51696661665).jpg",CC BY 2.0,dronepicr,https://commons.wikimedia.org/wiki/File:Top-down_aerial_of_Chrisi_Milia_Beach%2C_Alonnisos%2C_Greece_(51696661665).jpg,https://commons.wikimedia.org/w/index.php?title=Special:Redirect/file/Top-down%20aerial%20of%20Chrisi%20Milia%20Beach%2C%20Alonnisos%2C%20Greece%20(51696661665).jpg&width=800,fallback-local-candidate-report,,"Exact Commons file title identifies Chrisi Milia Beach, Alonnisos; visual QA shows the beach."
3088,Mykoniatika,Halkidiki,Paralia Mykoniatika.jpg,Attribution,Lemur12,https://commons.wikimedia.org/wiki/File%3AParalia%20Mykoniatika.jpg,https://commons.wikimedia.org/w/index.php?title=Special:Redirect/file/Paralia%20Mykoniatika.jpg&width=800,candidate-report-verified,fourteenth-pass,"Commons description identifies the beach in Mykoniatika, Chalkidiki; visual QA shows the beach."
3089,Sfagia,Rethymno / Crete,Panormo le Port - panoramio.jpg,CC BY 3.0,mcfr,https://commons.wikimedia.org/wiki/File%3APanormo%20le%20Port%20-%20panoramio.jpg,https://commons.wikimedia.org/w/index.php?title=Special:Redirect/file/Panormo%20le%20Port%20-%20panoramio.jpg&width=800,candidate-report-verified,fifth-pass,Commons geotag 6m at the Sfagia/Panormo beach coordinate; visual QA shows the small beach/harbor shoreline.
3099,Akoli (Kerkyra),Corfu,Corfu September 2009 - Acoli Beach - panoramio.jpg,CC BY 3.0,maczopikczu,https://commons.wikimedia.org/wiki/File:Corfu_September_2009_-_Acoli_Beach_-_panoramio.jpg,https://commons.wikimedia.org/w/index.php?title=Special:Redirect/file/Corfu%20September%202009%20-%20Acoli%20Beach%20-%20panoramio.jpg&width=800,fallback-local-candidate-report,,"Exact Commons file title identifies Acoli/Akoli Beach, Corfu; visual QA shows the beach."
3103,Paralia Kalami (Kerkyra),Corfu,Beach in town Kalami at Corfu.jpg,CC BY-SA 4.0,Kubajdaa22cz,https://commons.wikimedia.org/wiki/File%3ABeach%20in%20town%20Kalami%20at%20Corfu.jpg,https://commons.wikimedia.org/w/index.php?title=Special:Redirect/file/Beach%20in%20town%20Kalami%20at%20Corfu.jpg&width=800,candidate-report-verified,thirteenth-pass,"Exact Commons title identifies the beach in Kalami, Corfu; visual QA shows the beach/cove."
3105,Skala (Kefalonia),Kefalonia,Skala Beach in Kefalonia,by 2.0,alanlambphotography,https://www.flickr.com/photos/97571734@N02/36411359903,https://live.staticflickr.com/4345/36411359903_d182543f87_b.jpg,candidate-report-verified,third-pass,Openverse/Flickr CC photo title identifies Skala Beach in Kefalonia; visual QA shows the sandy beach with umbrellas.
3113,Plaka (Chora Skopelou),Skopelos,Two boats on the sand shore (Unsplash).jpg,CC0,Nikola Radojcic nikolor,https://commons.wikimedia.org/wiki/File%3ATwo%20boats%20on%20the%20sand%20shore%20(Unsplash).jpg,https://commons.wikimedia.org/w/index.php?title=Special:Redirect/file/Two%20boats%20on%20the%20sand%20shore%20(Unsplash).jpg&width=800,candidate-report-verified,twenty-fifth-pass,Commons geotag is 79m from Plaka (Chora Skopelou); visual QA shows boats on the sandy shore.
